月,产品线,SKU,实际,direct,alloc
2026-03,POE电源管理,TME7313C,121871.6,63002.030000000006,73607.05304304275
2026-04,POE电源管理,TME7313C,116867.23000000001,82172.07666666666,98855.70312935827
2026-05,POE电源管理,TME7313C,279979.09,96439.62833333334,132083.25700496093
2026-06,POE电源管理,TME7313C,237208.66,126705.18000000001,175851.63664757213
2026-07,POE电源管理,TME7313C,267391.14,157147.03833333336,202161.7861959409
2026-08,POE电源管理,TME7313C,267245.83,188075.06333333335,214493.129731349
2026-05,POE电源管理,TME7352,1099114.8,105722.68833333335,233591.05297074676
2026-06,POE电源管理,TME7352,99469.01,288908.48833333334,578780.4781051261
2026-07,POE电源管理,TME7352,692035.25,303775.74333333335,492536.41169121227
2026-08,POE电源管理,TME7352,226548.62,416460.08499999996,516869.37346624397
2025-08,POE电源管理,TME7624,14159.29,161955.95500000002,221231.950642598
2025-09,POE电源管理,TME7624,33801.76,164315.8366666667,210059.80060002592
2025-10,POE电源管理,TME7624,955.75,153332.94666666668,210630.62618900457
2025-11,POE电源管理,TME7624,217256.62,153402.56333333335,15009.495195477533
2025-12,POE电源管理,TME7624,929.2,173620.32166666668,82575.46048411813
2026-01,POE电源管理,TME7624,74336.28,160005.27833333335,69579.17984749073
2026-02,POE电源管理,TME7624,49557.51999999999,56906.48333333334,85066.36680333552
2026-03,POE电源管理,TME7624,199646.01,62806.18833333333,38042.867651566994
2026-04,POE电源管理,TME7624,-160670.76,90446.89666666667,103565.19836863161
2026-05,POE电源管理,TME7624,179564.24000000002,63509.145,34006.0079225268
2026-06,POE电源管理,TME7624,290752.2,57227.081666666665,74087.52523650181
2026-07,POE电源管理,TME7624,16495.579999999998,105530.915,98727.28033246695
2026-08,POE电源管理,TME7624,188190.19999999998,95890.79833333332,133087.74310845922
2025-08,POE电源管理,TME7628S,6637.17,94464.88333333335,137888.9716994864
2025-09,POE电源管理,TME7628S,87610.60999999999,95387.89166666666,127607.85800439742
2025-10,POE电源管理,TME7628S,54690.270000000004,108986.71,106497.02952580704
2025-11,POE电源管理,TME7628S,37801.759999999995,115353.96666666667,45699.73804293806
2025-12,POE电源管理,TME7628S,405929.14,109972.84666666668,59012.79595872403
2026-01,POE电源管理,TME7628S,262831.83,145503.815,158252.65935270407
2026-02,POE电源管理,TME7628S,0.0,142583.46333333335,205470.71267349072
2026-03,POE电源管理,TME7628S,214088.46,141477.26833333334,203821.29152675043
2026-04,POE电源管理,TME7628S,87610.61,162556.91,152662.33988291986
2026-05,POE电源管理,TME7628S,230442.44,168043.63333333333,115884.5585045963
2026-06,POE电源管理,TME7628S,297876.06,200150.41333333333,180402.3957021002
2026-07,POE电源管理,TME7628S,633480.43,182141.56666666668,196382.54248500048
2026-08,POE电源管理,TME7628S,630238.84,243916.33333333334,317619.9255300286
2025-01,POE电源管理,TMI7301,35840.68,224843.84,216972.76566309217
2025-02,POE电源管理,TMI7301,2389.3799999999997,196854.18499999994,202486.75117310436
2025-03,POE电源管理,TMI7301,55619.399999999994,154785.21333333335,148991.19171705653
2025-04,POE电源管理,TMI7301,139265.32,136081.7,31664.761291669703
2025-05,POE电源管理,TMI7301,139380.37,152923.8633333333,68410.04586570847
2025-06,POE电源管理,TMI7301,73460.11,149874.4566666667,98249.22878926323
2025-07,POE电源管理,TMI7301,296415.58,74325.87666666666,91051.47748868265
2025-08,POE电源管理,TMI7301,101017.59,117755.02666666666,129275.84062198234
2025-09,POE电源管理,TMI7301,59495.51,134193.06166666668,125256.1371442604
2025-10,POE电源管理,TMI7301,168159.11000000002,134839.08,129902.09208101887
2025-11,POE电源管理,TMI7301,127831.72,139654.71166666667,100848.86903644522
2025-12,POE电源管理,TMI7301,223274.08,137729.93666666668,116479.37447520813
2026-01,POE电源管理,TMI7301,266681.12,162698.93166666667,164870.71148290616
2026-02,POE电源管理,TMI7301,69504.33,157743.18833333332,179654.42181299426
2026-03,POE电源管理,TMI7301,59468.96,152490.97833333333,170508.99959300668
2026-04,POE电源管理,TMI7301,343911.17,152486.55333333332,126649.10527416672
2026-05,POE电源管理,TMI7301,228052.81,181778.56333333332,181637.9708123874
2026-06,POE电源管理,TMI7301,651822.21,198482.07833333334,214063.38908088655
2026-07,POE电源管理,TMI7301,512707.35,269906.76666666666,390191.4027902202
2026-08,POE电源管理,TMI7301,13444.22,310911.13833333337,380712.95921561116
2025-01,POE电源管理,TMI7302A,67513.16,87786.065,95205.65990375537
2025-02,POE电源管理,TMI7302A,19115.04,88224.10166666667,84089.08217465793
2025-03,POE电源管理,TMI7302A,30690.23,77060.38833333334,54291.49806291464
2025-04,POE电源管理,TMI7302A,16619.45,72401.09333333334,39583.18013831366
2025-05,POE电源管理,TMI7302A,40672.51,60923.23833333332,23034.53997162751
2025-06,POE电源管理,TMI7302A,8548.66,48976.35333333334,25860.260533609504
2025-07,POE电源管理,TMI7302A,58778.67,30526.508333333335,17025.80795252708
2025-08,POE电源管理,TMI7302A,58619.380000000005,29070.76,27416.011707429836
2025-09,POE电源管理,TMI7302A,19539.81,35654.81666666667,33501.43026171109
2025-10,POE电源管理,TMI7302A,18690.25,33796.41333333334,38930.61494651128
2025-11,POE电源管理,TMI7302A,53787.55,34141.54666666667,29717.01346704383
2025-12,POE电源管理,TMI7302A,17097.32,36327.386666666665,30150.6765449937
2026-01,POE电源管理,TMI7302A,15876.08,37752.16333333334,28440.80830643206
2026-02,POE电源管理,TMI7302A,26867.22,30601.731666666663,25230.363097030455
2026-03,POE电源管理,TMI7302A,3079.65,25309.704999999998,18237.895154320224
2026-04,POE电源管理,TMI7302A,3663.7200000000003,22566.344999999998,14667.941192726445
2026-05,POE电源管理,TMI7302A,32973.39,20061.923333333332,12910.04438041191
2026-06,POE电源管理,TMI7302A,1725.66,16592.896666666667,13464.461085784016
2026-07,POE电源管理,TMI7302A,6371.68,14030.953333333333,12231.567216180612
2026-08,POE电源管理,TMI7302A,0.0,12446.886666666667,11228.175433131024
2025-01,POE电源管理,TMI7302D,382074.96,64426.198333333334,72062.57047239786
2025-02,POE电源管理,TMI7302D,0.0,128105.35833333334,174217.47920705457
2025-03,POE电源管理,TMI7302D,249557.39,128105.35833333334,162934.0319478091
2025-04,POE电源管理,TMI7302D,338654.7,145273.50666666668,213112.44184938702
2025-05,POE电源管理,TMI7302D,509097.1,201320.67666666667,203978.20117118387
2025-06,POE电源管理,TMI7302D,663822.6900000001,285860.4583333333,322527.79271945846
2025-07,POE电源管理,TMI7302D,318185.69,357201.13999999996,390879.9305455973
2025-08,POE电源管理,TMI7302D,1685307.48,346552.9283333333,378520.6098147255
2025-09,POE电源管理,TMI7302D,1000361.19,627437.5083333333,709497.6619059439
2025-10,POE电源管理,TMI7302D,818194.38,752571.475,853977.8366958493
2025-11,POE电源管理,TMI7302D,1225115.89,832494.755,1075115.6170188207
2025-12,POE电源管理,TMI7302D,611945.98,951831.2200000001,997295.5578795051
2026-01,POE电源管理,TMI7302D,1476185.17,943185.1016666666,843064.8377663982
2026-02,POE电源管理,TMI7302D,597345.0,1136185.015,963502.887524415
2026-03,POE电源管理,TMI7302D,597345.0,954857.9349999999,818464.6560000135
2026-04,POE电源管理,TMI7302D,0.0,887688.57,854948.0102584675
2026-05,POE电源管理,TMI7302D,597345.0,751322.84,458888.1337945661
2026-06,POE电源管理,TMI7302D,0.0,646694.3583333333,405014.3318481997
2026-07,POE电源管理,TMI7302D,1194690.0,544703.3616666667,190457.19375189557
2026-08,POE电源管理,TMI7302D,0.0,497787.5,489917.8408153679
2026-03,POE电源管理,TMI7302E,97380.4,73779.84833333334,85875.6317552628
2026-04,POE电源管理,TMI7302E,96371.54999999999,83801.95666666667,58960.69372636104
2026-05,POE电源管理,TMI7302E,36106.149999999994,90934.68999999999,96753.89865619937
2026-06,POE电源管理,TMI7302E,955.75,85270.97833333332,77924.67066050328
2026-07,POE电源管理,TMI7302E,6230.08,52937.97833333333,42543.857301281285
2026-08,POE电源管理,TMI7302E,955.75,49197.57166666666,11835.434780136597
2025-10,POE电源管理,TMI7303A,20973.45,30979.353333333336,31710.10685378994
2025-11,POE电源管理,TMI7303A,4424.78,27483.776666666672,19208.553422206474
2025-12,POE电源管理,TMI7303A,45707.96000000001,25890.85666666667,9058.550931462214
2026-01,POE电源管理,TMI7303A,57659.280000000006,30441.003333333338,22576.777113898774
2026-02,POE电源管理,TMI7303A,40044.240000000005,28398.965,31346.26584381994
2026-03,POE电源管理,TMI7303A,8407.08,28509.583333333332,43708.162384779636
2026-04,POE电源管理,TMI7303A,150.44,29536.131666666668,33966.037558143216
2026-05,POE电源管理,TMI7303A,6272.57,26065.63,18668.249458463193
2026-06,POE电源管理,TMI7303A,68707.96,26373.595000000005,5027.57953326693
2026-07,POE电源管理,TMI7303A,3982.3,30206.928333333333,23954.7224971463
2026-08,POE电源管理,TMI7303A,47902.65,21260.765000000003,21587.356931237922
2025-06,POE电源管理,TMI7303B,31900.51,31287.079999999998,37053.59479907154
2025-07,POE电源管理,TMI7303B,0.0,32754.058333333338,27496.04595861031
2025-08,POE电源管理,TMI7303B,7911.5,29110.376666666667,13509.170934236532
2025-09,POE电源管理,TMI7303B,9292.029999999999,27646.056666666667,10589.869926682042
2025-10,POE电源管理,TMI7303B,39152.65,20588.946666666667,4890.860731654162
2025-11,POE电源管理,TMI7303B,20442.48,18262.138333333332,17292.17391459513
2025-12,POE电源管理,TMI7303B,8628.31,18116.528333333332,22571.706429489186
2026-01,POE电源管理,TMI7303B,13053.1,14237.828333333333,21661.48121314679
2026-02,POE电源管理,TMI7303B,26548.67,16413.345,12249.762592034438
2026-03,POE电源管理,TMI7303B,13274.329999999998,19519.54,14699.298608946176
2026-04,POE电源管理,TMI7303B,8849.56,20183.256666666668,16925.656800811004
2026-05,POE电源管理,TMI7303B,30973.429999999997,15132.741666666667,18695.44419506654
2026-06,POE电源管理,TMI7303B,15796.46,16887.899999999998,18000.632450870144
2026-07,POE电源管理,TMI7303B,12433.619999999999,18082.591666666664,17733.67880374636
2026-08,POE电源管理,TMI7303B,0.0,17979.344999999998,16185.429295683978
2025-02,POE电源管理,TMI7303C,28538.02,62996.43666666667,64344.682840889785
2025-03,POE电源管理,TMI7303C,29339.48,53617.02,57771.52847102191
2025-04,POE电源管理,TMI7303C,62278.130000000005,53130.151666666665,67555.45474987266
2025-05,POE电源管理,TMI7303C,51238.89,58172.86666666667,41667.163400178215
2025-06,POE电源管理,TMI7303C,72830.92,60321.47833333333,41989.25156238536
2025-07,POE电源管理,TMI7303C,54955.7,64428.645,48187.94596389036
2025-08,POE电源管理,TMI7303C,22831.84,49863.52333333334,45446.043976441055
2025-09,POE电源管理,TMI7303C,33654.92,48912.49333333334,40064.03846369882
2025-10,POE电源管理,TMI7303C,19412.379999999997,49631.73333333334,31682.425144894078
2025-11,POE电源管理,TMI7303C,64247.729999999996,42487.44166666667,23288.681540306734
2025-12,POE电源管理,TMI7303C,70946.0,44655.581666666665,38439.68044156148
2026-01,POE电源管理,TMI7303C,109592.88,44341.42833333334,49088.6614219791
2026-02,POE电源管理,TMI7303C,19115.04,53447.625,71184.7328964377
2026-03,POE电源管理,TMI7303C,32522.11,52828.15833333333,60849.424021827275
2026-04,POE电源管理,TMI7303C,95208.8,52639.35666666666,51609.78502129437
2026-05,POE电源管理,TMI7303C,104354.29,65272.09333333332,56404.47643387838
2026-06,POE电源管理,TMI7303C,56660.16,71956.52,78679.6844452166
2026-07,POE电源管理,TMI7303C,82290.20999999999,69575.54666666668,81694.09833344279
2026-08,POE电源管理,TMI7303C,21589.36,65025.10166666666,66516.16385144107
2025-01,POE电源管理,TMI7321,66106.18000000001,90848.50166666666,111118.98843024552
2025-02,POE电源管理,TMI7321,29203.54,96411.33333333333,101280.16942753387
2025-03,POE电源管理,TMI7321,48079.63,99130.50833333335,90804.83719952744
2025-04,POE电源管理,TMI7321,69292.03,85579.62833333334,48379.495625416275
2025-05,POE电源管理,TMI7321,138672.55000000002,84473.43666666666,50828.85262067039
2025-06,POE电源管理,TMI7321,45132.740000000005,100063.40833333334,75258.07187479902
2025-07,POE电源管理,TMI7321,109115.04,66081.11166666668,65448.75129698491
2025-08,POE电源管理,TMI7321,220672.52,73249.25499999999,74358.51012949846
2025-09,POE电源管理,TMI7321,97433.61,105160.75166666666,99727.62515312864
2025-10,POE电源管理,TMI7321,231358.36000000002,113386.415,121456.42458753216
2025-11,POE电源管理,TMI7321,143269.89,140397.47,168596.15965763322
2025-12,POE电源管理,TMI7321,267637.1,141163.69333333333,154676.74557172373
2026-01,POE电源管理,TMI7321,210438.16,178247.75333333333,203924.32297286898
2026-02,POE电源管理,TMI7321,312477.82,195134.93999999997,180689.16653262617
2026-03,POE电源管理,TMI7321,169607.94,210435.82333333333,240940.42118823185
2026-04,POE电源管理,TMI7321,177212.36,222464.87833333333,221677.13194188484
2026-05,POE电源管理,TMI7321,95693.61,213440.545,253240.6598373351
2026-06,POE电源管理,TMI7321,11823.0,205511.165,150017.55735143376
2026-07,POE电源管理,TMI7321,95105.28,162875.48166666666,90782.84844782774
2026-08,POE电源管理,TMI7321,106108.40000000001,143653.335,55394.05137217129
2025-01,POE电源管理,TMI7604R,41017.7,164367.76833333334,159536.28360097713
2025-02,POE电源管理,TMI7604R,24283.190000000002,142103.0483333333,110522.53039275421
2025-03,POE电源管理,TMI7604R,164680.48,123226.35333333332,88408.12133048498
2025-04,POE电源管理,TMI7604R,144690.26,126887.74666666666,77595.60025791483
2025-05,POE电源管理,TMI7604R,159064.75,121132.585,115703.38252499384
2025-06,POE电源管理,TMI7604R,353705.25,133947.21166666667,137685.40899685526
2025-07,POE电源管理,TMI7604R,165221.22,147906.93833333332,170013.46772218304
2025-08,POE电源管理,TMI7604R,261805.27,168607.525,172109.6552092544
2025-09,POE电源管理,TMI7604R,352256.58999999997,208194.53833333333,207672.1967625383
2025-10,POE电源管理,TMI7604R,283738.93,239457.2233333333,221545.5208794072
2025-11,POE电源管理,TMI7604R,399989.95,262632.00166666665,275478.7035129226
2025-12,POE电源管理,TMI7604R,309426.95,302786.20166666666,339453.09828502685
2026-01,POE电源管理,TMI7604R,353601.73,295406.485,315334.822654387
2026-02,POE电源管理,TMI7604R,240453.77,326803.23666666663,309129.2339907282
2026-03,POE电源管理,TMI7604R,581253.21,323244.6533333333,275358.41368067986
2026-04,POE电源管理,TMI7604R,651027.37,361410.75666666665,376216.7001814413
2026-05,POE电源管理,TMI7604R,761617.96,422625.49666666664,565686.7617931458
2026-06,POE电源管理,TMI7604R,520611.95,482896.8316666666,675955.6746530071
2026-07,POE电源管理,TMI7604R,488234.98,518094.3316666667,616398.8253843636
2026-08,POE电源管理,TMI7604R,573819.54,540533.2066666667,484020.8679787045
2025-01,POE电源管理,TMI7608,89522.13,100801.90833333334,69785.76093262363
2025-02,POE电源管理,TMI7608,19256.64,115722.26333333335,70667.99453617504
2025-03,POE电源管理,TMI7608,155309.73,80838.195,62266.54884895897
2025-04,POE电源管理,TMI7608,88007.78,82752.35666666667,89103.32901622572
2025-05,POE电源管理,TMI7608,17256.64,85658.08,91054.57657467156
2025-06,POE电源管理,TMI7608,86283.18,82781.97500000002,76589.53939796046
2025-07,POE电源管理,TMI7608,86283.19,75939.35,49532.53252122285
2025-08,POE电源管理,TMI7608,189823.0,75399.52666666667,48187.0145779806
2025-09,POE电源管理,TMI7608,172566.37,103827.25333333334,96394.43703325331
2025-10,POE电源管理,TMI7608,34513.28,106703.35999999999,127554.92652233268
2025-11,POE电源管理,TMI7608,86283.19,97787.61,121784.50794506798
2025-12,POE电源管理,TMI7608,138053.09,109292.03499999999,96123.8625863108
2026-01,POE电源管理,TMI7608,259168.12,117920.35333333333,82186.78039353208
2026-02,POE电源管理,TMI7608,0.0,146734.50833333333,140604.63343257367
2026-03,POE电源管理,TMI7608,189823.0,115097.34166666666,121062.89642473984
2026-04,POE电源管理,TMI7608,34513.270000000004,117973.44666666666,143722.20348572894
2026-05,POE电源管理,TMI7608,59652.74,117973.445,86169.00809643832
2026-06,POE电源管理,TMI7608,6307.96,113535.03666666667,96275.70259848305
2026-07,POE电源管理,TMI7608,81596.26999999999,91577.515,32035.072481249776
2026-08,POE电源管理,TMI7608,103539.82,61982.206666666665,40340.055936216646
2025-01,POE电源管理,TMI7608R,39447.79,90265.625,41008.936654277306
2025-02,POE电源管理,TMI7608R,93796.72,75848.37000000001,41015.73182321433
2025-03,POE电源管理,TMI7608R,115339.71,44971.20333333333,46309.48797553827
2025-04,POE电源管理,TMI7608R,297995.56,64194.488333333335,83872.19262823576
2025-05,POE电源管理,TMI7608R,147172.57,108838.29166666667,175861.51803945884
2025-06,POE电源管理,TMI7608R,184101.76,122685.93500000001,164747.87424057882
2025-07,POE电源管理,TMI7608R,108495.56999999999,146309.01833333334,162723.68482325712
2025-08,POE电源管理,TMI7608R,175744.95,157816.98166666666,111636.61656327685
2025-09,POE电源管理,TMI7608R,226668.16,171475.02000000002,124577.57913669018
2025-10,POE电源管理,TMI7608R,58761.05,190029.76166666663,145248.28337400884
2025-11,POE电源管理,TMI7608R,180530.98,150157.34333333335,141505.39975628795
2025-12,POE电源管理,TMI7608R,195230.07,155717.07833333334,152677.46001590142
2026-01,POE电源管理,TMI7608R,219026.55000000002,157571.79666666666,137964.19978012092
2026-02,POE电源管理,TMI7608R,18969.03,175993.62666666668,172966.1456405366
2026-03,POE电源管理,TMI7608R,128203.53,149864.30666666667,132036.13169218882
2026-04,POE电源管理,TMI7608R,416668.12,133453.535,117220.45416780812
2026-05,POE电源管理,TMI7608R,72743.35,193104.71333333338,216574.84150922755
2026-06,POE电源管理,TMI7608R,273982.29,175140.10833333337,209378.94061591366
2026-07,POE电源管理,TMI7608R,75951.31,188265.4783333333,243400.10087521965
2026-08,POE电源管理,TMI7608R,220442.47,164419.60499999998,115554.09280869247
2025-01,POE电源管理,TMI7608RG,0.0,92132.73666666665,114642.2911806096
2025-02,POE电源管理,TMI7608RG,127274.33,92132.73666666665,107340.57439797462
2025-03,POE电源管理,TMI7608RG,106061.94,84849.55333333333,134253.94684368896
2025-04,POE电源管理,TMI7608RG,0.0,102526.54333333333,78727.54185520718
2025-05,POE电源管理,TMI7608RG,184460.16999999998,102526.54333333333,80915.56333463611
2025-06,POE电源管理,TMI7608RG,122973.44,133269.905,85392.02599269191
2025-07,POE电源管理,TMI7608RG,61486.72,90128.31333333334,79499.64022228387
2025-08,POE电源管理,TMI7608RG,0.0,100376.09999999999,93651.28769069361
2025-09,POE电源管理,TMI7608RG,0.0,79163.71166666667,49065.824635705605
2025-10,POE电源管理,TMI7608RG,7106.970000000001,61486.72166666666,17480.306911791624
2025-11,POE电源管理,TMI7608RG,167187.4,62671.21666666665,2180.6829569678102
2025-12,POE电源管理,TMI7608RG,57345.12,59792.42166666667,57109.64644140891
2026-01,POE电源管理,TMI7608RG,133805.3,48854.36833333334,73547.36818984654
2026-02,POE电源管理,TMI7608RG,535221.21,60907.465,104205.78970145372
2026-03,POE电源管理,TMI7608RG,-19115.039999999997,150111.0,221379.55173279755
2026-04,POE电源管理,TMI7608RG,324955.71,146925.16,208036.87284293998
2026-05,POE电源管理,TMI7608RG,0.0,199899.94999999998,323057.2922841484
2026-06,POE电源管理,TMI7608RG,573451.28,172035.3833333333,103683.67912350131
2026-07,POE电源管理,TMI7608RG,363185.82,258053.07666666666,286447.6544751983
2026-08,POE电源管理,TMI7608RG,573451.29,296283.1633333334,256063.76307358276
2025-02,POE电源管理,TMI7608S,383242.48,137002.91333333333,207404.20247780622
2025-03,POE电源管理,TMI7608S,493712.37,193310.29,251652.41311926226
2025-04,POE电源管理,TMI7608S,290003.04,272260.9066666667,431626.2178927606
2025-05,POE电源管理,TMI7608S,338900.95,317453.1533333333,404673.7142800315
2025-06,POE电源管理,TMI7608S,565884.92,346149.0366666667,329966.2300846609
2025-07,POE电源管理,TMI7608S,312477.86,412343.7216666667,308961.95274997654
2025-08,POE电源管理,TMI7608S,562962.8,397370.26999999996,309005.24179211486
2025-09,POE电源管理,TMI7608S,671442.46,427323.65666666656,383388.08852402965
2025-10,POE电源管理,TMI7608S,529380.51,456945.3383333334,439769.62333118106
2025-11,POE电源管理,TMI7608S,542920.36,496841.5833333333,541195.1321563683
2025-12,POE电源管理,TMI7608S,641707.93,530844.8183333332,571358.4728001544
2026-01,POE电源管理,TMI7608S,651238.89,543481.9866666667,544211.3358747123
2026-02,POE电源管理,TMI7608S,415752.21,599942.1583333333,533876.07615317
2026-03,POE电源管理,TMI7608S,798079.61,575407.06,520767.8957776284
2026-04,POE电源管理,TMI7608S,260973.41,596513.2516666667,597009.7406333847
2026-05,POE电源管理,TMI7608S,445239.82,551778.735,566482.2001566647
2026-06,POE电源管理,TMI7608S,507172.57,535498.645,509973.4320172019
2026-07,POE电源管理,TMI7608S,699361.05,513076.08499999996,386875.3474230116
2026-08,POE电源管理,TMI7608S,485234.57,521096.445,451572.25011842547
2025-07,POE电源管理,TMI7608SG,190778.75,66371.68,102978.8125172499
2025-08,POE电源管理,TMI7608SG,199115.04,98168.13833333332,124248.35856402076
2025-09,POE电源管理,TMI7608SG,181964.6,137867.25166666668,151378.1067653215
2025-10,POE电源管理,TMI7608SG,358407.07,161681.41166666665,162575.92155319118
2025-11,POE电源管理,TMI7608SG,358407.05,204823.00333333333,226902.05043797812
2025-12,POE电源管理,TMI7608SG,477876.1,244646.00833333333,294495.6565622978
2026-01,POE电源管理,TMI7608SG,497787.6,294424.7683333333,379323.58374277526
2026-02,POE电源管理,TMI7608SG,341681.38,345592.91,387952.0616086816
2026-03,POE电源管理,TMI7608SG,0.0,369353.9666666666,401493.1905969488
2026-04,POE电源管理,TMI7608SG,0.0,339026.53333333327,268714.2934219218
2026-05,POE电源管理,TMI7608SG,0.0,279292.02166666667,131242.02162950387
2026-06,POE电源管理,TMI7608SG,797256.55,219557.51333333334,0.0
2026-07,POE电源管理,TMI7608SG,37964.6,272787.5883333333,254196.8966230869
2026-08,POE电源管理,TMI7608SG,379645.98,196150.42166666672,228338.03045773573
2026-01,dTOF模组,TMIS7701,82212.37,35206.473333333335,30622.442187634435
2026-02,dTOF模组,TMIS7701,18584.06,46548.65333333334,43767.156375081344
2026-03,dTOF模组,TMIS7701,61946.88,43746.293333333335,38794.78452465825
2026-04,dTOF模组,TMIS7701,55752.2,41740.39666666667,47730.10423098774
2026-05,dTOF模组,TMIS7701,57300.869999999995,49867.238333333335,52976.894954274765
2026-06,dTOF模组,TMIS7701,12389.38,54933.60999999999,65384.021558696375
2026-07,dTOF模组,TMIS7701,24778.76,48030.96,48020.55424521218
2026-08,dTOF模组,TMIS7701,6194.69,38458.69166666667,39776.68693136391
2025-01,充电与控制电源管理,IM2405,160608.72999999998,111589.35666666667,140690.51575625106
2025-02,充电与控制电源管理,IM2405,98210.09,132982.1133333333,172393.6154220427
2025-03,充电与控制电源管理,IM2405,226288.31,132287.24666666664,187451.973188126
2025-04,充电与控制电源管理,IM2405,42497.340000000004,158780.92833333332,192393.84710822062
2025-05,充电与控制电源管理,IM2405,93111.28,157279.75166666665,129703.75419709834
2025-06,充电与控制电源管理,IM2405,237964.37,144064.68333333332,113768.26022551292
2025-07,充电与控制电源管理,IM2405,13716.810000000001,143113.35333333333,111595.24673618378
2025-08,充电与控制电源管理,IM2405,230044.05,118631.36666666668,113823.20169362488
2025-09,充电与控制电源管理,IM2405,197022.41999999998,140603.69333333336,159050.7607832782
2025-10,充电与控制电源管理,IM2405,154358.29,135726.045,146428.16468076746
2025-11,充电与控制电源管理,IM2405,200833.5,154369.53666666665,180866.05949792874
2025-12,充电与控制电源管理,IM2405,337302.43,172323.24,164984.86814713434
2026-01,充电与控制电源管理,IM2405,225929.03,188879.58333333334,203982.75879476647
2026-02,充电与控制电源管理,IM2405,0.0,224248.28666666665,225472.39414016446
2026-03,充电与控制电源管理,IM2405,80781.65999999999,185907.61166666666,186521.2198669257
2026-04,充电与控制电源管理,IM2405,211330.4,166534.15166666667,114433.84196564341
2026-05,充电与控制电源管理,IM2405,70234.68,176029.50333333333,108737.78854170791
2026-06,充电与控制电源管理,IM2405,104070.71,154263.03333333333,114590.16483491268
2026-07,充电与控制电源管理,IM2405,31769.920000000002,115391.08,106117.6044926399
2026-08,充电与控制电源管理,IM2405,24365.48,83031.22833333333,56496.1043252668
2025-01,充电与控制电源管理,IM2406,174136.68,162227.065,176420.48355685364
2025-02,充电与控制电源管理,IM2406,58215.899999999994,144827.81166666668,168268.797819638
2025-03,充电与控制电源管理,IM2406,160325.91999999998,144964.535,138874.58769393104
2025-04,充电与控制电源管理,IM2406,144035.66,163167.30666666667,155736.5839823575
2025-05,充电与控制电源管理,IM2406,141400.41999999998,154243.685,128142.25130603241
2025-06,充电与控制电源管理,IM2406,17548.559999999998,136339.11833333332,140132.62620007602
2025-07,充电与控制电源管理,IM2406,39953.21,115943.85666666669,90508.80701539427
2025-08,充电与控制电源管理,IM2406,58345.11,93579.94499999999,65661.77256217753
2025-09,充电与控制电源管理,IM2406,70454.28,93601.48,38249.054130648576
2025-10,充电与控制电源管理,IM2406,54851.75,78622.87333333334,56059.59804806498
2025-11,充电与控制电源管理,IM2406,74402.75,63758.88833333333,57129.07378437486
2025-12,充电与控制电源管理,IM2406,104426.41,52592.61000000001,59666.93022282977
2026-01,充电与控制电源管理,IM2406,35046.799999999996,67072.25166666666,68833.60946965237
2026-02,充电与控制电源管理,IM2406,52699.1,66254.51666666668,63113.90689899724
2026-03,充电与控制电源管理,IM2406,81254.38,65313.51499999999,63640.290416030744
2026-04,充电与控制电源管理,IM2406,106716.67,67113.53166666666,63054.05049191304
2026-05,充电与控制电源管理,IM2406,142114.76,75757.685,89588.70057950063
2026-06,充电与控制电源管理,IM2406,97581.55,87043.02,104387.82304917568
2026-07,充电与控制电源管理,IM2406,126445.06999999999,85902.21,95324.43968117372
2026-08,充电与控制电源管理,IM2406,64509.44,101135.255,100378.65090328947
2025-07,充电与控制电源管理,IM2423P,205690.81,110097.35333333332,158561.7066373365
2025-08,充电与控制电源管理,IM2423P,438791.88,142240.785,160433.84161928727
2025-09,充电与控制电源管理,IM2423P,279254.35,212195.5016666667,280693.9197642283
2025-10,充电与控制电源管理,IM2423P,318874.76,242422.26333333334,306865.3589011922
2025-11,充电与控制电源管理,IM2423P,355097.25,253817.67999999996,322559.04181306483
2025-12,充电与控制电源管理,IM2423P,382522.0,300563.08166666667,284795.14375222765
2026-01,充电与控制电源管理,IM2423P,318827.32,330038.5083333333,311203.4102031142
2026-02,充电与控制电源管理,IM2423P,307964.49,348894.5933333333,311752.9920742143
2026-03,充电与控制电源管理,IM2423P,155596.03,327090.0283333333,334247.03064302285
2026-04,充电与控制电源管理,IM2423P,184184.31,306480.30833333335,291909.11617198965
2026-05,充电与控制电源管理,IM2423P,77865.71,284031.9,241120.96006417723
2026-06,充电与控制电源管理,IM2423P,387830.75,237826.64333333334,132078.2676619367
2026-07,充电与控制电源管理,IM2423P,197555.81,238711.43500000003,178831.40597046836
2026-08,充电与控制电源管理,IM2423P,171185.82,218499.5166666667,181832.40602617568
2025-01,充电与控制电源管理,IM2603,78106.16,222532.25,190621.54117687745
2025-02,充电与控制电源管理,IM2603,164893.74,189083.14833333332,149733.22504933836
2025-03,充电与控制电源管理,IM2603,203150.36,190697.87999999998,205168.2343275998
2025-04,充电与控制电源管理,IM2603,202114.96,179945.36000000002,176943.52360834787
2025-05,充电与控制电源管理,IM2603,255597.25,178506.56499999997,201505.8010523191
2025-06,充电与控制电源管理,IM2603,179701.29,201807.44166666665,207753.03298942393
2025-07,充电与控制电源管理,IM2603,204849.44,180593.96,190410.75963622122
2025-08,充电与控制电源管理,IM2603,229991.02999999997,201717.84,211326.23561810644
2025-09,充电与控制电源管理,IM2603,215203.41999999998,212567.38833333334,202902.6681062455
2025-10,充电与控制电源管理,IM2603,212787.51,214576.23166666666,215944.5198888821
2025-11,充电与控制电源管理,IM2603,174086.36,216354.99,204681.00520164252
2025-12,充电与控制电源管理,IM2603,380336.1,202769.84166666665,179882.4450841893
2026-01,充电与控制电源管理,IM2603,211946.34,236208.97666666665,225991.2093641013
2026-02,充电与控制电源管理,IM2603,148924.7,237391.79333333333,226152.2477490983
2026-03,充电与控制电源管理,IM2603,317229.95,223880.7383333333,245460.116746453
2026-04,充电与控制电源管理,IM2603,238303.33,240885.16,252999.66403651057
2026-05,充电与控制电源管理,IM2603,251083.96,245137.79666666666,262232.25041019765
2026-06,充电与控制电源管理,IM2603,406472.05,257970.72999999998,255088.2684642956
2026-07,充电与控制电源管理,IM2603,326415.77,262326.7216666667,246518.7350042314
2026-08,充电与控制电源管理,IM2603,424592.72,281404.96,269758.52825842396
2025-01,充电与控制电源管理,IM2605,146017.65,151442.95833333334,125735.44737122298
2025-02,充电与控制电源管理,IM2605,252345.06,146103.725,93412.14149560514
2025-03,充电与控制电源管理,IM2605,46460.17,151968.975,156035.23142148863
2025-04,充电与控制电源管理,IM2605,214247.69,143783.13999999998,176417.08371707163
2025-05,充电与控制电源管理,IM2605,65575.2,137588.44833333336,181323.33041736003
2025-06,充电与控制电源管理,IM2605,258849.44,124092.87833333331,102572.45364655799
2025-07,充电与控制电源管理,IM2605,16725.66,163915.86833333332,160914.3947379735
2025-08,充电与控制电源管理,IM2605,6371.68,142367.20333333334,112620.84850910206
2025-09,充电与控制电源管理,IM2605,121327.39,101371.64000000001,93090.10005433089
2025-10,充电与控制电源管理,IM2605,6637.17,113849.51000000002,47977.881893377125
2025-11,充电与控制电源管理,IM2605,63982.29,79247.75666666667,41788.49620468181
2025-12,充电与控制电源管理,IM2605,16991.15,78982.27166666665,57347.900805572855
2026-01,充电与控制电源管理,IM2605,0.0,38672.55666666667,25806.791466782724
2026-02,充电与控制电源管理,IM2605,130619.41,35884.94666666667,23894.92560758834
2026-03,充电与控制电源管理,IM2605,29203.53,56592.90166666667,48883.10343395951
2026-04,充电与控制电源管理,IM2605,145752.16,41238.925,59629.98243864441
2026-05,充电与控制电源管理,IM2605,58407.07,64424.756666666675,113749.36251317813
2026-06,充电与控制电源管理,IM2605,133008.8,63495.55333333334,73799.69013859534
2026-07,充电与控制电源管理,IM2605,73274.31,82831.82833333332,92780.45394879597
2026-08,充电与控制电源管理,IM2605,130702.25000000001,95044.21333333333,72565.52967530972
2025-01,充电与控制电源管理,IM5200,104867.22,116784.26833333333,127712.51106575366
2025-02,充电与控制电源管理,IM5200,80577.41,118567.45666666667,118768.33499193317
2025-03,充电与控制电源管理,IM5200,40390.39,110560.45166666668,116603.84996539357
2025-04,充电与控制电源管理,IM5200,80663.71,108380.27666666667,89566.33622260293
2025-05,充电与控制电源管理,IM5200,68739.78,99821.59833333333,71260.67406512614
2025-06,充电与控制电源管理,IM5200,15929.2,83727.795,59664.83199802157
2025-07,充电与控制电源管理,IM5200,130972.51,65194.61833333334,49388.85526522403
2025-08,充电与控制电源管理,IM5200,68123.86,69545.50000000001,71187.76556129966
2025-09,充电与控制电源管理,IM5200,119044.19,67469.90833333334,70994.78783031157
2025-10,充电与控制电源管理,IM5200,111513.23,80578.875,105686.26448651044
2025-11,充电与控制电源管理,IM5200,260970.52999999997,85720.46166666666,92911.9464389468
2025-12,充电与控制电源管理,IM5200,143132.7,117758.92,146853.65308035308
2026-01,充电与控制电源管理,IM5200,222035.27,138959.50333333333,151881.22146462297
2026-02,充电与控制电源管理,IM5200,86460.15,154136.63,184770.86903491998
2026-03,充电与控制电源管理,IM5200,184999.92,157192.67833333332,149562.36263614663
2026-04,充电与控制电源管理,IM5200,227123.81,168185.30000000002,184123.24574778095
2026-05,充电与控制电源管理,IM5200,90654.85,187453.73,185596.2691637732
2026-06,充电与控制电源管理,IM5200,186504.35,159067.78333333335,159000.96233144894
2026-07,充电与控制电源管理,IM5200,176123.79,166296.39166666663,138766.43816575734
2026-08,充电与控制电源管理,IM5200,297990.99,158644.47833333333,124268.75927984226
2025-01,充电与控制电源管理,TMI2242D,38230.08,50228.965000000004,57531.55515186903
2025-02,充电与控制电源管理,TMI2242D,58513.26,56379.40666666668,46015.60427271692
2025-03,充电与控制电源管理,TMI2242D,38442.36,59370.55666666667,50351.20101105394
2025-04,充电与控制电源管理,TMI2242D,57663.54,54398.19500000001,53614.74876078977
2025-05,充电与控制电源管理,TMI2242D,0.0,51424.72166666666,54645.553985999446
2025-06,充电与控制电源管理,TMI2242D,57429.950000000004,38513.22000000001,30212.472486039384
2025-07,充电与控制电源管理,TMI2242D,55900.83,41713.19833333334,34381.19660170962
2025-08,充电与控制电源管理,TMI2242D,36106.08,44658.323333333334,37412.86056555827
2025-09,充电与控制电源管理,TMI2242D,42982.18000000001,40923.793333333335,49339.425863296034
2025-10,充电与控制电源管理,TMI2242D,22566.31,41680.43,44843.363161658366
2025-11,充电与控制电源管理,TMI2242D,53482.15,35830.89166666666,31622.08211748045
2025-12,充电与控制电源管理,TMI2242D,11946.9,44744.583333333336,35562.7473727433
2026-01,充电与控制电源管理,TMI2242D,32203.480000000003,37164.075000000004,25920.124349830156
2026-02,充电与控制电源管理,TMI2242D,18053.04,33214.51666666667,28810.953829189384
2026-03,充电与控制电源管理,TMI2242D,17097.31,30205.67666666667,20599.449076041892
2026-04,充电与控制电源管理,TMI2242D,18053.04,25891.531666666666,25129.73231549514
2026-05,充电与控制电源管理,TMI2242D,0.0,25139.320000000003,19804.793309533394
2026-06,充电与控制电源管理,TMI2242D,13699.080000000002,16225.628333333336,11116.104978631445
2026-07,充电与控制电源管理,TMI2242D,9026.52,16517.658333333333,8737.412344333605
2026-08,充电与控制电源管理,TMI2242D,18053.04,12654.831666666667,6230.284784986049
2025-04,充电与控制电源管理,TMI2243D,47256.54,31880.454999999998,36273.07598828441
2025-05,充电与控制电源管理,TMI2243D,2914.11,39756.545,40580.686708133966
2025-06,充电与控制电源管理,TMI2243D,33769.82,28021.02,26997.327142680973
2025-07,充电与控制电源管理,TMI2243D,0.0,29233.399999999998,25075.039447582203
2025-08,充电与控制电源管理,TMI2243D,52566.24,25251.11,12110.13246433758
2025-09,充电与控制电源管理,TMI2243D,15929.16,28702.429999999997,28505.49477350554
2025-10,充电与控制电源管理,TMI2243D,15929.16,25405.978333333333,22754.16551888048
2025-11,充电与控制电源管理,TMI2243D,1911.5,20184.748333333333,26262.27595131389
2025-12,充电与控制电源管理,TMI2243D,15929.16,20017.646666666667,10089.398641249129
2026-01,充电与控制电源管理,TMI2243D,3823.01,17044.203333333335,9947.319195823296
2026-02,充电与控制电源管理,TMI2243D,0.0,17681.371666666666,6392.858979899375
2026-03,充电与控制电源管理,TMI2243D,17468.98,8920.331666666667,6541.180855591578
2026-04,充电与控制电源管理,TMI2243D,15929.16,9176.968333333332,7944.047267456051
2026-05,充电与控制电源管理,TMI2243D,0.0,9176.968333333332,12432.351765984453
2026-06,充电与控制电源管理,TMI2243D,1911.5,8858.385,10561.978197401446
2026-07,充电与控制电源管理,TMI2243D,2867.26,6522.108333333333,4909.316383128395
2026-08,充电与控制电源管理,TMI2243D,3982.29,6362.816666666667,1310.109995736083
2025-07,充电与控制电源管理,TMI2243定制丝印,62362.79,22821.188333333335,32623.755059192194
2025-08,充电与控制电源管理,TMI2243定制丝印,0.0,33214.98666666667,45111.009557766345
2025-09,充电与控制电源管理,TMI2243定制丝印,46194.66,33214.98666666667,37237.36333927838
2025-10,充电与控制电源管理,TMI2243定制丝印,22127.5,36294.630000000005,36062.77480834614
2025-11,充电与控制电源管理,TMI2243定制丝印,66011.14,34162.02,21253.239809716746
2025-12,充电与控制电源管理,TMI2243定制丝印,18477.86,41186.003333333334,40134.71835190449
2026-01,充电与控制电源管理,TMI2243定制丝印,36955.73,35862.325000000004,31405.212021902822
2026-02,充电与控制电源管理,TMI2243定制丝印,39600.89,31627.815,35837.83508251165
2026-03,充电与控制电源管理,TMI2243定制丝印,0.0,38227.963333333326,31471.869733659685
2026-04,充电与控制电源管理,TMI2243定制丝印,61983.99,30528.853333333333,28563.295770694574
2026-05,充电与控制电源管理,TMI2243定制丝印,0.0,37171.60166666666,37814.64962615639
2026-06,充电与控制电源管理,TMI2243定制丝印,65053.369999999995,26169.745,19602.09613373527
2026-07,充电与控制电源管理,TMI2243定制丝印,0.0,33932.329999999994,34957.59645200232
2026-08,充电与控制电源管理,TMI2243定制丝印,0.0,27773.041666666668,17834.55756165152
2025-03,充电与控制电源管理,TMI2282,32920.32,35079.60166666667,24591.26606581502
2025-04,充电与控制电源管理,TMI2282,35840.66,30986.693333333333,30587.372074615498
2025-05,充电与控制电源管理,TMI2282,23495.54,30942.446666666667,28148.49057244997
2025-06,充电与控制电源管理,TMI2282,5803.54,26362.806666666667,29002.356485478445
2025-07,充电与控制电源管理,TMI2282,42658.34,23710.596666666668,19458.80872605608
2025-08,充电与控制电源管理,TMI2282,46964.53,25267.224999999995,23754.64918813154
2025-09,充电与控制电源管理,TMI2282,65017.6,31280.48833333334,31506.846982702205
2025-10,充电与控制电源管理,TMI2282,45663.64,36630.034999999996,51371.54977264855
2025-11,充电与控制电源管理,TMI2282,53893.74,38267.198333333334,49039.48228213877
2025-12,充电与控制电源管理,TMI2282,41699.07,43333.565,49170.0157002792
2026-01,充电与控制电源管理,TMI2282,56548.59,49316.15333333333,41608.838798040786
2026-02,充电与控制电源管理,TMI2282,56415.87,51631.19500000001,44896.294820058785
2026-03,充电与控制电源管理,TMI2282,39955.68,53206.418333333335,51218.7836320877
2026-04,充电与控制电源管理,TMI2282,25486.69,49029.43166666667,57054.54587880216
2026-05,充电与控制电源管理,TMI2282,23893.77,45666.60666666666,45361.343633620236
2026-06,充电与控制电源管理,TMI2282,53973.36,40666.611666666664,28252.063226275575
2026-07,充电与控制电源管理,TMI2282,68495.45,42712.32666666666,28440.461383429938
2026-08,充电与控制电源管理,TMI2282,41814.08,44703.47,40125.697683022816
2025-08,充电与控制电源管理,TMI2282EQ定制丝印,33289.65,23839.693333333333,10478.173128462113
2025-09,充电与控制电源管理,TMI2282EQ定制丝印,36738.88,27635.75833333333,17933.518162073164
2025-10,充电与控制电源管理,TMI2282EQ定制丝印,0.0,24997.855,30248.479153781685
2025-11,充电与控制电源管理,TMI2282EQ定制丝印,37582.28,16961.49,21784.046956535676
2025-12,充电与控制电源管理,TMI2282EQ定制丝印,0.0,21439.554999999997,22204.90990831633
2026-01,充电与控制电源管理,TMI2282EQ定制丝印,0.0,21439.554999999997,11070.326559833778
2026-02,充电与控制电源管理,TMI2282EQ定制丝印,36592.57,17935.135,11090.374631034018
2026-03,充电与控制电源管理,TMI2282EQ定制丝印,0.0,18485.62166666667,12118.092257250455
2026-04,充电与控制电源管理,TMI2282EQ定制丝印,0.0,12362.475,13652.697832269048
2026-05,充电与控制电源管理,TMI2282EQ定制丝印,65525.060000000005,12362.475,13621.468209349674
2026-06,充电与控制电源管理,TMI2282EQ定制丝印,0.0,17019.605,20721.94005724336
2026-07,充电与控制电源管理,TMI2282EQ定制丝印,0.0,17019.605,18030.90527836252
2026-08,充电与控制电源管理,TMI2282EQ定制丝印,50503.95,17019.605,17963.87265257234
2025-01,充电与控制电源管理,TMI2282L,18530.940000000002,61320.443333333336,55705.6655125969
2025-02,充电与控制电源管理,TMI2282L,32938.65,58258.496666666666,29058.7940546033
2025-03,充电与控制电源管理,TMI2282L,67362.76,55562.436666666676,32630.097743484697
2025-04,充电与控制电源管理,TMI2282L,64338.0,50661.26,47128.99803680594
2025-05,充电与控制电源管理,TMI2282L,72610.52,43640.91333333333,58186.91401103264
2025-06,充电与控制电源管理,TMI2282L,53214.11,48630.135,64228.61578308397
2025-07,充电与控制电源管理,TMI2282L,51238.85,51499.16333333333,56806.156180754995
2025-08,充电与控制电源管理,TMI2282L,79964.51,56950.48166666666,58452.35767805106
2025-09,充电与控制电源管理,TMI2282L,31752.17,64788.125,60888.940579731265
2025-10,充电与控制电源管理,TMI2282L,57752.99,58853.026666666665,54133.81193243478
2025-11,充电与控制电源管理,TMI2282L,48217.65,57755.524999999994,52717.5888025724
2025-12,充电与控制电源管理,TMI2282L,129555.63,53690.04666666666,41147.40120270146
2026-01,充电与控制电源管理,TMI2282L,199313.94,66413.63333333333,69377.18313842539
2026-02,充电与控制电源管理,TMI2282L,73008.78,91092.81499999999,111276.87139724208
2026-03,充电与控制电源管理,TMI2282L,26588.460000000003,89933.52666666667,133087.09723016416
2026-04,充电与控制电源管理,TMI2282L,81504.33,89072.90833333333,111523.84266059978
2026-05,充电与控制电源管理,TMI2282L,9132.73,93031.46500000001,67414.48546571926
2026-06,充电与控制电源管理,TMI2282L,97433.5,86517.31166666666,37071.92635335523
2026-07,充电与控制电源管理,TMI2282L,66796.4,81163.62333333334,51752.45094027529
2026-08,充电与控制电源管理,TMI2282L,68628.23,59077.366666666676,47527.83451148334
2025-01,充电与控制电源管理,TMI2283QE,117779.84000000001,217275.14833333335,262957.4690764689
2025-02,充电与控制电源管理,TMI2283QE,27448.41,217060.005,222905.87097377403
2025-03,充电与控制电源管理,TMI2283QE,151008.71,204594.93166666667,96208.66467006296
2025-04,充电与控制电源管理,TMI2283QE,141837.18,195027.33,117487.79777787242
2025-05,充电与控制电源管理,TMI2283QE,87771.59999999999,177658.03666666665,113198.51603163478
2025-06,充电与控制电源管理,TMI2283QE,192923.72,106419.70666666667,119653.37658073407
2025-07,充电与控制电源管理,TMI2283QE,175035.23,119794.90999999999,126220.63118523793
2025-08,充电与控制电源管理,TMI2283QE,58128.3,129337.47499999999,150446.185251837
2025-09,充电与控制电源管理,TMI2283QE,199446.65,134450.79,140680.82187132872
2025-10,充电与控制电源管理,TMI2283QE,148313.99,142523.78,143713.06161979755
2025-11,充电与控制电源管理,TMI2283QE,146075.21,143603.24833333332,126261.44984192147
2025-12,充电与控制电源管理,TMI2283QE,69331.8,153320.51666666666,147543.1836471177
2026-01,充电与控制电源管理,TMI2283QE,211725.38,132721.86333333334,107138.53035710717
2026-02,充电与控制电源管理,TMI2283QE,134176.85,138836.88833333334,126044.99306984375
2026-03,充电与控制电源管理,TMI2283QE,104654.74,151511.64666666667,137509.9995406145
2026-04,充电与控制电源管理,TMI2283QE,159756.41,135712.99499999997,168102.92820735768
2026-05,充电与控制电源管理,TMI2283QE,315185.37,137620.065,148373.1197515853
2026-06,充电与控制电源管理,TMI2283QE,199274.04,165805.09166666667,183294.21361578075
2026-07,充电与控制电源管理,TMI2283QE,164203.37,187462.13166666668,185527.82076954245
2026-08,充电与控制电源管理,TMI2283QE,54955.73,179541.79666666666,186057.23907709075
2025-01,充电与控制电源管理,TMI2284Q,53223.35,291157.87499999994,303447.80382877996
2025-02,充电与控制电源管理,TMI2284Q,78879.56,249773.21666666667,261613.1367070364
2025-03,充电与控制电源管理,TMI2284Q,54937.12,223213.285,160025.27180755942
2025-04,充电与控制电源管理,TMI2284Q,211229.45,199255.80166666672,74180.21445064516
2025-05,充电与控制电源管理,TMI2284Q,163898.06,203363.62,121946.31586780825
2025-06,充电与控制电源管理,TMI2284Q,200999.69,143172.44999999998,135197.89941193734
2025-07,充电与控制电源管理,TMI2284Q,130725.47,127194.53833333333,172103.06621853655
2025-08,充电与控制电源管理,TMI2284Q,141955.58000000002,140111.55833333332,163615.58989458127
2025-09,充电与控制电源管理,TMI2284Q,333657.97,150624.22833333336,156394.71917504963
2025-10,充电与控制电源管理,TMI2284Q,197747.53,197077.70333333334,201425.76613372262
2025-11,充电与控制电源管理,TMI2284Q,296017.33999999997,194830.71666666667,209465.0478229884
2025-12,充电与控制电源管理,TMI2284Q,279875.77,216850.59666666668,247208.86512378493
2026-01,充电与控制电源管理,TMI2284Q,325037.95,229996.61000000002,227885.4429470166
2026-02,充电与控制电源管理,TMI2284Q,211008.64,262382.0233333333,265861.0114164065
2026-03,充电与控制电源管理,TMI2284Q,134521.94,273890.86666666664,270203.00660034316
2026-04,充电与控制电源管理,TMI2284Q,376910.97,240701.52833333332,250189.30115919278
2026-05,充电与控制电源管理,TMI2284Q,424273.68,270562.1016666667,268926.57734721294
2026-06,充电与控制电源管理,TMI2284Q,484368.0,291938.1583333333,295912.06584393186
2026-07,充电与控制电源管理,TMI2284Q,272866.92,326020.19666666666,353752.87046662637
2026-08,充电与控制电源管理,TMI2284Q,51027.74,317325.02499999997,323913.7824264339
2025-11,充电与控制电源管理,TMI2284Q      DH,19911.48,17588.475000000002,32827.89160022527
2025-12,充电与控制电源管理,TMI2284Q      DH,0.0,20907.055,37478.3660042347
2026-01,充电与控制电源管理,TMI2284Q      DH,0.0,20907.055,10557.310794341698
2026-02,充电与控制电源管理,TMI2284Q      DH,0.0,20907.055,5875.794993234609
2026-03,充电与控制电源管理,TMI2284Q      DH,5973.45,20907.055,0.0
2026-04,充电与控制电源管理,TMI2284Q      DH,1991.15,6969.018333333333,2228.695821751999
2026-05,充电与控制电源管理,TMI2284Q      DH,-3347.79,4646.013333333333,2964.7971077239563
2026-06,充电与控制电源管理,TMI2284Q      DH,21902.63,769.4683333333334,1460.040785551081
2026-07,充电与控制电源管理,TMI2284Q      DH,0.0,4419.906666666667,5653.7575019417545
2026-08,充电与控制电源管理,TMI2284Q      DH,57743.29,4419.906666666667,5086.85963582262
2025-08,充电与控制电源管理,TMI2286,16815.86,17199.554999999997,18452.976650607776
2025-09,充电与控制电源管理,TMI2286,38311.659999999996,17753.035,18662.224363743255
2025-10,充电与控制电源管理,TMI2286,3716.82,19920.118333333332,24486.98335245659
2025-11,充电与控制电源管理,TMI2286,14587.099999999999,19123.661666666667,18304.937511702024
2025-12,充电与控制电源管理,TMI2286,41606.3,18856.47,16915.0192664791
2026-01,充电与控制电源管理,TMI2286,1858.41,22270.301666666666,17647.29813282975
2026-02,充电与控制电源管理,TMI2286,0.0,19482.69166666667,17130.847859938433
2026-03,充电与控制电源管理,TMI2286,26043.58,16680.048333333336,14393.888314339129
2026-04,充电与控制电源管理,TMI2286,35102.409999999996,14635.368333333334,10410.240067559964
2026-05,充电与控制电源管理,TMI2286,32076.73,19866.300000000003,22761.40098698214
2026-06,充电与控制电源管理,TMI2286,25906.19,22781.23833333334,29481.172788139098
2026-07,充电与控制电源管理,TMI2286,21425.28,20164.553333333333,25614.822299058054
2026-08,充电与控制电源管理,TMI2286,21184.85,23425.698333333334,21769.973081596483
2025-01,充电与控制电源管理,TMI2286D,27345.1,69090.93333333333,49713.03232462253
2025-02,充电与控制电源管理,TMI2286D,33079.63,46248.41999999999,47341.645838386125
2025-03,充电与控制电源管理,TMI2286D,51991.11,39748.136666666665,46845.205564141506
2025-04,充电与控制电源管理,TMI2286D,54823.8,46272.46833333333,44584.20541768205
2025-05,充电与控制电源管理,TMI2286D,45118.49,49709.920000000006,49441.5739803305
2025-06,充电与控制电源管理,TMI2286D,35302.37,46251.41833333333,47762.766564908256
2025-07,充电与控制电源管理,TMI2286D,47761.02,41276.75,40400.836266163904
2025-08,充电与控制电源管理,TMI2286D,37964.56,44679.40333333333,42315.51925673787
2025-09,充电与控制电源管理,TMI2286D,52194.65,45493.55833333333,39959.683082284384
2025-10,充电与控制电源管理,TMI2286D,79911.42,45527.48166666667,45817.08759744545
2025-11,充电与控制电源管理,TMI2286D,91433.53,49708.75166666667,52904.53176509067
2025-12,充电与控制电源管理,TMI2286D,147212.22999999998,57427.92500000001,66786.8569185555
2026-01,充电与控制电源管理,TMI2286D,72318.48,76079.56833333331,93834.96718612469
2026-02,充电与控制电源管理,TMI2286D,31460.149999999998,80172.47833333333,91764.25481516219
2026-03,充电与控制电源管理,TMI2286D,0.0,79088.40999999999,83118.79699093649
2026-04,充电与控制电源管理,TMI2286D,82300.79,70389.30166666667,38719.835115075315
2026-05,充电与控制电源管理,TMI2286D,175486.51,70787.53,42347.149371463536
2026-06,充电与控制电源管理,TMI2286D,21822.989999999998,84796.36,81523.81666065792
2026-07,充电与控制电源管理,TMI2286D,172831.66,63898.15333333333,76941.96165322815
2026-08,充电与控制电源管理,TMI2286D,58141.53,80650.34999999999,101475.2014224085
2026-04,充电与控制电源管理,TMI2293Q,102911.37,73486.91,101076.57239101101
2026-05,充电与控制电源管理,TMI2293Q,184226.86,88326.86333333333,91663.60813624226
2026-06,充电与控制电源管理,TMI2293Q,146239.62,116928.68666666665,135630.3417358858
2026-07,充电与控制电源管理,TMI2293Q,270256.48,117381.29833333332,119255.06001963827
2026-08,充电与控制电源管理,TMI2293Q,125513.4,141161.18666666668,164689.82634912973
2025-01,充电与控制电源管理,TMI2605S,186106.13999999998,148588.45666666664,168233.08544338518
2025-02,充电与控制电源管理,TMI2605S,224734.45,168042.72499999998,174840.23999955016
2025-03,充电与控制电源管理,TMI2605S,241194.6,192013.21833333335,215705.95849557366
2025-04,充电与控制电源管理,TMI2605S,108716.78,201858.34833333336,258597.63935862904
2025-05,充电与控制电源管理,TMI2605S,86681.37999999999,193252.15500000003,203091.5167699428
2025-06,充电与控制电源管理,TMI2605S,353097.25,169137.1133333333,137250.1245928085
2025-07,充电与控制电源管理,TMI2605S,97407.06,200088.43333333335,163848.78524706585
2025-08,充电与控制电源管理,TMI2605S,103407.04,185305.25333333333,177336.230437867
2025-09,充电与控制电源管理,TMI2605S,257256.52,165084.01833333334,182884.38333195186
2025-10,充电与控制电源管理,TMI2605S,116017.63,167761.005,152171.01742330438
2025-11,充电与控制电源管理,TMI2605S,38495.56,168977.81333333332,148283.07014665744
2025-12,充电与控制电源管理,TMI2605S,253849.47999999998,160946.84333333335,123024.3084677842
2026-01,充电与控制电源管理,TMI2605S,127964.57,144405.54833333334,120288.28777140813
2026-02,充电与控制电源管理,TMI2605S,161946.84,149498.46666666667,124031.61904822702
2026-03,充电与控制电源管理,TMI2605S,23893.8,159255.1,180073.2944120792
2026-04,充电与控制电源管理,TMI2605S,252477.81,120361.31333333334,117080.80930969685
2026-05,充电与控制电源管理,TMI2605S,62123.88,143104.67666666667,163162.65384602456
2026-06,充电与控制电源管理,TMI2605S,157433.56999999998,147042.73,107047.33812418055
2026-07,充电与控制电源管理,TMI2605S,118407.05,130973.41166666667,129892.64048147721
2026-08,充电与控制电源管理,TMI2605S,120796.43,129380.49166666665,92653.88294326299
2025-01,充电与控制电源管理,TMI3351,36504.4,141344.4783333333,91349.33754661343
2025-02,充电与控制电源管理,TMI3351,72716.77,96251.56333333334,86352.07870310992
2025-03,充电与控制电源管理,TMI3351,4867.26,86541.38500000001,112037.33893469964
2025-04,充电与控制电源管理,TMI3351,49957.939999999995,69613.95666666668,45247.55585067763
2025-05,充电与控制电源管理,TMI3351,55838.46,69400.46,45075.92465976223
2025-06,充电与控制电源管理,TMI3351,37460.15,68499.23,34788.94410181287
2025-07,充电与控制电源管理,TMI3351,48792.01,42890.829999999994,42794.18071371928
2025-08,充电与控制电源管理,TMI3351,83734.48000000001,44938.76499999999,46907.08520433483
2025-09,充电与控制电源管理,TMI3351,94407.03,46775.05000000001,56124.327170892066
2025-10,充电与控制电源管理,TMI3351,149867.16,61698.34500000001,75387.29426884395
2025-11,充电与控制电源管理,TMI3351,112300.83,78349.88166666667,102034.9316118847
2025-12,充电与控制电源管理,TMI3351,51632.71,87760.27666666667,106533.80806564503
2026-01,充电与控制电源管理,TMI3351,107203.47,90122.37000000001,92433.88702613124
2026-02,充电与控制电源管理,TMI3351,73805.26999999999,99857.61333333334,80011.40476943966
2026-03,充电与控制电源管理,TMI3351,49851.74,98202.74500000001,77042.15784681204
2026-04,充电与控制电源管理,TMI3351,86628.26000000001,90776.86333333334,86134.10795832574
2026-05,充电与控制电源管理,TMI3351,91407.03,80237.04666666668,78278.02529856504
2026-06,充电与控制电源管理,TMI3351,18079.64,76754.74666666666,72068.02062421947
2026-07,充电与控制电源管理,TMI3351,84159.24,71162.56833333334,53966.066211960664
2026-08,充电与控制电源管理,TMI3351,125840.64,67321.86333333333,53088.55065423037
2025-01,充电与控制电源管理,TMI3352A,61495.51,107331.33333333333,112226.14299505872
2025-02,充电与控制电源管理,TMI3352A,86867.2,95870.14,127024.56182634868
2025-03,充电与控制电源管理,TMI3352A,26705.289999999997,109208.18333333333,87871.53104245025
2025-04,充电与控制电源管理,TMI3352A,255537.02000000002,91341.06833333334,69432.09848418838
2025-05,充电与控制电源管理,TMI3352A,20947.96,132337.65333333335,130450.80348031125
2025-06,充电与控制电源管理,TMI3352A,18365.28,89790.36166666668,95312.85478217105
2025-07,充电与控制电源管理,TMI3352A,41050.6,78319.71,88078.87185561232
2025-08,充电与控制电源管理,TMI3352A,32183.33,74912.22499999999,26529.78423366392
2025-09,充电与控制电源管理,TMI3352A,60573.14,65798.24666666667,30243.224000634684
2025-10,充电与控制电源管理,TMI3352A,114424.72,71442.88833333334,44450.69622743173
2025-11,充电与控制电源管理,TMI3352A,115424.73000000001,47924.17166666667,64448.65787516802
2025-12,充电与控制电源管理,TMI3352A,171119.4,63670.29999999999,86769.46708433898
2026-01,充电与控制电源管理,TMI3352A,106327.37000000001,89129.32,118110.3464138154
2026-02,充电与控制电源管理,TMI3352A,97991.1,100008.78166666668,115934.74682367011
2026-03,充电与控制电源管理,TMI3352A,181973.8,110976.74333333333,124330.99794645753
2026-04,充电与控制电源管理,TMI3352A,239787.76,131210.18666666665,144125.75113612655
2026-05,充电与控制电源管理,TMI3352A,290132.54,152104.02666666664,193476.28042837465
2026-06,充电与控制电源管理,TMI3352A,62123.850000000006,181221.995,225132.59609842717
2026-07,充电与控制电源管理,TMI3352A,304263.4,163056.07,162916.17267132073
2026-08,充电与控制电源管理,TMI3352A,384906.61,196045.40833333333,179986.67840141672
2026-06,充电与控制电源管理,TMI3352B,228621.12,62541.81166666667,90167.0572326118
2026-07,充电与控制电源管理,TMI3352B,213303.28999999998,94871.0,136660.54317971942
2026-08,充电与控制电源管理,TMI3352B,220371.19,127386.15166666666,168831.22650636474
2026-08,充电与控制电源管理,TMI3352C,33185.81,55534.60166666666,31121.15198289314
2026-06,充电与控制电源管理,TMI3452,26070.78,82774.31,150050.97091612732
2026-07,充电与控制电源管理,TMI3452,504822.83,86278.73166666667,113199.45516486464
2026-08,充电与控制电源管理,TMI3452,262114.95,169951.26833333334,230688.50218420368
2026-01,充电与控制电源管理,TMI5330,132534.08000000002,92918.185,121707.46584520125
2026-02,充电与控制电源管理,TMI5330,50442.469999999994,110821.35333333335,98445.14209346764
2026-03,充电与控制电源管理,TMI5330,183185.78,113391.58666666667,104041.76547783017
2026-04,充电与控制电源管理,TMI5330,165398.15,129890.48666666665,136615.26504013204
2026-05,充电与控制电源管理,TMI5330,204637.08,122105.06,148536.31276216038
2026-06,充电与控制电源管理,TMI5330,225032.66,144565.36833333332,174953.1035550006
2026-07,充电与控制电源管理,TMI5330,203459.26,160205.03666666665,163748.23248975349
2026-08,充电与控制电源管理,TMI5330,114929.56999999999,172025.9,173574.02997647726
2025-11,充电与控制电源管理,TMI5330BS,148141.56,43805.299999999996,41623.32841418211
2025-12,充电与控制电源管理,TMI5330BS,76460.16,60530.96,84237.1698872095
2026-01,充电与控制电源管理,TMI5330BS,47787.600000000006,59734.5,95719.72469666148
2026-02,充电与控制电源管理,TMI5330BS,0.0,67699.09999999999,80380.95624567234
2026-03,充电与控制电源管理,TMI5330BS,0.0,67699.09999999999,41146.216798566296
2026-04,充电与控制电源管理,TMI5330BS,33451.32,62123.880000000005,17829.566574015997
2026-05,充电与控制电源管理,TMI5330BS,57345.12,50973.44,12452.147852440617
2026-06,充电与控制电源管理,TMI5330BS,119469.0,35840.700000000004,28713.87507453016
2026-07,充电与控制电源管理,TMI5330BS,95575.2,43008.840000000004,57859.942927991484
2026-08,充电与控制电源管理,TMI5330BS,0.0,50973.44,74676.26975695672
2025-01,充电与控制电源管理,TMI5700,26238.93,165981.405,135802.453335988
2025-02,充电与控制电源管理,TMI5700,183533.21,106869.60333333333,123720.45442442331
2025-03,充电与控制电源管理,TMI5700,221070.51,137421.59833333333,140946.20901047366
2025-04,充电与控制电源管理,TMI5700,232212.13,147029.30666666667,170872.51414301127
2025-05,充电与控制电源管理,TMI5700,173188.33000000002,175113.25333333333,225063.66552706098
2025-06,充电与控制电源管理,TMI5700,157549.28999999998,167382.82499999998,196941.4671152073
2025-07,充电与控制电源管理,TMI5700,206000.04,165632.06666666668,168166.64462632313
2025-08,充电与控制电源管理,TMI5700,163119.19,195592.25166666668,177188.32636521186
2025-09,充电与控制电源管理,TMI5700,12362.83,192189.915,173889.64407490796
2025-10,充电与控制电源管理,TMI5700,73864.7,157405.30166666667,126728.30490402997
2025-11,充电与控制电源管理,TMI5700,116850.59,131014.06333333334,77565.2531466554
2025-12,充电与控制电源管理,TMI5700,156724.46,121624.43999999999,60673.586888986305
2026-01,充电与控制电源管理,TMI5700,78543.35,121486.96833333332,102342.68629702638
2026-02,充电与控制电源管理,TMI5700,6637.17,100244.18666666665,103908.67638898674
2026-03,充电与控制电源管理,TMI5700,48689.49,74163.84999999999,80109.89294078898
2026-04,充电与控制电源管理,TMI5700,77732.28,80218.29333333332,49946.937187872725
2026-05,充电与控制电源管理,TMI5700,93026.52,80862.89,49530.768710144315
2026-06,充电与控制电源管理,TMI5700,106631.39,76892.21166666667,69399.31548394701
2026-07,充电与控制电源管理,TMI5700,188336.22999999998,68543.36666666667,76331.04404691857
2026-08,充电与控制电源管理,TMI5700,16141.58,86842.18000000001,106369.64423846881
2026-05,充电与控制电源管理,TMI5700A,91539.96,57041.01666666666,108323.20980143036
2026-06,充电与控制电源管理,TMI5700A,240185.65,67274.08,117852.37235952834
2026-07,充电与控制电源管理,TMI5700A,87252.16,106482.01333333332,160005.69141030032
2026-08,充电与控制电源管理,TMI5700A,127114.2,118329.35166666667,114863.89031217586
2026-06,充电与控制电源管理,TMI9130C,7938.03,22406.566666666666,20390.41145703742
2026-07,充电与控制电源管理,TMI9130C,13274.249999999998,16309.528333333334,15783.572726238815
2026-08,充电与控制电源管理,TMI9130C,6936.41,16440.783333333333,14021.740391276995
2025-06,充电与控制电源管理,TMI9431,13829.72,90758.12,104110.40671989041
2025-07,充电与控制电源管理,TMI9431,248197.77000000002,77734.16666666666,71475.5695715601
2025-08,充电与控制电源管理,TMI9431,190517.65,106398.39666666667,155293.8590037459
2025-09,充电与控制电源管理,TMI9431,296929.20999999996,130620.07166666667,149416.3982355152
2025-10,充电与控制电源管理,TMI9431,208967.25,162485.69333333333,244381.07776720173
2025-11,充电与控制电源管理,TMI9431,209881.49,194471.53333333333,216636.2434486916
2025-12,充电与控制电源管理,TMI9431,279562.82,194720.51499999998,213852.7559864425
2026-01,充电与控制电源管理,TMI9431,279045.08,239009.36500000002,205725.7846613602
2026-02,充电与控制电源管理,TMI9431,179350.2,244150.58333333334,226778.02504464355
2026-03,充电与控制电源管理,TMI9431,200367.57,242289.34166666667,244384.15606734532
2026-04,充电与控制电源管理,TMI9431,94803.03,226195.73500000002,245784.5987361473
2026-05,充电与控制电源管理,TMI9431,109983.76,207168.36500000002,176638.86389710192
2026-06,充电与控制电源管理,TMI9431,307161.3,190518.74333333338,128127.83936177692
2026-07,充电与控制电源管理,TMI9431,340434.95,195118.49000000002,140875.68204025467
2026-08,充电与控制电源管理,TMI9431,561283.79,205350.135,207692.61140355276
2025-05,充电与控制电源管理,TMI9723,43778.71000000001,27601.71166666667,40984.1831605159
2025-06,充电与控制电源管理,TMI9723,44028.98,32464.543333333335,45544.12834971546
2025-07,充电与控制电源管理,TMI9723,34407.08,39802.70666666667,34636.83271808665
2025-08,充电与控制电源管理,TMI9723,32601.739999999998,39696.53166666667,40345.6514555161
2025-09,充电与控制电源管理,TMI9723,26973.43,42652.285,36661.2447633301
2025-10,充电与控制电源管理,TMI9723,28141.56,34988.583333333336,31220.894721934685
2025-11,充电与控制电源管理,TMI9723,46805.29,34988.583333333336,27286.384066519196
2025-12,充电与控制电源管理,TMI9723,24822.99,35493.01333333333,30450.690425585053
2026-01,充电与控制电源管理,TMI9723,29707.940000000002,32292.015,29388.44342659271
2026-02,充电与控制电源管理,TMI9723,29044.219999999998,31508.824999999997,29903.897355159985
2026-03,充电与控制电源管理,TMI9723,9345.130000000001,30915.905000000002,27676.96770446967
2026-04,充电与控制电源管理,TMI9723,22805.300000000003,27977.855,25407.1174439619
2026-05,充电与控制电源管理,TMI9723,31008.83,27088.478333333333,22779.51451776358
2026-06,充电与控制电源管理,TMI9723,26814.120000000003,24455.735000000004,19973.76881119755
2026-07,充电与控制电源管理,TMI9723,23362.800000000003,24787.59,22186.936395176635
2026-08,充电与控制电源管理,TMI9723,0.0,23730.06666666667,22257.29322801955
2025-01,新显示MLED驱动,TMI9405,344803.56,302693.49333333335,302116.93469517806
2025-02,新显示MLED驱动,TMI9405,743183.99,360160.75333333336,354340.78240734804
2025-03,新显示MLED驱动,TMI9405,758758.47,457795.5816666667,456931.68054384604
2025-04,新显示MLED驱动,TMI9405,843126.57,550460.68,555653.2966666667
2025-05,新显示MLED驱动,TMI9405,1064911.91,547997.57,553190.1866666666
2025-06,新显示MLED驱动,TMI9405,1360523.29,702872.6283333333,706691.0583333332
2025-07,新显示MLED驱动,TMI9405,1539147.0,852551.2983333333,852551.2983333333
2025-08,新显示MLED驱动,TMI9405,905932.9600000001,1051608.5383333333,1051608.5383333333
2025-09,新显示MLED驱动,TMI9405,415350.0,1078733.3666666667,1078733.3666666667
2025-10,新显示MLED驱动,TMI9405,608543.44,1021498.6216666666,1021498.6216666666
2025-11,新显示MLED驱动,TMI9405,404696.44,982401.4333333332,982401.4333333332
2025-12,新显示MLED驱动,TMI9405,401521.95,872365.5216666666,872365.5216666666
2026-01,新显示MLED驱动,TMI9405,0.0,712531.965,712531.965
2026-02,新显示MLED驱动,TMI9405,0.0,456007.465,456007.465
2026-03,新显示MLED驱动,TMI9405,265555.97,305018.6383333333,305018.6383333333
2026-04,新显示MLED驱动,TMI9405,0.0,280052.9666666666,280052.9666666666
2026-05,新显示MLED驱动,TMI9405,251571.52,178629.05999999997,178629.05999999997
2026-06,新显示MLED驱动,TMI9405,0.0,153108.24,153108.24
2026-07,新显示MLED驱动,TMI9405,0.0,86187.915,86187.915
2026-08,新显示MLED驱动,TMI9405,0.0,86187.915,86187.915
2025-11,无刷直流电机驱动,TMI85120,38761.04,3561.9449999999997,2255.191453065693
2025-12,无刷直流电机驱动,TMI85120,2122.7599999999998,8318.58,9332.993784595834
2026-01,无刷直流电机驱动,TMI85120,9876.089999999997,8672.373333333335,10474.160689440605
2026-02,无刷直流电机驱动,TMI85120,0.0,10318.388333333334,12567.039023469197
2026-03,无刷直流电机驱动,TMI85120,18106.170000000002,10318.388333333334,3965.5603083324804
2026-04,无刷直流电机驱动,TMI85120,15159.279999999999,13336.083333333334,11033.304770969313
2026-05,无刷直流电机驱动,TMI85120,28141.559999999998,14004.223333333333,13063.477590595974
2026-06,无刷直流电机驱动,TMI85120,10221.23,12234.309999999998,16150.663607546061
2026-07,无刷直流电机驱动,TMI85120,5840.7,13584.054999999998,11864.883470802208
2026-08,无刷直流电机驱动,TMI85120,9823.009999999998,12911.489999999998,10314.960078770879
2026-05,无刷直流电机驱动,TMI9172,0.0,28982.241666666665,55256.47855371712
2026-06,无刷直流电机驱动,TMI9172,31858.35,25884.903333333332,37007.540453088935
2026-07,无刷直流电机驱动,TMI9172,0.0,28761.005,28543.963382883063
2026-08,无刷直流电机驱动,TMI9172,0.0,28761.005,7434.200521848168
2026-02,无刷直流电机驱动,TMI9172B,0.0,104424.66166666667,126264.7040294269
2026-03,无刷直流电机驱动,TMI9172B,93982.22,104424.66166666667,141878.74085104355
2026-04,无刷直流电机驱动,TMI9172B,130619.36,113893.68666666665,114310.97016880428
2026-05,无刷直流电机驱动,TMI9172B,133805.21000000002,122433.49833333334,88201.95449460174
2026-06,无刷直流电机驱动,TMI9172B,144955.63,131283.06499999997,94264.60431716841
2026-07,无刷直流电机驱动,TMI9172B,70619.35,116548.57666666668,90752.25170203064
2026-08,无刷直流电机驱动,TMI9172B,106194.48,95663.62833333334,81528.46556150625
2026-07,无刷直流电机驱动,TMI9172N,0.0,100221.04333333333,112704.51635551803
2026-08,无刷直流电机驱动,TMI9172N,132743.09,84734.34833333333,92927.49135524081
2025-01,有刷直流电机驱动,TMI1042,0.0,450922.12166666676,289811.37608411943
2025-02,有刷直流电机驱动,TMI1042,0.0,353635.395,283617.95780160005
2025-03,有刷直流电机驱动,TMI1042,0.0,267446.01499999996,232250.43589921555
2025-04,有刷直流电机驱动,TMI1042,0.0,160171.68166666667,0.0
2025-05,有刷直流电机驱动,TMI1042,212389.19,160171.68166666667,0.0
2025-06,有刷直流电机驱动,TMI1042,354689.97,158578.7283333333,63385.63794514578
2025-07,有刷直流电机驱动,TMI1042,140176.87,94513.19333333331,174534.72549862135
2025-08,有刷直流电机驱动,TMI1042,165663.59,117876.00499999999,242883.86046044927
2025-09,有刷直流电机驱动,TMI1042,263362.61,145486.6033333333,258153.1851592448
2025-10,有刷直流电机驱动,TMI1042,0.0,189380.37166666667,227691.72569738288
2025-11,有刷直流电机驱动,TMI1042,0.0,189380.37166666667,161806.82231511484
2025-12,有刷直流电机驱动,TMI1042,0.0,153982.1733333333,99884.61534291302
2026-01,有刷直流电机驱动,TMI1042,0.0,94867.17833333333,0.0
2026-02,有刷直流电机驱动,TMI1042,72212.33,71504.36666666665,0.0
2026-03,有刷直流电机驱动,TMI1042,0.0,55929.15666666667,19923.076466620696
2026-04,有刷直流电机驱动,TMI1042,0.0,12035.388333333334,20503.63847783245
2026-05,有刷直流电机驱动,TMI1042,0.0,12035.388333333334,21859.662126842428
2026-06,有刷直流电机驱动,TMI1042,361061.64,12035.388333333334,0.0
2026-07,有刷直流电机驱动,TMI1042,0.0,72212.32833333334,109343.49940393386
2026-08,有刷直流电机驱动,TMI1042,0.0,72212.32833333334,122617.5712320226
2025-01,有刷直流电机驱动,TMI8110,29622.989999999998,86749.01000000001,93791.46926795125
2025-02,有刷直流电机驱动,TMI8110,159384.03,82521.06,68614.14325402521
2025-03,有刷直流电机驱动,TMI8110,100632.72,100819.505,99249.59453332199
2025-04,有刷直流电机驱动,TMI8110,361778.53,100109.54833333332,93388.22819751233
2025-05,有刷直流电机驱动,TMI8110,329990.85,142382.00666666668,200639.2389631878
2025-06,有刷直流电机驱动,TMI8110,464698.77999999997,184706.82166666666,236485.25905472497
2025-07,有刷直流电机驱动,TMI8110,100088.43,241017.9833333333,355935.9382092188
2025-08,有刷直流电机驱动,TMI8110,663706.58,252762.2233333333,307282.1443008574
2025-09,有刷直流电机驱动,TMI8110,162451.22999999998,336815.98166666663,480128.6518122299
2025-10,有刷直流电机驱动,TMI8110,146628.21,347119.06666666665,370515.57857253344
2025-11,有刷直流电机驱动,TMI8110,212681.3,311260.67999999993,366885.32003119565
2025-12,有刷直流电机驱动,TMI8110,418990.88,291709.0883333333,197886.369731579
2026-01,有刷直流电机驱动,TMI8110,254760.93,284091.105,266576.8134959208
2026-02,有刷直流电机驱动,TMI8110,7433.63,309869.8549999999,267037.4319549117
2026-03,有刷直流电机驱动,TMI8110,376698.89,200491.02999999994,187936.18221526247
2026-04,有刷直流电机驱动,TMI8110,452999.73,236198.97333333336,181404.4820968264
2026-05,有刷直流电机驱动,TMI8110,233495.44999999998,287260.8933333333,253411.4068952405
2026-06,有刷直流电机驱动,TMI8110,183141.49,290729.91833333333,317833.5293060472
2026-07,有刷直流电机驱动,TMI8110,153637.1,251421.68666666665,263359.7872866916
2026-08,有刷直流电机驱动,TMI8110,214922.0,234567.715,193666.7038943082
2025-01,有刷直流电机驱动,TMI8113,157353.01,154918.14666666667,135593.84099013187
2025-02,有刷直流电机驱动,TMI8113,97174.52,142594.49333333332,134489.98036371794
2025-03,有刷直流电机驱动,TMI8113,78035.01,138617.09333333335,122460.53874601524
2025-04,有刷直流电机驱动,TMI8113,283096.9,130366.5,107227.7801915729
2025-05,有刷直流电机驱动,TMI8113,318089.13,152336.88166666668,147885.0938320656
2025-06,有刷直流电机驱动,TMI8113,200227.59,178153.8866666667,202707.3926227855
2025-07,有刷直流电机驱动,TMI8113,199272.59,188996.0266666667,246657.81436502875
2025-08,有刷直流电机驱动,TMI8113,172414.47,195982.62333333332,246432.48617894438
2025-09,有刷直流电机驱动,TMI8113,162075.34,208522.615,223519.73782151824
2025-10,有刷直流电机驱动,TMI8113,197321.69,222529.33666666667,213514.80407225626
2025-11,有刷直流电机驱动,TMI8113,107808.92,208233.4683333333,200572.2002190885
2025-12,有刷直流电机驱动,TMI8113,127849.95,173186.76666666666,177195.56546645044
2026-01,有刷直流电机驱动,TMI8113,255632.54,161123.8266666667,148300.80965330024
2026-02,有刷直流电机驱动,TMI8113,131290.28,170517.15166666667,148001.23662789137
2026-03,有刷直流电机驱动,TMI8113,250458.2,163663.12000000002,142023.6303086211
2026-04,有刷直流电机驱动,TMI8113,269997.68,178393.59666666668,180975.0496447365
2026-05,有刷直流电机驱动,TMI8113,226808.7,190506.2616666667,197292.4963100759
2026-06,有刷直流电机驱动,TMI8113,354061.93,210339.55833333332,223388.8858943702
2026-07,有刷直流电机驱动,TMI8113,203721.36,248041.55499999996,257675.99833455367
2026-08,有刷直流电机驱动,TMI8113,37747.16,239389.69166666665,266449.6960183845
2025-01,有刷直流电机驱动,TMI8118,81447.40000000001,157862.31833333333,133232.12110389335
2025-02,有刷直流电机驱动,TMI8118,133558.79,153071.00833333333,128580.13676397805
2025-03,有刷直流电机驱动,TMI8118,250707.11000000002,141794.00333333333,125345.12275365775
2025-04,有刷直流电机驱动,TMI8118,146800.85,151253.02833333335,150159.43577016235
2025-05,有刷直流电机驱动,TMI8118,135072.62,161126.05000000002,171363.19940970527
2025-06,有刷直流电机驱动,TMI8118,154599.55000000002,155243.73,158943.8700740643
2025-07,有刷直流电机驱动,TMI8118,242152.64,150364.3866666667,134336.97463552403
2025-08,有刷直流电机驱动,TMI8118,161544.47,177148.59333333335,182637.7683078149
2025-09,有刷直流电机驱动,TMI8118,287246.61,181812.87333333338,218197.45843165467
2025-10,有刷直流电机驱动,TMI8118,191142.1,187902.79,276390.2309356296
2025-11,有刷直流电机驱动,TMI8118,194318.07,195292.99833333332,241350.18875258995
2025-12,有刷直流电机驱动,TMI8118,177543.38,205167.24,255135.146021182
2026-01,有刷直流电机驱动,TMI8118,275298.82,208991.21166666667,192835.1755623447
2026-02,有刷直流电机驱动,TMI8118,164441.56,214515.57499999998,194956.6353224862
2026-03,有刷直流电机驱动,TMI8118,237136.7,214998.42333333334,170305.97893854327
2026-04,有刷直流电机驱动,TMI8118,263853.2,206646.7716666667,192189.3801550355
2026-05,有刷直流电机驱动,TMI8118,196538.76,218765.28833333333,201435.22420854523
2026-06,有刷直流电机驱动,TMI8118,307166.32,219135.40333333332,208520.7226559473
2026-07,有刷直流电机驱动,TMI8118,247605.47,240739.22666666668,232446.4829098558
2026-08,有刷直流电机驱动,TMI8118,195566.32,236123.66833333333,255147.22328850857
2025-01,有刷直流电机驱动,TMI8118S,60397.65,54494.52166666667,53811.233289421565
2025-02,有刷直流电机驱动,TMI8118S,41815.7,60336.775,52331.9218142162
2025-03,有刷直流电机驱动,TMI8118S,58335.14,55987.73,52266.71945326475
2025-04,有刷直流电机驱动,TMI8118S,46633.57,56498.238333333335,51765.47603890967
2025-05,有刷直流电机驱动,TMI8118S,67409.63,54018.23333333334,47364.00108096757
2025-06,有刷直流电机驱动,TMI8118S,75734.3,56450.84333333333,51444.76067178957
2025-07,有刷直流电机驱动,TMI8118S,52364.77,58387.665,58409.4183046942
2025-08,有刷直流电机驱动,TMI8118S,59734.23,57048.85166666668,67141.04340630908
2025-09,有刷直流电机驱动,TMI8118S,69331.8,60035.27333333334,73410.34185809121
2025-10,有刷直流电机驱动,TMI8118S,19848.0,61868.049999999996,72575.6660916406
2025-11,有刷直流电机驱动,TMI8118S,56063.310000000005,57403.78833333333,56162.78444635242
2025-12,有刷直流电机驱动,TMI8118S,70226.43000000001,55512.73500000001,55085.84598838235
2026-01,有刷直流电机驱动,TMI8118S,167020.97,54594.75666666666,50053.8526785209
2026-02,有刷直流电机驱动,TMI8118S,21987.97,73704.12333333334,88359.67190267955
2026-03,有刷直流电机驱动,TMI8118S,57106.04,67413.08,71521.94229659546
2026-04,有刷直流电机驱动,TMI8118S,48627.77,65375.45333333332,69880.76099883446
2026-05,有刷直流电机驱动,TMI8118S,68295.25,70172.08166666668,38663.1335263507
2026-06,有刷直流电机驱动,TMI8118S,51855.65,72210.73833333334,52024.62269340332
2026-07,有刷直流电机驱动,TMI8118S,110745.51000000001,69148.94166666667,51112.74186463493
2026-08,有刷直流电机驱动,TMI8118S,25325.98,59769.698333333334,78413.08481397608
2025-01,有刷直流电机驱动,TMI8122,15221.230000000001,93666.17833333333,82823.11557472823
2025-02,有刷直流电机驱动,TMI8122,258247.68,88356.44666666666,58438.70107849974
2025-03,有刷直流电机驱动,TMI8122,173116.74000000002,122325.90333333332,100106.66245344465
2025-04,有刷直流电机驱动,TMI8122,64424.74,120205.25833333335,143992.12826228328
2025-05,有刷直流电机驱动,TMI8122,141946.85,115634.46166666667,159979.92096144275
2025-06,有刷直流电机驱动,TMI8122,23752.21,116342.43,113254.86899680724
2025-07,有刷直流电机驱动,TMI8122,167205.27000000002,112784.90833333333,70827.13860213032
2025-08,有刷直流电机驱动,TMI8122,121274.32,138115.58166666667,114325.06108770733
2025-09,有刷直流电机驱动,TMI8122,88876.08,115286.68833333335,122028.64549026804
2025-10,有刷直流电机驱动,TMI8122,73628.31,101246.57833333332,150949.22749449004
2025-11,有刷直流电机驱动,TMI8122,114734.48999999999,102780.50666666667,107026.86993424299
2025-12,有刷直流电机驱动,TMI8122,85350.44,98245.11333333334,105147.41969978208
2026-01,有刷直流电机驱动,TMI8122,284884.88,108511.48499999999,93749.9251810014
2026-02,有刷直流电机驱动,TMI8122,57345.11,128124.75333333334,146096.85849625073
2026-03,有刷直流电机驱动,TMI8122,340887.03,117469.885,117967.6324323084
2026-04,有刷直流电机驱动,TMI8122,198007.46,159471.71,193961.1201595938
2026-05,有刷直流电机驱动,TMI8122,201734.41,180201.56833333336,180489.8997531817
2026-06,有刷直流电机驱动,TMI8122,83283.14,194701.55499999996,221405.20139757317
2026-07,有刷直流电机驱动,TMI8122,233982.19,194357.00499999998,146278.74867299708
2026-08,有刷直流电机驱动,TMI8122,193539.75,185873.22333333336,176253.80416720873
2025-06,有刷直流电机驱动,TMI8123,96106.15,75843.635,102742.8972902436
2025-07,有刷直流电机驱动,TMI8123,128433.59,82289.05833333333,99551.30100275051
2025-08,有刷直流电机驱动,TMI8123,236548.62,101703.50666666665,144578.57821319488
2025-09,有刷直流电机驱动,TMI8123,5341.6,134225.62333333332,180205.82151507016
2025-10,有刷直流电机驱动,TMI8123,24557.520000000004,115629.16999999998,148136.3538073147
2025-11,有刷直流电机驱动,TMI8123,67699.09,114574.59999999999,100490.5111213346
2025-12,有刷直流电机驱动,TMI8123,150884.91,93114.42833333333,37015.731519393914
2026-01,有刷直流电机驱动,TMI8123,43840.689999999995,102244.22166666666,83278.76031278193
2026-02,有刷直流电机驱动,TMI8123,127300.84999999999,88145.40499999998,79055.27727767728
2026-03,有刷直流电机驱动,TMI8123,51769.89,69937.44333333333,88845.73572995645
2026-04,有刷直流电机驱动,TMI8123,210929.13999999998,77675.49166666667,63292.45121015558
2026-05,有刷直流电机驱动,TMI8123,348716.69,108737.42833333333,118058.30952012059
2026-06,有刷直流电机驱动,TMI8123,104601.72,155573.69499999998,182777.9345691779
2026-07,有刷直流电机驱动,TMI8123,120973.42,147859.83,201159.9780787832
2026-08,有刷直流电机驱动,TMI8123,123451.29000000001,160715.285,195031.1569320785
2026-03,有刷直流电机驱动,TMI8129,416627.99,90044.175,145028.27596249347
2026-04,有刷直流电机驱动,TMI8129,1084777.83,159172.43833333332,224130.4002935595
2026-05,有刷直流电机驱动,TMI8129,465132.35,338906.7966666667,526825.8843162789
2026-06,有刷直流电机驱动,TMI8129,759822.38,415366.9083333334,587881.1636770654
2026-07,有刷直流电机驱动,TMI8129,707256.06,516517.26666666666,699476.8006859068
2026-08,有刷直流电机驱动,TMI8129,806017.03,612092.41,656184.3406519388
2025-01,有刷直流电机驱动,TMI8140,432458.32,341633.36999999994,468396.7462529132
2025-02,有刷直流电机驱动,TMI8140,565914.03,395379.99333333335,496970.89600786846
2025-03,有刷直流电机驱动,TMI8140,211380.48,473076.5799999999,518113.93282663915
2025-04,有刷直流电机驱动,TMI8140,773415.47,460496.93333333335,390059.29694118066
2025-05,有刷直流电机驱动,TMI8140,209615.0,539113.2433333333,500378.9514771167
2025-06,有刷直流电机驱动,TMI8140,494468.91,473864.7416666667,356461.17410409456
2025-07,有刷直流电机驱动,TMI8140,255067.7,447875.36833333335,454742.4185235148
2025-08,有刷直流电机驱动,TMI8140,366143.74,418310.2650000001,329389.1263163288
2025-09,有刷直流电机驱动,TMI8140,560398.06,385015.2166666666,436038.1034558561
2025-10,有刷直流电机驱动,TMI8140,195930.91,443184.8133333333,472665.5921856179
2025-11,有刷直流电机驱动,TMI8140,714336.12,346937.38666666666,423339.51245992776
2025-12,有刷直流电机驱动,TMI8140,763052.8,431057.5733333333,557774.0014533595
2026-01,有刷直流电机驱动,TMI8140,591698.92,475821.555,573131.2408065682
2026-02,有刷直流电机驱动,TMI8140,369026.42000000004,531926.7583333333,623311.4456687378
2026-03,有刷直流电机驱动,TMI8140,703302.43,532407.205,475583.0991010703
2026-04,有刷直流电机驱动,TMI8140,1401523.06,556224.6,472476.4290690208
2026-05,有刷直流电机驱动,TMI8140,1075601.1,757156.625,748868.882979455
2026-06,有刷直流电机驱动,TMI8140,1297839.51,817367.4550000001,950763.5871205496
2026-07,有刷直流电机驱动,TMI8140,1321002.23,906498.5733333334,1143205.7357312092
2026-08,有刷直流电机驱动,TMI8140,1652893.45,1028049.125,1254643.4123999877
2025-01,有刷直流电机驱动,TMI8180A,2228307.2,1710789.0899999999,1825476.8445364519
2025-02,有刷直流电机驱动,TMI8180A,1896896.6199999999,1872986.5616666668,1909084.0353943661
2025-03,有刷直流电机驱动,TMI8180A,2548437.51,1950643.241666667,1966247.0784832798
2025-04,有刷直流电机驱动,TMI8180A,2879264.25,2121170.1,2151774.958209774
2025-05,有刷直流电机驱动,TMI8180A,3862110.51,2298911.105,2363481.827450022
2025-06,有刷直流电机驱动,TMI8180A,1774396.95,2591156.308333333,2772460.675256556
2025-07,有刷直流电机驱动,TMI8180A,854669.98,2531568.84,2620970.7262276667
2025-08,有刷直流电机驱动,TMI8180A,993588.3099999999,2302629.303333333,2229181.751283162
2025-09,有刷直流电机驱动,TMI8180A,338226.55,2152077.9183333335,1415831.8019350425
2025-10,有刷直流电机驱动,TMI8180A,266893.62,1783709.425,874634.2608987791
2025-11,有刷直流电机驱动,TMI8180A,30863.7,1348314.3199999998,602951.3790929957
2025-12,有刷直流电机驱动,TMI8180A,64874.21000000001,709773.1849999999,241207.376473248
2026-01,有刷直流电机驱动,TMI8180A,524788.34,424852.72833333333,124205.45972044344
2026-02,有刷直流电机驱动,TMI8180A,-119499.40000000001,369872.455,186933.1530955692
2026-03,有刷直流电机驱动,TMI8180A,643079.18,184357.83666666667,129716.02480126667
2026-04,有刷直流电机驱动,TMI8180A,1082962.78,235166.6083333333,297668.84580742463
2026-05,有刷直流电机驱动,TMI8180A,490539.45,371178.135,486322.4542677473
2026-06,有刷直流电机驱动,TMI8180A,677362.3,447790.76000000007,662629.6293530628
2026-07,有刷直流电机驱动,TMI8180A,467150.13,549872.1083333334,681649.2729451705
2026-08,有刷直流电机驱动,TMI8180A,486318.16000000003,540265.74,555268.3202899995
2025-01,有刷直流电机驱动,TMI8180G,2553918.39,967185.1433333334,1195995.0628519047
2025-02,有刷直流电机驱动,TMI8180G,1529375.81,1326174.5616666668,1696303.1818509395
2025-03,有刷直流电机驱动,TMI8180G,2705227.59,1496327.1883333335,1894236.8126781343
2025-04,有刷直流电机驱动,TMI8180G,2523706.21,1792417.61,2188815.7407139814
2025-05,有刷直流电机驱动,TMI8180G,1070586.24,2084362.826666667,2180753.2807711223
2025-06,有刷直流电机驱动,TMI8180G,1526772.52,2054581.6066666665,1880034.9324917633
2025-07,有刷直流电机驱动,TMI8180G,1192915.63,1984931.1266666667,1576153.2636811335
2025-08,有刷直流电机驱动,TMI8180G,879572.89,1758097.3333333333,1301645.2840247604
2025-09,有刷直流电机驱动,TMI8180G,538725.23,1649796.846666667,1406688.7148493312
2025-10,有刷直流电机驱动,TMI8180G,2247687.69,1288713.12,1044533.658088377
2025-11,有刷直流电机驱动,TMI8180G,866642.23,1242710.0333333332,1382623.0532503666
2025-12,有刷直流电机驱动,TMI8180G,1795743.31,1208719.365,1385481.4412881064
2026-01,有刷直流电机驱动,TMI8180G,5802758.65,1253547.83,1681756.4175767964
2026-02,有刷直流电机驱动,TMI8180G,3243050.78,2021855.0,2550119.5071849716
2026-03,有刷直流电机驱动,TMI8180G,1653509.2,2415767.9816666665,2991138.5528748496
2026-04,有刷直流电机驱动,TMI8180G,4312750.79,2601565.31,3037915.563016143
2026-05,有刷直流电机驱动,TMI8180G,2661285.39,2945742.4933333336,2787784.604835366
2026-06,有刷直流电机驱动,TMI8180G,1617663.2,3244849.686666667,2579137.03127923
2026-07,有刷直流电机驱动,TMI8180G,1182291.81,3215169.668333333,2601900.53985189
2026-08,有刷直流电机驱动,TMI8180G,1025203.3,2445091.861666667,1854652.9444728598
2026-05,有刷直流电机驱动,TMI8180I,350442.0,108008.74166666665,193964.28321096717
2026-06,有刷直流电机驱动,TMI8180I,147636.97,166415.74166666667,296309.54448284354
2026-07,有刷直流电机驱动,TMI8180I,905600.55,191021.90333333332,299335.78231843974
2026-08,有刷直流电机驱动,TMI8180I,1088812.81,340738.515,476693.6014873563
2025-01,有刷直流电机驱动,TMI8230,75626.18,43834.03166666667,37131.877412939844
2025-02,有刷直流电机驱动,TMI8230,63199.44,46969.385,50737.041296425734
2025-03,有刷直流电机驱动,TMI8230,48107.340000000004,54737.136666666665,55199.36666290136
2025-04,有刷直流电机驱动,TMI8230,1008.85,51677.37666666667,60272.59217300929
2025-05,有刷直流电机驱动,TMI8230,45790.27,47372.736666666664,36241.70728164901
2025-06,有刷直流电机驱动,TMI8230,1290.0,45094.275,28323.976903982075
2025-07,有刷直流电机驱动,TMI8230,46761.2,39170.346666666665,14800.793170869234
2025-08,有刷直流电机驱动,TMI8230,89765.65,34359.51666666666,32226.77154818099
2025-09,有刷直流电机驱动,TMI8230,223893.25,38787.21833333333,53862.55830199052
2025-10,有刷直流电机驱动,TMI8230,70125.56999999999,68084.87,144174.68715518928
2025-11,有刷直流电机驱动,TMI8230,48811.979999999996,79604.32333333333,144743.94697710895
2025-12,有刷直流电机驱动,TMI8230,39884.19,80107.94166666667,130024.23763078268
2026-01,有刷直流电机驱动,TMI8230,143585.53,86540.30666666666,54398.268209884394
2026-02,有刷直流电机驱动,TMI8230,16691.18,102677.695,69974.71998549471
2026-03,有刷直流电机驱动,TMI8230,65147.66,90498.61666666668,55223.54584497714
2026-04,有刷直流电机驱动,TMI8230,59057.619999999995,64041.01833333333,64005.963892497835
2026-05,有刷直流电机驱动,TMI8230,76730.83,62196.36000000001,42651.289751600154
2026-06,有刷直流电机驱动,TMI8230,144117.11000000002,66849.50166666666,60068.274276894816
2026-07,有刷直流电机驱动,TMI8230,70905.01,84221.65500000001,84766.28376533653
2026-08,有刷直流电机驱动,TMI8230,129050.20999999999,72108.235,99080.1408002737
2025-04,有刷直流电机驱动,TMI8260C,34513.2,84498.94333333331,79686.46942617215
2025-05,有刷直流电机驱动,TMI8260C,42663.64,86959.11166666666,35680.07125993881
2025-06,有刷直流电机驱动,TMI8260C,148353.77,79255.57333333333,27382.57467755912
2025-07,有刷直流电机驱动,TMI8260C,60289.35,78779.15166666667,69413.45386045685
2025-08,有刷直流电机驱动,TMI8260C,94354.95000000001,60313.63999999999,86303.0549610268
2025-09,有刷直流电机驱动,TMI8260C,69026.48,65791.68833333334,118419.85367366624
2025-10,有刷直流电机驱动,TMI8260C,1927.44,74866.89833333333,89472.43711506981
2025-11,有刷直流电机驱动,TMI8260C,78796.39,69435.93833333332,62346.08272222634
2025-12,有刷直流电机驱动,TMI8260C,154406.87,75458.06333333334,56795.275957479236
2026-01,有刷直流电机驱动,TMI8260C,144371.58,76466.91333333334,80534.96254969796
2026-02,有刷直流电机驱动,TMI8260C,80070.63,90480.61833333333,113744.18950166096
2026-03,有刷直流电机驱动,TMI8260C,89522.03,88099.89833333333,104522.85904843258
2026-04,有刷直流电机驱动,TMI8260C,185575.06,91515.82333333335,89145.56934982463
2026-05,有刷直流电机驱动,TMI8260C,134389.28,122123.76000000001,107514.13723336408
2026-06,有刷直流电机驱动,TMI8260C,61168.06,131389.24166666667,122412.73898360049
2026-07,有刷直流电机驱动,TMI8260C,106300.8,115849.43999999999,115421.70570160783
2026-08,有刷直流电机驱动,TMI8260C,133366.23,109504.31000000001,102511.89238329459
2025-01,有刷直流电机驱动,TMI8260DP,97420.31,132325.74166666667,86430.19827962818
2025-02,有刷直流电机驱动,TMI8260DP,44336.26,119990.34000000001,96096.68921356834
2025-03,有刷直流电机驱动,TMI8260DP,73805.27,97789.755,81795.83317393893
2025-04,有刷直流电机驱动,TMI8260DP,83274.28,83694.83666666667,69503.37099665828
2025-05,有刷直流电机驱动,TMI8260DP,204261.96,87839.37833333334,64992.31520952367
2025-06,有刷直流电机驱动,TMI8260DP,56017.65,103606.29833333334,107839.11425723821
2025-07,有刷直流电机驱动,TMI8260DP,90353.92,93185.955,105738.47200650709
2025-08,有刷直流电机驱动,TMI8260DP,54778.71,92008.22333333334,120413.57268212299
2025-09,有刷直流电机驱动,TMI8260DP,59805.25,93748.63166666667,78614.978385892
2025-10,有刷直流电机驱动,TMI8260DP,62911.46,91415.295,81978.93162797448
2025-11,有刷直流电机驱动,TMI8260DP,72893.75,88021.49166666665,66942.22843660058
2025-12,有刷直流电机驱动,TMI8260DP,103141.51000000001,66126.79,74188.4945404751
2026-01,有刷直流电机驱动,TMI8260DP,63132.71000000001,73980.76666666668,81841.99318325153
2026-02,有刷直流电机驱动,TMI8260DP,9646.0,69443.89833333333,72049.20460909833
2026-03,有刷直流电机驱动,TMI8260DP,37477.85,61921.78,48535.64474494502
2026-04,有刷直流电机驱动,TMI8260DP,38097.32,58200.54666666666,31305.743022686594
2026-05,有刷直流电机驱动,TMI8260DP,35132.71,54064.85666666667,25797.61631087378
2026-06,有刷直流电机驱动,TMI8260DP,52168.11,47771.350000000006,33095.25251809423
2026-07,有刷直流电机驱动,TMI8260DP,71061.9,39275.78333333333,37975.43113786448
2026-08,有刷直流电机驱动,TMI8260DP,57982.25,40597.314999999995,53780.43510824592
2025-01,有刷直流电机驱动,TMI8260SP,358698.88,388178.2266666666,328068.8444319503
2025-02,有刷直流电机驱动,TMI8260SP,104867.21,361852.395,303162.70474545273
2025-03,有刷直流电机驱动,TMI8260SP,235433.43,324054.49666666664,264421.34453877975
2025-04,有刷直流电机驱动,TMI8260SP,278897.17,297815.57166666666,225377.65944587436
2025-05,有刷直流电机驱动,TMI8260SP,298254.68,274409.105,199801.09428632614
2025-06,有刷直流电机驱动,TMI8260SP,184551.63,275674.15333333326,242508.7470677529
2025-07,有刷直流电机驱动,TMI8260SP,175008.71,243450.5,234435.89038458865
2025-08,有刷直流电机驱动,TMI8260SP,300284.07,212835.47166666668,225904.9689918765
2025-09,有刷直流电机驱动,TMI8260SP,237157.78,245404.94833333336,257885.06995964237
2025-10,有刷直流电机驱动,TMI8260SP,543793.41,245692.34,284993.3635819407
2025-11,有刷直流电机驱动,TMI8260SP,143283.06,289841.7133333334,407786.84750641574
2025-12,有刷直流电机驱动,TMI8260SP,270022.3,264013.11000000004,350531.08923850546
2026-01,有刷直流电机驱动,TMI8260SP,440999.6,278258.22166666674,327817.3101101301
2026-02,有刷直流电机驱动,TMI8260SP,279849.3,322590.0366666667,257358.84642750266
2026-03,有刷直流电机驱动,TMI8260SP,351619.58,319184.24166666664,273377.173762046
2026-04,有刷直流电机驱动,TMI8260SP,425799.19,338261.2083333334,304511.7917229714
2026-05,有刷直流电机驱动,TMI8260SP,69144.63,318595.505,320049.5370762692
2026-06,有刷直流电机驱动,TMI8260SP,292297.97,306239.10000000003,253073.4893990962
2026-07,有刷直流电机驱动,TMI8260SP,268858.17,309951.7116666666,238407.41485475117
2026-08,有刷直流电机驱动,TMI8260SP,268539.65,281261.4733333333,214051.95401836012
2025-01,有刷直流电机驱动,TMI8261,63584.03999999999,173254.65666666665,171640.17507037806
2025-02,有刷直流电机驱动,TMI8261,200622.86,144471.93,110885.09943926323
2025-03,有刷直流电机驱动,TMI8261,466300.59,159922.36000000002,114973.22831431344
2025-04,有刷直流电机驱动,TMI8261,512574.94,216612.58833333335,235536.74014522994
2025-05,有刷直流电机驱动,TMI8261,114929.1,259204.81499999997,380597.3878217687
2025-06,有刷直流电机驱动,TMI8261,232035.25999999998,243280.04666666666,326436.1253974562
2025-07,有刷直流电机驱动,TMI8261,265725.47,265007.79833333334,264547.64407279075
2025-08,有刷直流电机驱动,TMI8261,602845.66,298698.0366666667,210408.20419057633
2025-09,有刷直流电机驱动,TMI8261,516981.95,365735.17,430146.791549207
2025-10,有刷直流电机驱动,TMI8261,671176.77,374182.0633333334,554246.7854759181
2025-11,有刷直流电机驱动,TMI8261,260277.73,400615.70166666666,675475.5944514635
2025-12,有刷直流电机驱动,TMI8261,215176.86000000002,424840.4733333334,549343.4229593353
2026-01,有刷直流电机驱动,TMI8261,308670.61,422030.74,392734.39680955844
2026-02,有刷直流电机驱动,TMI8261,315620.92,429188.26333333337,236217.23667241124
2026-03,有刷直流电机驱动,TMI8261,239229.91,381317.4733333333,231605.77875386324
2026-04,有刷直流电机驱动,TMI8261,509697.01,335025.4666666667,245184.32549700703
2026-05,有刷直流电机驱动,TMI8261,448364.07,308112.1733333333,322253.2232412374
2026-06,有刷直流电机驱动,TMI8261,418194.46,339459.89666666667,357920.7519075339
2026-07,有刷直流电机驱动,TMI8261,217619.29,373296.1633333334,416783.6738836357
2026-08,有刷直流电机驱动,TMI8261,298388.22,358120.9433333333,368189.90539130376
2025-01,有刷直流电机驱动,TMI8340,139911.42,137588.53166666668,121813.05697925415
2025-02,有刷直流电机驱动,TMI8340,118805.16,150464.63,150142.44799409853
2025-03,有刷直流电机驱动,TMI8340,173336.19,142035.44166666668,120343.16222539806
2025-04,有刷直流电机驱动,TMI8340,164893.64,139331.9016666667,139306.3074774453
2025-05,有刷直流电机驱动,TMI8340,126345.05,160964.62000000002,147474.82897127836
2025-06,有刷直流电机驱动,TMI8340,128017.65,141256.51666666666,138648.1823396452
2025-07,有刷直流电机驱动,TMI8340,162751.22999999998,141884.85166666668,129038.05213976944
2025-08,有刷直流电机驱动,TMI8340,52355.72,145691.48666666666,143244.08315080695
2025-09,有刷直流电机驱动,TMI8340,91778.71,134616.58,134102.38858562778
2025-10,有刷直流电机驱动,TMI8340,66430.41,121023.66666666664,122759.92383031297
2025-11,有刷直流电机驱动,TMI8340,180159.18,104613.12833333334,79414.32866265648
2025-12,有刷直流电机驱动,TMI8340,364391.27,113582.14999999998,128331.76087423874
2026-01,有刷直流电机驱动,TMI8340,227415.7,152977.75333333333,209267.95471064496
2026-02,有刷直流电机驱动,TMI8340,216902.44,163755.165,232554.3303003654
2026-03,有刷直流电机驱动,TMI8340,269853.79,191179.61833333332,223119.50624921956
2026-04,有刷直流电机驱动,TMI8340,211556.07,220858.79833333334,202778.7091724621
2026-05,有刷直流电机驱动,TMI8340,352566.04,245046.40833333333,211388.70518397933
2026-06,有刷直流电机驱动,TMI8340,189159.12,273780.885,249310.55498944514
2026-07,有刷直流电机驱动,TMI8340,189052.95,244575.5266666667,228122.8372072413
2026-08,有刷直流电机驱动,TMI8340,149993.23,238181.735,248174.34762033384
2025-01,有刷直流电机驱动,TMI8360SP,85672.55,82429.68166666667,85377.99276638415
2025-02,有刷直流电机驱动,TMI8360SP,15663.7,83920.83666666666,87447.42392078252
2025-03,有刷直流电机驱动,TMI8360SP,60438.020000000004,77593.405,67551.69442052864
2025-04,有刷直流电机驱动,TMI8360SP,122932.6,74148.71333333333,52160.70295894471
2025-05,有刷直流电机驱动,TMI8360SP,192743.3,82557.83833333333,64223.86238177233
2025-06,有刷直流电机驱动,TMI8360SP,111637.11,98513.58833333333,112247.80677043651
2025-07,有刷直流电机驱动,TMI8360SP,36504.4,98181.21333333333,131517.72126900175
2025-08,有刷直流电机驱动,TMI8360SP,151991.1,89986.52166666667,117065.69490135953
2025-09,有刷直流电机驱动,TMI8360SP,248229.96000000002,112707.755,117299.95428319239
2025-10,有刷直流电机驱动,TMI8360SP,96769.86,144006.41166666665,174698.2384395491
2025-11,有刷直流电机驱动,TMI8360SP,168318.48,139645.95500000002,187439.65166851226
2025-12,有刷直流电机驱动,TMI8360SP,108352.16,135575.15166666667,194684.43506076292
2026-01,有刷直流电机驱动,TMI8360SP,148181.33,135027.66,127907.65596343002
2026-02,有刷直流电机驱动,TMI8360SP,0.0,153640.48166666666,127986.39598399613
2026-03,有刷直流电机驱动,TMI8360SP,134601.71,128308.63166666667,70776.50503063777
2026-04,有刷直流电机驱动,TMI8360SP,93530.93,109370.58999999998,80292.12213236206
2026-05,有刷直流电机驱动,TMI8360SP,29433.61,108830.76833333331,69058.87720981412
2026-06,有刷直流电机驱动,TMI8360SP,124114.96,85683.29,76997.41051755834
2026-07,有刷直流电机驱动,TMI8360SP,94114.98999999999,88310.42333333332,74825.27681692876
2026-08,有刷直流电机驱动,TMI8360SP,118805.24,79299.36666666667,84107.25717048287
2025-01,有刷直流电机驱动,TMI8460SP,64247.76,78675.99666666667,64874.784475578694
2025-02,有刷直流电机驱动,TMI8460SP,32654.86,83540.53666666667,57665.65828313395
2025-03,有刷直流电机驱动,TMI8460SP,48805.3,76202.78,54227.45927126026
2025-04,有刷直流电机驱动,TMI8460SP,235539.72,60139.365,46980.4471000591
2025-05,有刷直流电机驱动,TMI8460SP,55752.2,85399.67666666668,102288.67397420877
2025-06,有刷直流电机驱动,TMI8460SP,145619.4,85443.92333333332,101498.94753622157
2025-07,有刷直流电机驱动,TMI8460SP,133017.62000000002,97103.20666666667,134471.87391516962
2025-08,有刷直流电机驱动,TMI8460SP,172971.62,108564.84999999999,114834.99780123257
2025-09,有刷直流电机驱动,TMI8460SP,177610.53,131950.97666666665,176500.89014284287
2025-10,有刷直流电机驱动,TMI8460SP,182986.61000000002,153418.51499999998,193448.8269329915
2025-11,有刷直流电机驱动,TMI8460SP,228053.0,144659.66333333333,201234.94915279342
2025-12,有刷直流电机驱动,TMI8460SP,222740.61,173376.46333333335,223255.27836108513
2026-01,有刷直流电机驱动,TMI8460SP,282544.08999999997,186229.99833333332,217076.99710177924
2026-02,有刷直流电机驱动,TMI8460SP,239336.16999999998,211151.07666666666,220917.5333756672
2026-03,有刷直流电机驱动,TMI8460SP,189307.87,222211.83499999996,205437.7490887169
2026-04,有刷直流电机驱动,TMI8460SP,210530.85,224161.3916666667,201931.50265675824
2026-05,有刷直流电机驱动,TMI8460SP,221814.04,228752.0983333333,193487.00056294643
2026-06,有刷直流电机驱动,TMI8460SP,255796.34,227712.27166666664,185838.21739491558
2026-07,有刷直流电机驱动,TMI8460SP,233921.14,233221.55999999997,208395.91315302093
2026-08,有刷直流电机驱动,TMI8460SP,195663.62,225117.73500000002,241638.15030981778
2025-01,有刷直流电机驱动,TMI8723,192630.04,96674.45833333333,80138.40634862946
2025-02,有刷直流电机驱动,TMI8723,159141.54,109058.23,107684.86464076156
2025-03,有刷直流电机驱动,TMI8723,116415.87999999999,112236.24333333335,145196.66754464456
2025-04,有刷直流电机驱动,TMI8723,128884.91,122321.78666666668,150957.17650379636
2025-05,有刷直流电机驱动,TMI8723,260707.86000000002,128221.49,130504.3700166049
2025-06,有刷直流电机驱动,TMI8723,248044.16,161343.89833333335,151013.717251862
2025-07,有刷直流电机驱动,TMI8723,404973.25,184304.06499999997,196250.88417168008
2025-08,有刷直流电机驱动,TMI8723,138053.01,219694.6,313788.9414359131
2025-09,有刷直流电机驱动,TMI8723,111637.11,216179.845,309171.7494503041
2025-10,有刷直流电机驱动,TMI8723,226743.46000000002,215383.38333333333,261877.4218244541
2025-11,有刷直流电机驱动,TMI8723,79778.73,231693.1416666667,179686.47048598446
2025-12,有刷直流电机驱动,TMI8723,174530.89,201538.28666666665,158593.81418099467
2026-01,有刷直流电机驱动,TMI8723,94991.96,189286.07500000004,164766.19931900364
2026-02,有刷直流电机驱动,TMI8723,96159.25,137622.52666666667,105226.88722783963
2026-03,有刷直流电机驱动,TMI8723,269668.02,130640.23333333332,100890.14494857645
2026-04,有刷直流电机驱动,TMI8723,365999.77,156978.71833333335,130842.90308252236
2026-05,有刷直流电机驱动,TMI8723,279353.82,180188.10333333336,221534.07637846883
2026-06,有刷直流电机驱动,TMI8723,128123.82,213450.61833333338,273538.53440661257
2026-07,有刷直流电机驱动,TMI8723,203884.87,205716.1066666667,234239.02555611092
2026-08,有刷直流电机驱动,TMI8723,236743.24,223864.92500000005,207620.46646249414
2025-01,有刷直流电机驱动,TMI8837,453061.29,378257.12166666664,350140.50439715636
2025-02,有刷直流电机驱动,TMI8837,261377.63,391630.3066666667,383680.03018361656
2025-03,有刷直流电机驱动,TMI8837,186596.99,372487.0783333333,325074.270999099
2025-04,有刷直流电机驱动,TMI8837,383055.05,343686.77166666667,290520.0342233189
2025-05,有刷直流电机驱动,TMI8837,518166.52,355186.13166666665,268154.4326689471
2025-06,有刷直流电机驱动,TMI8837,447586.77,353715.3466666667,324649.63680199475
2025-07,有刷直流电机驱动,TMI8837,493736.71,374974.0416666667,415134.09410451824
2025-08,有刷直流电机驱动,TMI8837,322402.97000000003,381753.2783333333,501213.9175447132
2025-09,有刷直流电机驱动,TMI8837,515069.31,391924.1683333334,493898.5297580993
2025-10,有刷直流电机驱动,TMI8837,422126.14,446669.555,532508.1472188302
2025-11,有刷直流电机驱动,TMI8837,609307.83,453181.4033333333,475056.3432567508
2025-12,有刷直流电机驱动,TMI8837,426422.05,468371.62166666664,586536.88634599
2026-01,有刷直流电机驱动,TMI8837,355602.49,464844.1683333333,499332.4137322421
2026-02,有刷直流电机驱动,TMI8837,443492.92,441821.79833333334,419138.0250682886
2026-03,有刷直流电机驱动,TMI8837,269095.61,462003.4566666666,338115.0845950929
2026-04,有刷直流电机驱动,TMI8837,408983.61,421007.84,303297.26930770813
2026-05,有刷直流电机驱动,TMI8837,504617.56999999995,418817.4183333333,339515.26050024433
2026-06,有刷直流电机驱动,TMI8837,396074.73000000004,401369.04166666657,353557.93027008977
2026-07,有刷直流电机驱动,TMI8837,259253.22,396311.15499999997,396620.77390561765
2026-08,有刷直流电机驱动,TMI8837,216525.39,380252.94333333336,393920.83419292484
2026-04,有刷直流电机驱动,TMI8837S,44867.090000000004,23022.053333333333,17548.66006293755
2026-05,有刷直流电机驱动,TMI8837S,63663.5,27482.208333333332,26585.135101817716
2026-06,有刷直流电机驱动,TMI8837S,2867.26,37331.73166666667,40063.396911520555
2026-07,有刷直流电机驱动,TMI8837S,53946.76,28867.160000000003,33735.59912117641
2026-08,有刷直流电机驱动,TMI8837S,33311.88,34716.70333333334,40914.51224355328
2025-01,有刷直流电机驱动,TMI8870,1950749.03,1625325.57,1678221.0060829904
2025-02,有刷直流电机驱动,TMI8870,1519185.66,1767005.9549999998,1629653.8710725687
2025-03,有刷直流电机驱动,TMI8870,2341724.73,1768632.3616666666,1499063.9374905953
2025-04,有刷直流电机驱动,TMI8870,2108152.9,1896121.7366666666,1873847.0629796248
2025-05,有刷直流电机驱动,TMI8870,2777969.12,1915181.9416666667,1926081.3877980895
2025-06,有刷直流电机驱动,TMI8870,1796308.64,1999711.7116666667,2157085.665322697
2025-07,有刷直流电机驱动,TMI8870,1962714.61,2082348.346666667,2056707.9222355324
2025-08,有刷直流电机驱动,TMI8870,2273433.07,2084342.61,2244915.3846395654
2025-09,有刷直流电机驱动,TMI8870,1547398.44,2210050.5116666667,2357647.343123945
2025-10,有刷直流电机驱动,TMI8870,992073.67,2077662.7966666666,2313525.112774256
2025-11,有刷直流电机驱动,TMI8870,1131357.52,1891649.5916666666,1815182.6002229138
2025-12,有刷直流电机驱动,TMI8870,2334127.89,1617214.325,1392222.706108197
2026-01,有刷直流电机驱动,TMI8870,1900692.23,1706850.8666666665,1526765.1292275575
2026-02,有刷直流电机驱动,TMI8870,1771599.14,1696513.8033333335,1616557.7303395956
2026-03,有刷直流电机驱动,TMI8870,2323564.61,1612874.8150000002,1657145.6731497692
2026-04,有刷直流电机驱动,TMI8870,1798025.99,1742235.8433333335,1702435.9050465454
2026-05,有刷直流电机驱动,TMI8870,2033064.03,1876561.2300000002,1783949.3139990685
2026-06,有刷直流电机驱动,TMI8870,1555640.25,2026845.6483333332,1839885.734796004
2026-07,有刷直流电机驱动,TMI8870,1153694.95,1897097.7083333333,1631311.3131234252
2026-08,有刷直流电机驱动,TMI8870,580311.1,1772598.1616666664,1610532.4160030242
2026-05,有刷直流电机驱动,TMI8870D,187698.98,30389.358333333326,44522.989793775996
2026-06,有刷直流电机驱动,TMI8870D,0.0,55796.418333333335,100079.41012041178
2026-07,有刷直流电机驱动,TMI8870D,0.0,55796.418333333335,89806.40081080756
2026-08,有刷直流电机驱动,TMI8870D,2654.87,55796.418333333335,63743.1133651528
2026-05,有刷直流电机驱动,TMI8870I,225689.87,99321.48166666667,161196.06019934674
2026-06,有刷直流电机驱动,TMI8870I,385379.75,136936.46,214449.57670170994
2026-07,有刷直流电机驱动,TMI8870I,939919.53,199552.115,306734.9657144562
2026-08,有刷直流电机驱动,TMI8870I,868615.1900000001,347248.74833333335,526720.3754467497
2025-01,有刷直流电机驱动,TMI8876,0.0,36997.528333333335,36677.62662873908
2025-02,有刷直流电机驱动,TMI8876,119515.06000000001,22748.706666666665,13843.991997021505
2025-03,有刷直流电机驱动,TMI8876,12743.349999999999,40190.006666666675,50740.29249225552
2025-04,有刷直流电机驱动,TMI8876,38230.049999999996,42313.89833333334,42643.93613293586
2025-05,有刷直流电机驱动,TMI8876,4070.8,36233.06166666667,55012.76057677035
2025-06,有刷直流电机驱动,TMI8876,21061.94,36085.57,16427.444975802173
2025-07,有刷直流电机驱动,TMI8876,18584.06,32603.53333333333,19501.699126938096
2025-08,有刷直流电机驱动,TMI8876,0.0,35700.87666666666,15013.099500865861
2025-09,有刷直流电机驱动,TMI8876,0.0,15781.699999999999,15494.730770879733
2025-10,有刷直流电机驱动,TMI8876,14867.25,13657.808333333332,7433.966742069233
2025-11,有刷直流电机驱动,TMI8876,0.0,9764.008333333333,5607.169163711661
2025-12,有刷直流电机驱动,TMI8876,11150.44,9085.541666666666,5638.649873104324
2026-01,有刷直流电机驱动,TMI8876,0.0,7433.625,8911.357342021483
2026-02,有刷直流电机驱动,TMI8876,0.0,4336.281666666667,3359.0632267417514
2026-03,有刷直流电机驱动,TMI8876,4247.79,4336.281666666667,3076.3592416484285
2026-04,有刷直流电机驱动,TMI8876,0.0,5044.246666666667,1206.0980512573392
2026-05,有刷直流电机驱动,TMI8876,0.0,2566.3716666666664,1285.8642587184208
2026-06,有刷直流电机驱动,TMI8876,29734.5,2566.3716666666664,1269.84350792225
2026-07,有刷直流电机驱动,TMI8876,18584.06,5663.715,9004.762408508064
2026-08,有刷直流电机驱动,TMI8876,0.0,8761.058333333334,16409.121923416616
2025-01,有刷直流电机驱动,TMI8876R,8353.97,264125.0833333333,27199.381488118117
2025-02,有刷直流电机驱动,TMI8876R,212.39,177794.42666666664,22930.440240372536
2025-03,有刷直流电机驱动,TMI8876R,69451.26,48498.52166666667,20078.04989721339
2025-04,有刷直流电机驱动,TMI8876R,0.0,28035.37166666667,25155.136860662842
2025-05,有刷直流电机驱动,TMI8876R,42442.44,24560.448333333334,22478.880379082126
2025-06,有刷直流电机驱动,TMI8876R,7716.81,29297.906666666666,33393.66545228954
2025-07,有刷直流电机驱动,TMI8876R,86619.41,21362.811666666665,15437.934502771575
2025-08,有刷直流电机驱动,TMI8876R,67256.58,34407.051666666666,46972.139593362306
2025-09,有刷直流电机驱动,TMI8876R,16991.14,45581.083333333336,63154.8436289314
2025-10,有刷直流电机驱动,TMI8876R,0.0,36837.73,68350.00326800602
2025-11,有刷直流电机驱动,TMI8876R,0.0,36837.73,31773.947279894677
2025-12,有刷直流电机驱动,TMI8876R,0.0,29763.99,6444.170199929227
2026-01,有刷直流电机驱动,TMI8876R,0.0,28477.855,0.0
2026-02,有刷直流电机驱动,TMI8876R,0.0,14041.286666666667,0.0
2026-03,有刷直流电机驱动,TMI8876R,10619.460000000001,2831.8566666666666,0.0
2026-04,有刷直流电机驱动,TMI8876R,63008.799999999996,1769.91,3015.240869112001
2026-05,有刷直流电机驱动,TMI8876R,10619.460000000001,12271.376666666665,22288.28354641523
2026-06,有刷直流电机驱动,TMI8876R,46017.66,14041.286666666667,25185.195195443157
2026-07,有刷直流电机驱动,TMI8876R,46017.66,21710.896666666667,36233.43532756102
2026-08,有刷直流电机驱动,TMI8876R,28318.559999999998,29380.506666666668,34861.85848753584
2025-01,有刷直流电机驱动,TMI8913,6194.7,86004.01166666666,108989.64588024253
2025-02,有刷直流电机驱动,TMI8913,166349.0,81853.57166666667,75806.29239275801
2025-03,有刷直流电机驱动,TMI8913,109681.37,103878.38500000001,131045.34309225413
2025-04,有刷直流电机驱动,TMI8913,310743.09,107273.43166666666,90997.52416646588
2025-05,有刷直流电机驱动,TMI8913,259964.42,140606.76333333334,189338.4916948815
2025-06,有刷直流电机驱动,TMI8913,346592.7,182901.71833333335,203055.92393653953
2025-07,有刷直流电机驱动,TMI8913,389894.87,199920.88,282325.20544782095
2025-08,有刷直流电机驱动,TMI8913,249521.92,263870.9083333334,342198.71705398825
2025-09,有刷直流电机驱动,TMI8913,516335.89,277733.0616666667,385359.21871266793
2025-10,有刷直流电机驱动,TMI8913,269592.73,345508.815,462322.3873135033
2025-11,有刷直流电机驱动,TMI8913,103522.04,338650.42166666663,390519.1840075728
2025-12,有刷直流电机驱动,TMI8913,433252.68,312576.6916666667,337338.83879947924
2026-01,有刷直流电机驱动,TMI8913,188318.43,327020.02166666667,276190.10357662966
2026-02,有刷直流电机驱动,TMI8913,149114.95,293423.9483333333,218433.8677332321
2026-03,有刷直流电机驱动,TMI8913,809676.74,276689.4533333333,212629.02478203687
2026-04,有刷直流电机驱动,TMI8913,723895.88,325579.595,325705.1973637051
2026-05,有刷直流电机驱动,TMI8913,547521.71,401296.7866666666,509372.59253700176
2026-06,有刷直流电机驱动,TMI8913,524335.84,475296.7316666667,622126.8293216719
2026-07,有刷直流电机驱动,TMI8913,208960.0,490477.2583333333,543823.9412606035
2026-08,有刷直流电机驱动,TMI8913,549468.57,493917.51999999996,434969.32316695194
2025-01,有刷直流电机驱动,TMI8920,231941.63,138795.465,125287.53025199866
2025-02,有刷直流电机驱动,TMI8920,30501.739999999998,155545.33666666667,159773.7355412372
2025-03,有刷直流电机驱动,TMI8920,332065.12,138841.36333333334,125780.61715781302
2025-04,有刷直流电机驱动,TMI8920,638792.71,168328.11166666666,191686.72962307758
2025-05,有刷直流电机驱动,TMI8920,377461.24,257124.6,323116.02952873
2025-06,有刷直流电机驱动,TMI8920,2946.9,291431.12166666664,402393.6642234742
2025-07,有刷直流电机驱动,TMI8920,1500.0,268951.55666666664,313688.02299613965
2025-08,有刷直流电机驱动,TMI8920,5283.92,230544.61833333332,131153.81057192222
2025-09,有刷直流电机驱动,TMI8920,11822.91,226341.6483333333,3803.068054277655
2025-10,有刷直流电机驱动,TMI8920,8065.49,172967.94666666668,7443.075162011749
2025-11,有刷直流电机驱动,TMI8920,99716.65000000001,67846.74333333333,9493.716489806946
2025-12,有刷直流电机驱动,TMI8920,450107.72,21555.978333333336,45362.18870370354
2026-01,有刷直流电机驱动,TMI8920,264706.61,96082.78166666666,191083.67806482193
2026-02,有刷直流电机驱动,TMI8920,153317.43,139950.55,245376.95929128546
2026-03,有刷直流电机驱动,TMI8920,226072.16999999998,164622.80166666667,239513.88132168015
2026-04,有刷直流电机驱动,TMI8920,253188.94,200331.01166666663,182881.72995916416
2026-05,有刷直流电机驱动,TMI8920,240432.32,241184.91999999995,191490.19499981895
2026-06,有刷直流电机驱动,TMI8920,15796.43,264637.5316666667,215146.7068239711
2026-07,有刷直流电机驱动,TMI8920,51106.11,192252.31666666665,154271.47808575945
2026-08,有刷直流电机驱动,TMI8920,18584.04,156652.23333333337,104371.8022444414
2025-01,有刷直流电机驱动,TMI8940D,345132.47000000003,137760.87,176661.23064921473
2025-02,有刷直流电机驱动,TMI8940D,313274.07,187731.33166666667,255675.76150430785
2025-03,有刷直流电机驱动,TMI8940D,117831.77,226452.53500000003,305682.8131339286
2025-04,有刷直流电机驱动,TMI8940D,116371.59,227009.4066666667,250281.678991741
2025-05,有刷直流电机驱动,TMI8940D,28982.28,235637.71833333338,176658.55376824658
2025-06,有刷直流电机驱动,TMI8940D,111725.58,205991.7233333334,78545.38024935016
2025-07,有刷直流电机驱动,TMI8940D,258297.18000000002,172219.62666666668,79123.50585601939
2025-08,有刷直流电机驱动,TMI8940D,197123.76,157747.07833333334,137025.17949316883
2025-09,有刷直流电机驱动,TMI8940D,173893.69,138388.69333333333,221656.2234535983
2025-10,有刷直流电机驱动,TMI8940D,135132.65000000002,147732.34666666668,251737.45832275646
2025-11,有刷直流电机驱动,TMI8940D,172477.77,150859.19,190894.02767354914
2025-12,有刷直流电机驱动,TMI8940D,199070.63,174775.10499999998,182618.37856703228
2026-01,有刷直流电机驱动,TMI8940D,205796.24,189332.61333333337,173544.07308952697
2026-02,有刷直流电机驱动,TMI8940D,193362.58000000002,180582.45666666667,173924.71950707372
2026-03,有刷直流电机驱动,TMI8940D,345546.26,179955.59333333335,165048.97538875203
2026-04,有刷直流电机驱动,TMI8940D,270840.36,208564.355,211448.15203892873
2026-05,有刷直流电机驱动,TMI8940D,361636.73,231182.30666666664,245122.18231264598
2026-06,有刷直流电机驱动,TMI8940D,356327.0,262708.8,292372.41049907607
2026-07,有刷直流电机驱动,TMI8940D,495394.97000000003,288918.195,299448.31421449914
2026-08,有刷直流电机驱动,TMI8940D,448141.03,337184.65,412060.10371870117
2025-01,步进电机驱动,TMI8150B,417830.89,487862.1533333333,571214.4079311066
2025-02,步进电机驱动,TMI8150B,282755.87,514098.405,592298.3484705923
2025-03,步进电机驱动,TMI8150B,402855.23000000004,529138.7833333333,552985.2075075142
2025-04,步进电机驱动,TMI8150B,282779.07,488620.5616666667,405853.5475265928
2025-05,步进电机驱动,TMI8150B,177336.09,439470.12333333335,350701.62171360996
2025-06,步进电机驱动,TMI8150B,153913.99,381818.61666666664,247168.05277614517
2025-07,步进电机驱动,TMI8150B,149154.66,286245.19,183078.28330768322
2025-08,步进电机驱动,TMI8150B,125425.96,241465.81833333336,132183.17459160986
2025-09,步进电机驱动,TMI8150B,291290.02,215244.16666666666,127905.83719864576
2025-10,步进电机驱动,TMI8150B,443005.95,196649.965,161265.77365297222
2025-11,步进电机驱动,TMI8150B,455233.29,223354.44499999998,258455.5058873204
2025-12,步进电机驱动,TMI8150B,146422.74,269670.645,387147.60915656696
2026-01,步进电机驱动,TMI8150B,558263.99,268422.10333333333,384508.05556291924
2026-02,步进电机驱动,TMI8150B,64296.28999999999,336606.99166666664,424950.7715826484
2026-03,步进电机驱动,TMI8150B,414963.33,326418.7133333333,310671.3689917668
2026-04,步进电机驱动,TMI8150B,596167.94,347030.9316666667,346393.19948804576
2026-05,步进电机驱动,TMI8150B,531989.82,372557.93,347068.0928897541
2026-06,步进电机驱动,TMI8150B,582842.96,385350.685,393659.41480706126
2026-07,步进电机驱动,TMI8150B,446664.49,458087.38833333337,454233.3859952955
2026-08,步进电机驱动,TMI8150B,393695.45999999996,439487.4716666667,436138.34401159285
2025-01,步进电机驱动,TMI8152,542389.32,570068.56,537173.4598040592
2025-02,步进电机驱动,TMI8152,175192.55000000002,606104.1816666666,531074.8637588358
2025-03,步进电机驱动,TMI8152,769925.14,533718.8933333333,453659.9981914367
2025-04,步进电机驱动,TMI8152,474518.71,534472.2999999999,547115.3014388867
2025-05,步进电机驱动,TMI8152,788010.85,485934.675,514120.03461752523
2025-06,步进电机驱动,TMI8152,617713.12,533985.7233333333,582126.427946994
2025-07,步进电机驱动,TMI8152,660540.64,561291.615,560611.1730302016
2025-08,步进电机驱动,TMI8152,794879.11,580983.5016666667,568531.8918712055
2025-09,步进电机驱动,TMI8152,810954.8099999999,684264.5950000001,618831.1105275776
2025-10,步进电机驱动,TMI8152,819433.21,691102.8733333334,645887.2770034765
2025-11,步进电机驱动,TMI8152,851378.28,748588.6233333334,729100.4464618457
2025-12,步进电机驱动,TMI8152,854625.5700000001,759149.8616666667,807722.7873573612
2026-01,步进电机驱动,TMI8152,881999.11,798635.27,929535.9762084339
2026-02,步进电机驱动,TMI8152,632955.24,835545.0150000001,948146.2822843406
2026-03,步进电机驱动,TMI8152,1136106.22,808557.7033333335,957317.1559520279
2026-04,步进电机驱动,TMI8152,1109681.33,862749.605,885097.3067291474
2026-05,步进电机驱动,TMI8152,1027911.42,911124.2916666666,929044.2305992511
2026-06,步进电机驱动,TMI8152,781318.7100000001,940546.4816666666,835140.1773561913
2026-07,步进电机驱动,TMI8152,755531.81,928328.6716666667,774907.351234938
2026-08,步进电机驱动,TMI8152,831691.0,907250.7883333334,716357.9769150417
2025-01,步进电机驱动,TMI8160,228433.5,103757.60166666668,152409.95745112453
2025-02,步进电机驱动,TMI8160,-199440.47,141829.85166666668,197194.42887843706
2025-03,步进电机驱动,TMI8160,445510.11,103943.755,121185.02438329681
2025-04,步进电机驱动,TMI8160,289155.04,160386.74500000002,174525.51600062594
2025-05,步进电机驱动,TMI8160,386156.15,181782.79833333334,193831.1324010527
2025-06,步进电机驱动,TMI8160,576280.67,238958.38166666668,321020.5372527644
2025-07,步进电机驱动,TMI8160,785259.15,287682.5,373173.3080272657
2025-08,步进电机驱动,TMI8160,1366822.41,380486.77499999997,480877.8563166611
2025-09,步进电机驱动,TMI8160,844140.89,641530.5883333333,814417.3743733068
2025-10,步进电机驱动,TMI8160,648015.98,707969.0516666666,853884.4344984111
2025-11,步进电机驱动,TMI8160,512554.32,767779.2083333334,859485.9690664945
2025-12,步进电机驱动,TMI8160,-6621.359999999983,788845.57,652459.0612070495
2026-01,步进电机驱动,TMI8160,449093.31,691695.2316666667,424733.2358532775
2026-02,步进电机驱动,TMI8160,27792.909999999996,635667.5916666667,349885.46048045513
2026-03,步进电机驱动,TMI8160,248134.94,412496.00833333336,189988.3665115539
2026-04,步进电机驱动,TMI8160,603372.24,313161.68333333335,242059.45473273064
2026-05,步进电机驱动,TMI8160,1209815.49,305721.06,283772.72134823207
2026-06,步进电机驱动,TMI8160,1068759.7,421931.25500000006,525855.7356640943
2026-07,步进电机驱动,TMI8160,685449.2,601161.4316666666,765094.2072013506
2026-08,步进电机驱动,TMI8160,586376.77,640554.0800000001,827875.0875206921
2026-08,步进电机驱动,TMI8160P,136576.29,79259.18333333333,83656.46348177732
2025-01,步进电机驱动,TMI8262,73274.32,97818.57833333332,100668.20894148003
2025-02,步进电机驱动,TMI8262,0.0,90537.60166666668,102099.56156358677
2025-03,步进电机驱动,TMI8262,162876.06,79639.37166666667,78682.40284073433
2025-04,步进电机驱动,TMI8262,99960.16,93059.71833333334,86857.73275018559
2025-05,步进电机驱动,TMI8262,132809.72,91739.65833333333,95185.89867457571
2025-06,步进电机驱动,TMI8262,125442.45,99803.81666666667,113319.11003179096
2025-07,步进电机驱动,TMI8262,220592.86,99060.45166666666,106804.2102497012
2025-08,步进电机驱动,TMI8262,100752.19,123613.54166666667,131754.02100073922
2025-09,步进电机驱动,TMI8262,85022.1,140405.57333333333,133366.27323594555
2025-10,步进电机驱动,TMI8262,163991.11000000002,127429.91333333332,115809.35323292867
2025-11,步进电机驱动,TMI8262,195849.5,138101.7383333333,105148.8745888813
2025-12,步进电机驱动,TMI8262,108358.37,148608.36833333332,144786.29519328612
2026-01,步进电机驱动,TMI8262,285327.35,145761.02166666667,172329.69406653635
2026-02,步进电机驱动,TMI8262,71999.99,156550.10333333333,215983.38014214666
2026-03,步进电机驱动,TMI8262,122654.84,151758.07,188138.37663880136
2026-04,步进电机驱动,TMI8262,191230.04,158030.19333333333,160249.42606120266
2026-05,步进电机驱动,TMI8262,128787.58,162570.01499999998,124534.95789703463
2026-06,步进电机驱动,TMI8262,174185.8,151393.02833333332,112928.390833413
2026-07,步进电机驱动,TMI8262,114230.04999999999,162364.26666666663,131200.23283044275
2026-08,步进电机驱动,TMI8262,113893.76,133848.05000000002,116528.16599298731
2025-01,步进电机驱动,TMI8263,0.0,59269.89833333332,0.0
2025-02,步进电机驱动,TMI8263,0.0,45464.59166666667,0.0
2025-03,步进电机驱动,TMI8263,12345.13,6902.653333333333,0.0
2025-04,步进电机驱动,TMI8263,0.0,2057.5216666666665,4540.623658138084
2025-05,步进电机驱动,TMI8263,59734.5,2057.5216666666665,4470.777632186557
2025-06,步进电机驱动,TMI8263,0.0,12013.271666666667,20644.71967795444
2025-07,步进电机驱动,TMI8263,49778.75,12013.271666666667,17810.37547524055
2025-08,步进电机驱动,TMI8263,0.0,20309.73,30132.527511790617
2025-09,步进电机驱动,TMI8263,80442.45999999999,20309.73,14858.979657765327
2025-10,步进电机驱动,TMI8263,0.0,31659.285,37111.35141536264
2025-11,步进电机驱动,TMI8263,79646.0,31659.285,24183.164310023512
2025-12,步进电机驱动,TMI8263,109513.26,34977.86833333333,52102.84994801784
2026-01,步进电机驱动,TMI8263,39823.0,53230.07833333333,69623.72580489691
2026-02,步进电机驱动,TMI8263,0.0,51570.78666666666,83890.42898469724
2026-03,步进电机驱动,TMI8263,39823.0,51570.78666666666,60332.28189396229
2026-04,步进电机驱动,TMI8263,49778.75,44800.87666666667,26591.040917541035
2026-05,步进电机驱动,TMI8263,149336.25,53097.335,28916.785889404327
2026-06,步进电机驱动,TMI8263,49778.75,64712.37666666667,60954.51216674747
2026-07,步进电机驱动,TMI8263,99557.51000000001,54756.625,66075.86396314701
2026-08,步进电机驱动,TMI8263,59796.45,64712.37666666667,83421.55725522718
2025-01,步进电机驱动,TMI8420,42097.340000000004,33882.98333333333,29442.37067995488
2025-02,步进电机驱动,TMI8420,54477.86,32297.438333333335,33983.43584287072
2025-03,步进电机驱动,TMI8420,75470.06999999999,32163.216666666664,44973.180623251035
2025-04,步进电机驱动,TMI8420,18756.629999999997,44380.20500000001,63279.43271822609
2025-05,步进电机驱动,TMI8420,49969.02,40738.61000000001,53853.221525584886
2025-06,步进电机驱动,TMI8420,84734.48999999999,43387.88833333333,41299.8820632238
2025-07,步进电机驱动,TMI8420,43871.68,54250.90166666667,45755.513378081036
2025-08,步进电机驱动,TMI8420,57960.17,54546.62499999999,49134.89304351971
2025-09,步进电机驱动,TMI8420,9159.29,55127.00999999999,55690.137877783774
2025-10,步进电机驱动,TMI8420,57942.47,44075.213333333326,31631.0315388078
2025-11,步进电机驱动,TMI8420,32046.9,50606.18666666667,37596.97555393829
2025-12,步进电机驱动,TMI8420,45939.81,47619.166666666664,32269.20762762687
2026-01,步进电机驱动,TMI8420,52805.31,41153.386666666665,50031.36487848638
2026-02,步进电机驱动,TMI8420,38747.78,42642.325,47917.24330773528
2026-03,步进电机驱动,TMI8420,62987.61,39440.26,55547.530125760255
2026-04,步进电机驱动,TMI8420,68902.64,48411.64666666667,51595.787322972086
2026-05,步进电机驱动,TMI8420,109473.43,50238.34166666667,55069.27463023605
2026-06,步进电机驱动,TMI8420,105451.3,63142.763333333336,61573.31763541564
2026-07,步进电机驱动,TMI8420,71169.01000000001,73061.345,75349.97841101994
2026-08,步进电机驱动,TMI8420,35992.03,76121.96166666666,79908.20886653438
2025-01,步进电机驱动,TMI8421,143362.8,89562.93333333333,59167.17091040787
2025-02,步进电机驱动,TMI8421,159697.32,103353.48833333333,92173.53810692792
2025-03,步进电机驱动,TMI8421,38495.57,105375.31666666665,139089.12489075024
2025-04,步进电机驱动,TMI8421,161847.34,88488.59666666666,125626.5301852372
2025-05,步进电机驱动,TMI8421,260160.02,103280.265,130388.24272982976
2025-06,步进电机驱动,TMI8421,248560.80000000002,136610.77166666667,131895.1540223871
2025-07,步进电机驱动,TMI8421,170053.04,168687.30833333335,199935.89485709573
2025-08,步进电机驱动,TMI8421,120973.4,173135.68166666667,186764.35966181546
2025-09,步进电机驱动,TMI8421,85130.42,166681.695,161067.03809858096
2025-10,步进电机驱动,TMI8421,55124.14,174454.17,107199.81344636074
2025-11,步进电机驱动,TMI8421,39142.47,156666.97,78532.14184464587
2025-12,步进电机驱动,TMI8421,23495.57,119830.71166666667,58387.072592303375
2026-01,步进电机驱动,TMI8421,82504.42,82319.84,43344.64900373851
2026-02,步进电机驱动,TMI8421,60619.45,67728.40333333334,53174.70110258436
2026-03,步进电机驱动,TMI8421,190322.94,57669.411666666674,67314.73670958503
2026-04,步进电机驱动,TMI8421,323187.47,75201.49833333334,111326.34116633017
2026-05,步进电机驱动,TMI8421,225150.36,119878.71999999999,185286.45070362667
2026-06,步进电机驱动,TMI8421,94544.24,150880.035,188436.77812681138
2026-07,步进电机驱动,TMI8421,154871.63,162721.48,170671.17274606676
2026-08,步进电机驱动,TMI8421,227437.96000000002,174782.68166666664,132550.04261136154
2025-09,步进电机驱动,TMI8548,7743.36,34567.31666666667,32099.74819744609
2025-10,步进电机驱动,TMI8548,70796.44,19368.208333333336,25301.78954956796
2025-11,步进电机驱动,TMI8548,28849.55,37885.9,36214.61808639484
2025-12,步进电机驱动,TMI8548,690.26,35821.005,34951.246261380555
2026-01,步进电机驱动,TMI8548,51504.41,31519.751666666667,36930.69828192174
2026-02,步进电机驱动,TMI8548,0.0,33584.65,29691.533232880924
2026-03,步进电机驱动,TMI8548,26619.460000000003,26597.33666666667,21086.797967234055
2026-04,步进电机驱动,TMI8548,0.0,29743.353333333333,26082.85442842901
2026-05,步进电机驱动,TMI8548,23132.73,17943.946666666667,8590.783386614246
2026-06,步进电机驱动,TMI8548,29911.489999999998,16991.143333333333,12692.081086630556
2026-07,步进电机驱动,TMI8548,37123.87,21861.34833333333,14082.083880174741
2026-08,步进电机驱动,TMI8548,56190.229999999996,19464.591666666664,25184.649509690316
2026-03,步进电机驱动,TMI8549,49890.78,38924.333333333336,26185.70642935331
2026-04,步进电机驱动,TMI8549,41486.16,19707.706666666665,31441.92439404677
2026-05,步进电机驱动,TMI8549,8495.57,26622.066666666666,43781.48885428836
2026-06,步进电机驱动,TMI8549,0.0,27448.025000000005,25478.07433693514
2026-07,步进电机驱动,TMI8549,7221.23,24026.198333333334,13269.059557030838
2026-08,步进电机驱动,TMI8549,26815.12,25229.736666666668,4389.824597747393
2025-01,电机驱动,SG501210(划片后),276489.22,266782.1816666667,266782.1816666667
2025-02,电机驱动,SG501210(划片后),282875.61,312863.7183333333,312863.7183333333
2025-03,电机驱动,SG501210(划片后),254561.21,303347.87333333335,303347.87333333335
2025-04,电机驱动,SG501210(划片后),11335.31,299516.3466666667,299516.3466666667
2025-05,电机驱动,SG501210(划片后),284571.78,254383.89500000002,254383.89500000002
2025-06,电机驱动,SG501210(划片后),284673.43,255740.89833333335,255740.89833333335
2025-07,电机驱动,SG501210(划片后),419069.2,232417.75999999998,232417.75999999998
2025-08,电机驱动,SG501210(划片后),130065.89,256181.09,256181.09
2025-09,电机驱动,SG501210(划片后),403024.89,230712.80333333332,230712.80333333332
2025-10,电机驱动,SG501210(划片后),391176.85,255456.75,255456.75
2025-11,电机驱动,SG501210(划片后),230421.48,318763.67333333334,318763.67333333334
2025-12,电机驱动,SG501210(划片后),345277.18,309738.62333333335,309738.62333333335
2026-01,电机驱动,SG501210(划片后),574517.84,319839.24833333335,319839.24833333335
2026-02,电机驱动,SG501210(划片后),0.0,345747.355,345747.355
2026-03,电机驱动,SG501210(划片后),230203.94,324069.7066666666,324069.7066666666
2026-04,电机驱动,SG501210(划片后),230479.09999999998,295266.215,295266.215
2026-05,电机驱动,SG501210(划片后),230034.84,268483.25666666665,268483.25666666665
2026-06,电机驱动,SG501210(划片后),229887.56,268418.8166666667,268418.8166666667
2026-07,电机驱动,SG501210(划片后),0.0,249187.21333333335,249187.21333333335
2026-08,电机驱动,SG501210(划片后),0.0,153434.24,153434.24
2025-04,电脑&计算电源管理,TMI3388A,153429.41,78103.645,78103.645
2025-05,电脑&计算电源管理,TMI3388A,92513.84,92564.11833333333,92564.11833333333
2025-06,电脑&计算电源管理,TMI3388A,144011.97,101586.72499999999,101586.72499999999
2025-07,电脑&计算电源管理,TMI3388A,217445.81,120851.90833333333,120851.90833333333
2025-08,电脑&计算电源管理,TMI3388A,237863.43,148679.45166666666,148679.45166666666
2025-09,电脑&计算电源管理,TMI3388A,249975.48,163919.86166666666,163919.86166666666
2025-10,电脑&计算电源管理,TMI3388A,269557.11,182539.99,182505.62396098202
2025-11,电脑&计算电源管理,TMI3388A,132862.6,201894.6066666667,201435.78877693508
2025-12,电脑&计算电源管理,TMI3388A,255230.85,208619.4,206634.733363925
2026-01,电脑&计算电源管理,TMI3388A,382795.3,227155.88,222633.79987803663
2026-02,电脑&计算电源管理,TMI3388A,237684.83000000002,254714.12833333333,244578.13956840176
2026-03,电脑&计算电源管理,TMI3388A,200993.08000000002,254684.36166666666,248227.31022171784
2026-04,电脑&计算电源管理,TMI3388A,241854.87,246520.62833333333,239700.27733873043
2026-05,电脑&计算电源管理,TMI3388A,84755.58,241903.58833333338,231688.02721245232
2026-06,电脑&计算电源管理,TMI3388A,208717.07,233885.7516666667,211288.19842789948
2026-07,电脑&计算电源管理,TMI3388A,289435.98,226133.45500000005,199410.1650277888
2026-08,电脑&计算电源管理,TMI3388A,160096.09,210573.56833333333,189426.7816750244
2025-10,硬件锂电保护,8254AAV,17522.12,19070.793333333335,28133.636954791582
2025-11,硬件锂电保护,8254AAV,46725.65,19557.51833333333,28169.2455450046
2025-12,硬件锂电保护,8254AAV,17522.12,25309.728333333333,27251.317690068998
2026-01,硬件锂电保护,8254AAV,17522.12,27256.63,24168.20738817554
2026-02,硬件锂电保护,8254AAV,0.0,28230.081666666665,27187.711827669253
2026-03,硬件锂电保护,8254AAV,29203.53,20929.198333333334,13217.472133747935
2026-04,硬件锂电保护,8254AAV,52831.84,21415.923333333332,18613.82832544397
2026-05,硬件锂电保护,8254AAV,0.0,27300.876666666667,27588.054496534074
2026-06,硬件锂电保护,8254AAV,41415.92,19513.26833333333,24437.44536807587
2026-07,硬件锂电保护,8254AAV,17522.12,23495.56833333333,28995.452366566118
2026-08,硬件锂电保护,8254AAV,26814.16,23495.568333333333,19670.14131308969
2025-01,硬件锂电保护,JL1001,0.0,116897.395,114712.5513360241
2025-02,硬件锂电保护,JL1001,55221.12,106313.34666666666,92467.19777671769
2025-03,硬件锂电保护,JL1001,113203.3,99065.57666666666,95100.71868602771
2025-04,硬件锂电保护,JL1001,60223.92,92277.98166666667,69595.97755953191
2025-05,硬件锂电保护,JL1001,55221.12,83552.2,78567.00037174251
2025-06,硬件锂电保护,JL1001,55221.12,78835.39666666667,70287.6290266704
2025-07,硬件锂电保护,JL1001,110442.24,56515.09666666667,51708.76013831047
2025-08,硬件锂电保护,JL1001,55221.12,74922.13666666667,74416.65177638666
2025-09,硬件锂电保护,JL1001,165663.36000000002,74922.13666666667,78654.67266505832
2025-10,硬件锂电保护,JL1001,110442.24,83665.48,113995.81990267911
2025-11,硬件锂电保护,JL1001,82831.68000000001,92035.20000000001,106530.7591923921
2025-12,硬件锂电保护,JL1001,138052.8,96636.96,108046.07538183626
2026-01,硬件锂电保护,JL1001,0.0,110442.23999999999,97928.13567688507
2026-02,硬件锂电保护,JL1001,55221.12,92035.2,73441.9917826057
2026-03,硬件锂电保护,JL1001,82831.68000000001,92035.20000000001,72896.22065652523
2026-04,硬件锂电保护,JL1001,138052.80000000002,78229.92,54995.2995634486
2026-05,硬件锂电保护,JL1001,27610.56,82831.68,92852.83091425367
2026-06,硬件锂电保护,JL1001,165663.36000000002,73628.16,74023.97239432002
2026-07,硬件锂电保护,JL1001,82831.68000000001,78229.92,101933.1189147688
2026-08,硬件锂电保护,JL1001,27610.56,92035.20000000001,92148.23175890169
2025-08,硬件锂电保护,SIT2122,0.0,53653.831666666665,54762.30142851984
2025-09,硬件锂电保护,SIT2122,0.0,50149.41,57881.00902723292
2025-10,硬件锂电保护,SIT2122,0.0,42937.0,26128.51826390655
2025-11,硬件锂电保护,SIT2122,0.0,27091.03,0.0
2025-12,硬件锂电保护,SIT2122,0.0,27091.03,0.0
2026-01,硬件锂电保护,SIT2122,27610.56,12657.008333333333,0.0
2026-02,硬件锂电保护,SIT2122,55221.12,4601.76,9180.248972825715
2026-03,硬件锂电保护,SIT2122,0.0,13805.28,31241.2374242251
2026-04,硬件锂电保护,SIT2122,0.0,13805.28,32997.17973806916
2026-05,硬件锂电保护,SIT2122,82831.68000000001,13805.28,18570.566182850736
2026-06,硬件锂电保护,SIT2122,27610.56,27610.56,24674.65746477334
2026-07,硬件锂电保护,SIT2122,0.0,32212.320000000003,33977.70630492294
2026-08,硬件锂电保护,SIT2122,55221.12,27610.56,36859.29270356067
2025-01,硬件锂电保护,SIT8036,55221.12,93463.54499999998,121167.19730265097
2025-02,硬件锂电保护,SIT8036,55246.15,89036.88333333332,116512.27964840984
2025-03,硬件锂电保护,SIT8036,117875.89,91872.90833333333,105975.69681150527
2025-04,硬件锂电保护,SIT8036,150185.56,105877.25166666666,94355.47077574977
2025-05,硬件锂电保护,SIT8036,109274.11,111145.995,111093.34242001132
2025-06,硬件锂电保护,SIT8036,117875.87999999999,108273.86166666668,115994.81483159217
2025-07,硬件锂电保护,SIT8036,32601.71,100946.45166666666,114325.84788107645
2025-08,硬件锂电保护,SIT8036,74654.72,97176.54999999999,87511.13617047448
2025-09,硬件锂电保护,SIT8036,182017.39,100411.31166666666,80167.28087631342
2025-10,硬件锂电保护,SIT8036,57451.200000000004,111101.56166666666,99527.15641913822
2025-11,硬件锂电保护,SIT8036,123468.26,95645.835,100999.3842160606
2025-12,硬件锂电保护,SIT8036,63354.2,98011.52666666667,109250.0122972632
2026-01,硬件锂电保护,SIT8036,98442.3,88924.58,72198.41526445345
2026-02,硬件锂电保护,SIT8036,315198.76,99898.01166666667,94847.82344050152
2026-03,硬件锂电保护,SIT8036,90902.45000000001,139988.68500000003,179906.07178183494
2026-04,硬件锂电保护,SIT8036,38017.64,124802.86166666665,200992.09487416278
2026-05,硬件锂电保护,SIT8036,64592.77,121563.935,149354.78485363134
2026-06,硬件锂电保护,SIT8036,117875.88,111751.35333333333,57645.37838093635
2026-07,硬件锂电保护,SIT8036,3849.55,120838.3,67832.90891131932
2026-08,硬件锂电保护,SIT8036,138928.91,105072.84166666667,62182.341374102485
2025-01,硬件锂电保护,SIT8252B,197521.91999999998,337888.04333333333,277773.15196606354
2025-02,硬件锂电保护,SIT8252B,266336.01999999996,314985.42999999993,302812.91762256256
2025-03,硬件锂电保护,SIT8252B,438052.68,313865.43666666665,324279.539063898
2025-04,硬件锂电保护,SIT8252B,268266.18,305794.4383333333,372685.5717848012
2025-05,硬件锂电保护,SIT8252B,309026.23,310930.285,334218.8109414533
2025-06,硬件锂电保护,SIT8252B,401203.06,308098.4533333333,312122.0955287551
2025-07,硬件锂电保护,SIT8252B,173097.16999999998,313401.01499999996,296466.43221276766
2025-08,硬件锂电保护,SIT8252B,247224.06,309330.2233333333,297595.3655896889
2025-09,硬件锂电保护,SIT8252B,292088.23,306144.89666666667,292536.2801240922
2025-10,硬件锂电保护,SIT8252B,327796.04,281817.48833333334,245110.62826181017
2025-11,硬件锂电保护,SIT8252B,204026.26,291739.13166666665,278799.45419719623
2025-12,硬件锂电保护,SIT8252B,610143.34,274239.13666666666,248010.7366731833
2026-01,硬件锂电保护,SIT8252B,182878.24,309062.51666666666,337523.5360802199
2026-02,硬件锂电保护,SIT8252B,0.0,310692.695,331508.93748689257
2026-03,硬件锂电保护,SIT8252B,555274.75,269488.685,299100.2411554868
2026-04,硬件锂电保护,SIT8252B,279237.08,313353.10500000004,294053.7592044875
2026-05,硬件锂电保护,SIT8252B,175221.0,305259.945,280641.8480716596
2026-06,硬件锂电保护,SIT8252B,373004.06,300459.06833333336,300788.4388097188
2026-07,硬件锂电保护,SIT8252B,284219.08999999997,260935.855,254569.8599680976
2026-08,硬件锂电保护,SIT8252B,113429.09,277825.99666666664,277822.1682593251
2025-01,硬件锂电保护,SIT8252C,242614.78,227474.13999999998,221887.43871431483
2025-02,硬件锂电保护,SIT8252C,134044.13999999998,234025.01833333334,263796.3725591716
2025-03,硬件锂电保护,SIT8252C,228157.46,224640.07833333334,260947.92081304357
2025-04,硬件锂电保护,SIT8252C,270132.39999999997,224998.21666666665,249920.92720353336
2025-05,硬件锂电保护,SIT8252C,193884.78,235034.97666666665,217279.4502381492
2025-06,硬件锂电保护,SIT8252C,340988.63,227114.64166666663,212777.90303655446
2025-07,硬件锂电保护,SIT8252C,225902.46000000002,234970.365,243902.2026348769
2025-08,硬件锂电保护,SIT8252C,229824.88,232184.97833333336,256307.6998332685
2025-09,硬件锂电保护,SIT8252C,331144.29,248148.43499999997,283702.2946445781
2025-10,硬件锂电保护,SIT8252C,269381.64999999997,265312.9066666667,270729.9810290204
2025-11,硬件锂电保护,SIT8252C,198745.42,265187.7816666667,266980.89200480207
2025-12,硬件锂电保护,SIT8252C,591397.39,265997.8883333333,240593.9377851829
2026-01,硬件锂电保护,SIT8252C,120052.77,307732.68166666664,313156.9197674682
2026-02,硬件锂电保护,SIT8252C,106194.6,290091.06666666665,302631.3859032742
2026-03,硬件锂电保护,SIT8252C,445644.07,269486.02,308387.2508179666
2026-04,硬件锂电保护,SIT8252C,251466.33,288569.3166666667,267657.526807981
2026-05,硬件锂电保护,SIT8252C,260071.64,285583.43,270147.15868701885
2026-06,硬件锂电保护,SIT8252C,106417.25,295804.46666666673,285134.12945907854
2026-07,硬件锂电保护,SIT8252C,254097.88999999998,214974.44333333333,190114.76926540097
2026-08,硬件锂电保护,SIT8252C,328662.52999999997,237315.29666666666,207116.315025666
2025-11,硬件锂电保护,SIT8995AN,102955.68000000001,38188.025,49055.709044464435
2025-12,硬件锂电保护,SIT8995AN,23097.33,49910.73,68126.91707428174
2026-01,硬件锂电保护,SIT8995AN,13938.050000000001,48870.905,65088.0197764339
2026-02,硬件锂电保护,SIT8995AN,0.0,48760.285,46545.69790579339
2026-03,硬件锂电保护,SIT8995AN,31858.390000000003,43893.03,13968.46109696674
2026-04,硬件锂电保护,SIT8995AN,93716.74,44335.505000000005,18243.664284530987
2026-05,硬件锂电保护,SIT8995AN,22262.77,44261.03166666667,42230.2420266935
2026-06,硬件锂电保护,SIT8995AN,77522.07,30812.213333333333,44039.30407799786
2026-07,硬件锂电保护,SIT8995AN,33451.31,39883.003333333334,59531.02594422705
2026-08,硬件锂电保护,SIT8995AN,42275.009999999995,43135.21333333333,44466.594045407954
2026-02,硬件锂电保护,SIT8995DN,3451.33,17618.581666666665,21409.442504754585
2026-03,硬件锂电保护,SIT8995DN,20176.99,18121.236666666668,25587.82717815054
2026-04,硬件锂电保护,SIT8995DN,31194.67,15156.635,24734.543584957388
2026-05,硬件锂电保护,SIT8995DN,0.0,19869.021666666667,18436.677201345497
2026-06,硬件锂电保护,SIT8995DN,20047.25,19869.021666666667,15303.05933547162
2026-07,硬件锂电保护,SIT8995DN,59264.67,18888.698333333334,15764.646825891583
2026-08,硬件锂电保护,SIT8995DN,46110.689999999995,22355.81833333333,26469.775279470858
2026-03,硬件锂电保护,SIT8997AN,15610.61,30422.93166666666,41530.737431269794
2026-04,硬件锂电保护,SIT8997AN,45026.55,29024.7,34900.92263269907
2026-05,硬件锂电保护,SIT8997AN,14070.8,33467.17833333334,36284.09558701952
2026-06,硬件锂电保护,SIT8997AN,8814.16,30803.463333333333,22254.689545014517
2026-07,硬件锂电保护,SIT8997AN,57398.229999999996,25920.34833333333,20893.069006059974
2026-08,硬件锂电保护,SIT8997AN,0.0,31362.82666666667,26793.929563413192
2025-10,硬件锂电保护,TMI4101A,178761.03,52825.781666666655,105397.28190025175
2025-11,硬件锂电保护,TMI4101A,21785.48,81734.33166666667,121137.68462271348
2025-12,硬件锂电保护,TMI4101A,0.0,84480.29,110830.68351341077
2026-01,硬件锂电保护,TMI4101A,0.0,84480.29,59274.25907818661
2026-02,硬件锂电保护,TMI4101A,0.0,66423.65666666666,7243.465195653949
2026-03,硬件锂电保护,TMI4101A,0.0,61364.659999999996,0.0
2026-04,硬件锂电保护,TMI4101A,0.0,33424.418333333335,0.0
2026-05,硬件锂电保护,TMI4101A,0.0,3630.9133333333334,0.0
2026-06,硬件锂电保护,TMI4101A,0.0,0.0,0.0
2026-07,硬件锂电保护,TMI4101A,0.0,0.0,0.0
2026-08,硬件锂电保护,TMI4101A,0.0,0.0,0.0
2025-07,硬件锂电保护,TMI4101AN,49557.51,30353.97666666667,32121.439807048773
2025-08,硬件锂电保护,TMI4101AN,19469.02,33008.84333333333,41680.558707229386
2025-09,硬件锂电保护,TMI4101AN,0.0,34483.76833333333,34978.705679860526
2025-10,硬件锂电保护,TMI4101AN,19946.9,29174.035,23749.173874014374
2025-11,硬件锂电保护,TMI4101AN,9734.52,27188.78333333333,12673.314974012934
2025-12,硬件锂电保护,TMI4101AN,29203.53,21318.580000000005,8934.59977954907
2026-01,硬件锂电保护,TMI4101AN,29203.54,21318.579999999998,17404.250924666125
2026-02,硬件锂电保护,TMI4101AN,4867.26,17926.251666666667,22656.431510415252
2026-03,硬件锂电保护,TMI4101AN,14601.77,15492.624999999998,23864.883174997405
2026-04,硬件锂电保护,TMI4101AN,93362.81,17926.25333333333,19389.411643030213
2026-05,硬件锂电保护,TMI4101AN,273247.61,30162.23833333333,37944.74201633043
2026-06,硬件锂电保护,TMI4101AN,0.0,74081.08666666667,113558.96934175538
2026-07,硬件锂电保护,TMI4101AN,83520.26,69213.83166666667,112788.19751468682
2026-08,硬件锂电保护,TMI4101AN,126106.20999999999,78266.61833333333,119068.67650960249
2025-11,硬件锂电保护,TMI4151AN,80176.98,37881.41,50031.99612813754
2025-12,硬件锂电保护,TMI4151AN,45929.19,45846.01,70974.90424848914
2026-01,硬件锂电保护,TMI4151AN,44601.77,46952.20333333333,67021.2691182545
2026-02,硬件锂电保护,TMI4151AN,0.0,54385.831666666665,56758.768776808356
2026-03,硬件锂电保护,TMI4151AN,222027.6,54385.831666666665,34145.13885995099
2026-04,硬件锂电保护,TMI4151AN,14336.28,82231.14166666666,106215.60790917368
2026-05,硬件锂电保护,TMI4151AN,13554.95,67845.30333333334,79487.90384503953
2026-06,硬件锂电保护,TMI4151AN,268308.66,56741.631666666675,74448.10396513651
2026-07,硬件锂电保护,TMI4151AN,0.0,93804.87666666666,91126.30158506817
2026-08,硬件锂电保护,TMI4151AN,74336.28,86371.24833333334,94069.9256323692
2025-10,磁传感,TMI86600BS,43964.46,50048.29833333333,42917.42027855379
2025-11,磁传感,TMI86600BS,28353.95,52065.97833333333,40095.348975637855
2025-12,磁传感,TMI86600BS,53999.82000000001,44251.84333333333,37761.549339784295
2026-01,磁传感,TMI86600BS,53335.99,44225.27166666667,40206.975368710206
2026-02,磁传感,TMI86600BS,44203.29,46225.536666666674,50516.252125988845
2026-03,磁传感,TMI86600BS,55977.54,47371.526666666665,55288.37915958241
2026-04,磁传感,TMI86600BS,26017.53,46639.174999999996,50639.43222024265
2026-05,磁传感,TMI86600BS,149176.14,43648.020000000004,37938.90366065231
2026-06,磁传感,TMI86600BS,104123.27,63785.05166666667,62917.731322668544
2026-07,磁传感,TMI86600BS,63623.5,72138.96,76579.24277349553
2026-08,磁传感,TMI86600BS,76645.68000000001,73853.545,92268.41996486185
2025-10,磁传感,TMI86620LBT,22035.35,20405.57166666667,25869.326470352018
2025-11,磁传感,TMI86620LBT,27345.09,22750.69666666667,25861.089211152368
2025-12,磁传感,TMI86620LBT,14601.75,24852.463333333333,23345.96416073331
2026-01,磁传感,TMI86620LBT,52398.020000000004,24631.221666666668,20365.471692930914
2026-02,磁传感,TMI86620LBT,20176.940000000002,30952.72333333334,35123.86442831884
2026-03,磁传感,TMI86620LBT,36991.0,28201.99,31806.042112992356
2026-04,磁传感,TMI86620LBT,47522.05,28924.69166666667,36141.694474037555
2026-05,磁传感,TMI86620LBT,42008.950000000004,33172.475,31472.86101693123
2026-06,磁传感,TMI86620LBT,26043.91,35616.45166666667,34435.417811788364
2026-07,磁传感,TMI86620LBT,10088.48,37523.47833333334,31686.72509234455
2026-08,磁传感,TMI86620LBT,16194.67,30471.888333333336,22749.94248833906
2026-05,磁传感,TMI86630LBS,82300.38,36548.43666666667,31286.513042020208
2026-06,磁传感,TMI86630LBS,44601.479999999996,47787.306666666664,46677.96520266336
2026-07,磁传感,TMI86630LBS,45663.479999999996,48406.77166666667,51504.08859171373
2026-08,磁传感,TMI86630LBS,54636.8,46105.91166666666,50240.39209566506
2025-06,磁传感,TMI86881MAS,42632.55,49569.51666666666,35932.55555912718
2025-07,磁传感,TMI86881MAS,35973.33,39290.495,36911.567040231486
2025-08,磁传感,TMI86881MAS,40752.04,39936.52166666667,36155.00881546913
2025-09,磁传感,TMI86881MAS,49194.47,38312.65000000001,38662.86078998534
2025-10,磁传感,TMI86881MAS,57536.03,42706.44166666667,38869.470894678896
2025-11,磁传感,TMI86881MAS,34911.4,44694.055,41742.33714970303
2025-12,磁传感,TMI86881MAS,27690.100000000002,43499.97,40309.10525951072
2026-01,磁传感,TMI86881MAS,41415.78,41009.56166666667,38239.66429523026
2026-02,磁传感,TMI86881MAS,82220.77,41916.636666666665,38724.83186601241
2026-03,磁传感,TMI86881MAS,105663.06,48828.09166666667,55210.86770443682
2026-04,磁传感,TMI86881MAS,126264.82,58239.52333333334,75637.32794050236
2026-05,磁传感,TMI86881MAS,33716.61,69694.32166666667,94442.23655104537
2026-06,磁传感,TMI86881MAS,92123.41,69495.19,72300.303524679
2026-07,磁传感,TMI86881MAS,64008.51,80234.075,69118.60679389244
2026-08,磁传感,TMI86881MAS,63875.71,83999.53000000001,55272.191889667025
2025-01,车规电机驱动,TMI8116-Q1,123360.0,71188.965,91109.38285903187
2025-02,车规电机驱动,TMI8116-Q1,69286.36,90687.01833333333,136837.10888950244
2025-03,车规电机驱动,TMI8116-Q1,43991.16,97632.97499999999,145381.75350470588
2025-04,车规电机驱动,TMI8116-Q1,66631.51,90334.15666666666,107216.24131786634
2025-05,车规电机驱动,TMI8116-Q1,86067.26,89010.795,71456.50747789298
2025-06,车规电机驱动,TMI8116-Q1,117963.52,85529.38166666667,72778.52446896891
2025-07,车规电机驱动,TMI8116-Q1,43921.409999999996,84549.96833333334,91060.26039317875
2025-08,车规电机驱动,TMI8116-Q1,136153.03,71310.20333333332,88029.30453363109
2025-09,车规电机驱动,TMI8116-Q1,133140.65,82454.64833333333,102384.72308195007
2025-10,车规电机驱动,TMI8116-Q1,150831.06,97312.89666666667,94893.89645454842
2025-11,车规电机驱动,TMI8116-Q1,87107.21,111346.15499999998,115535.48743649812
2025-12,车规电机驱动,TMI8116-Q1,62242.68,111519.47999999998,100370.2647670882
2026-01,车规电机驱动,TMI8116-Q1,57882.32,102232.67333333334,97068.11625188615
2026-02,车规电机驱动,TMI8116-Q1,87891.23,104559.49166666665,73202.65382933084
2026-03,车规电机驱动,TMI8116-Q1,118954.04000000001,96515.85833333334,75517.53452338069
2026-04,车规电机驱动,TMI8116-Q1,153455.0,94151.42333333334,86466.49013910304
2026-05,车规电机驱动,TMI8116-Q1,252302.04,94588.74666666666,98828.55125586093
2026-06,车规电机驱动,TMI8116-Q1,300739.68,122121.21833333334,129171.22777070591
2026-07,车规电机驱动,TMI8116-Q1,426054.03,161870.71833333335,171986.4469009878
2026-08,车规电机驱动,TMI8116-Q1,237294.33,223232.67,274408.891717076
2025-01,车规电机驱动,TMI8122-Q1,188766.86,95612.28333333334,81248.01043202657
2025-02,车规电机驱动,TMI8122-Q1,101716.79000000001,109874.29833333334,116971.44528763456
2025-03,车规电机驱动,TMI8122-Q1,22954.87,109730.34333333334,148662.71781388542
2025-04,车规电机驱动,TMI8122-Q1,260291.8,97625.66666666667,142013.40513809846
2025-05,车规电机驱动,TMI8122-Q1,111611.6,114617.295,152900.2983241339
2025-06,车规电机驱动,TMI8122-Q1,344297.86,119747.84499999999,146104.08506917328
2025-07,车规电机驱动,TMI8122-Q1,19159.28,171606.63,240955.15200703693
2025-08,车规电机驱动,TMI8122-Q1,72831.85,143338.69999999998,168661.42939841913
2025-09,车规电机驱动,TMI8122-Q1,468364.39,138524.54333333333,149877.98005614348
2025-10,车规电机驱动,TMI8122-Q1,89985.84,212759.46333333335,169769.33867590685
2025-11,车规电机驱动,TMI8122-Q1,258498.96,184375.1366666667,173576.8507086318
2025-12,车规电机驱动,TMI8122-Q1,298320.76,208856.3633333333,220943.21465385729
2026-01,车规电机驱动,TMI8122-Q1,238356.46,201193.51333333334,209154.5026106631
2026-02,车规电机驱动,TMI8122-Q1,159115.02000000002,237726.37666666662,280887.83417341183
2026-03,车规电机驱动,TMI8122-Q1,209420.5,252106.905,252598.1482565105
2026-04,车规电机驱动,TMI8122-Q1,486357.55,208949.59,198225.7285845073
2026-05,车规电机驱动,TMI8122-Q1,778073.87,275011.5416666667,234492.86781487928
2026-06,车规电机驱动,TMI8122-Q1,774882.23,361607.36000000004,362826.83807365416
2026-07,车规电机驱动,TMI8122-Q1,784975.59,441034.27166666667,496441.5245695474
2026-08,车规电机驱动,TMI8122-Q1,259386.27000000002,532137.46,655246.6844668976
2025-01,车规电机驱动,TMI8140-Q1,16283.189999999999,208013.25666666662,221301.1514677798
2025-02,车规电机驱动,TMI8140-Q1,103628.29999999999,201381.99,167738.2524161963
2025-03,车规电机驱动,TMI8140-Q1,14283.180000000002,183668.125,174598.13055356717
2025-04,车规电机驱动,TMI8140-Q1,175686.68,145986.71166666664,60801.21242942133
2025-05,车规电机驱动,TMI8140-Q1,205752.19,121288.47833333335,116611.70712518222
2025-06,车规电机驱动,TMI8140-Q1,68584.07,129301.75166666666,146423.69794343584
2025-07,车规电机驱动,TMI8140-Q1,220424.76,97369.60166666667,151403.45594247303
2025-08,车规电机驱动,TMI8140-Q1,796.46,131393.19666666666,175652.6873223017
2025-09,车规电机驱动,TMI8140-Q1,315376.08,114254.55666666666,99556.56106468532
2025-10,车规电机驱动,TMI8140-Q1,145804.59,164436.70666666667,162571.3774645732
2025-11,车规电机驱动,TMI8140-Q1,0.0,159456.35833333334,127045.01262902172
2025-12,车规电机驱动,TMI8140-Q1,278030.98,125164.32666666668,124741.1896999246
2026-01,车规电机驱动,TMI8140-Q1,140980.07,160072.145,137053.73502363963
2026-02,车规电机驱动,TMI8140-Q1,37168.14,146831.3633333333,148011.3580983112
2026-03,车规电机驱动,TMI8140-Q1,216371.63,152893.31,165609.80712741907
2026-04,车规电机驱动,TMI8140-Q1,416905.43,136392.56833333333,128859.80586700661
2026-05,车规电机驱动,TMI8140-Q1,216592.86,181576.04166666666,183899.74509995765
2026-06,车规电机驱动,TMI8140-Q1,128761.04,217674.85166666665,209217.5012042658
2026-07,车规电机驱动,TMI8140-Q1,224495.52,192796.52833333332,185561.0508479467
2026-08,车规电机驱动,TMI8140-Q1,236283.13999999998,206715.77,159710.37336013207
2026-05,车规电机驱动,TMI8420-Q1,69690.25,55435.09166666667,46423.806276398675
2026-06,车规电机驱动,TMI8420-Q1,13938.05,63517.685,41664.718924802364
2026-07,车规电机驱动,TMI8420-Q1,1194.6899999999987,47588.48499999999,32476.02412229518
2026-08,车规电机驱动,TMI8420-Q1,14481.24,42345.12333333333,23773.142389831253
2025-01,车规电机驱动,TMI8460-Q1,0.0,262299.815,206734.39928093998
2025-02,车规电机驱动,TMI8460-Q1,8482.3,232613.53166666665,73756.95820865712
2025-03,车规电机驱动,TMI8460-Q1,16460.17,204010.43499999997,40818.40069806457
2025-04,车规电机驱动,TMI8460-Q1,16964.589999999997,119640.88500000001,11300.988459411008
2025-05,车规电机驱动,TMI8460-Q1,1261.06,38800.258333333324,16644.701748803323
2025-06,车规电机驱动,TMI8460-Q1,0.0,20590.791666666664,12834.326595145216
2025-07,车规电机驱动,TMI8460-Q1,0.0,7194.686666666666,6131.746076762071
2025-08,车规电机驱动,TMI8460-Q1,0.0,7194.686666666666,447.7082246185476
2025-09,车规电机驱动,TMI8460-Q1,0.0,5780.969999999998,0.0
2025-10,车规电机驱动,TMI8460-Q1,24690.26,3037.608333333333,0.0
2025-11,车规电机驱动,TMI8460-Q1,16460.18,4325.22,6789.891078620773
2025-12,车规电机驱动,TMI8460-Q1,8230.09,6858.406666666667,11130.46399424192
2026-01,车规电机驱动,TMI8460-Q1,16460.17,8230.088333333333,15967.952085632853
2026-02,车规电机驱动,TMI8460-Q1,24690.26,10973.449999999999,14535.971093705213
2026-03,车规电机驱动,TMI8460-Q1,8230.09,15088.493333333332,17926.943123055786
2026-04,车规电机驱动,TMI8460-Q1,24690.26,16460.175,16128.88269652506
2026-05,车规电机驱动,TMI8460-Q1,34393.259999999995,16460.175,15802.300462518147
2026-06,车规电机驱动,TMI8460-Q1,16460.17,19449.021666666664,16570.989218254097
2026-07,车规电机驱动,TMI8460-Q1,32256.629999999997,20820.701666666664,18390.022856567095
2026-08,车规电机驱动,TMI8460-Q1,5023.54,23453.444999999996,23293.06347733579
2025-01,车规电机驱动,TMI8720-Q1,358530.82,527955.55,534367.5673069191
2025-02,车规电机驱动,TMI8720-Q1,196353.9,511413.63499999995,527333.9594238679
2025-03,车规电机驱动,TMI8720-Q1,137309.68,492580.9483333333,376172.4499450834
2025-04,车规电机驱动,TMI8720-Q1,14131.84,413868.5516666667,313620.9415534599
2025-05,车规电机驱动,TMI8720-Q1,122053.04,285436.3,138137.84683296294
2025-06,车规电机驱动,TMI8720-Q1,76283.16,182066.13999999998,101197.50679198415
2025-07,车规电机驱动,TMI8720-Q1,122053.04999999999,150777.07333333333,71481.6794302166
2025-08,车规电机驱动,TMI8720-Q1,106796.42,111364.11166666665,113746.29462862038
2025-09,车规电机驱动,TMI8720-Q1,201654.78999999998,96437.86499999999,104821.9489417292
2025-10,车规电机驱动,TMI8720-Q1,163209.89,107162.04999999999,130428.66699583981
2025-11,车规电机驱动,TMI8720-Q1,88080.0,132008.39166666666,129708.13166902497
2025-12,车规电机驱动,TMI8720-Q1,40018.58,126346.21833333334,122513.50051478011
2026-01,车规电机驱动,TMI8720-Q1,154538.06,120302.12166666664,94199.06370180749
2026-02,车规电机驱动,TMI8720-Q1,71931.97,125716.29,99838.4957502755
2026-03,车规电机驱动,TMI8720-Q1,154375.68,119905.54833333334,96745.1568839736
2026-04,车规电机驱动,TMI8720-Q1,173942.07,112025.69666666666,124393.50136581797
2026-05,车规电机驱动,TMI8720-Q1,165878.62,113814.39333333333,109786.48439026698
2026-06,车规电机驱动,TMI8720-Q1,202278.76,126780.83,121659.2412584961
2026-07,车规电机驱动,TMI8720-Q1,143860.0,153824.19333333333,131966.30024337507
2026-08,车规电机驱动,TMI8720-Q1,46476.58,152044.51666666666,143501.92183520453
2025-05,车规电机驱动,TMI8721-Q1,9459.289999999999,74776.0,137066.55743929217
2025-06,车规电机驱动,TMI8721-Q1,10619.47,72466.8,122367.39916266713
2025-07,车规电机驱动,TMI8721-Q1,10619.47,72417.39166666665,86556.07905954684
2025-08,车规电机驱动,TMI8721-Q1,37964.61,62632.73666666666,10898.648797227599
2025-09,车规电机驱动,TMI8721-Q1,50221.25,64985.24666666665,20338.14441696751
2025-10,车规电机驱动,TMI8721-Q1,33451.32,59346.60833333333,29934.77343054413
2025-11,车规电机驱动,TMI8721-Q1,58723.0,25389.235,33450.56728080584
2025-12,车规电机驱动,TMI8721-Q1,42955.75,33599.85333333333,38515.47552892642
2026-01,车规电机驱动,TMI8721-Q1,55025.62,38989.23333333333,43696.38161210933
2026-02,车规电机驱动,TMI8721-Q1,18584.07,46390.25833333333,55354.21231406726
2026-03,车规电机驱动,TMI8721-Q1,63038.89,43160.168333333335,42317.537624026074
2026-04,车规电机驱动,TMI8721-Q1,175351.02,45296.44166666667,44632.760397555976
2026-05,车规电机驱动,TMI8721-Q1,90642.08,68946.39166666666,70486.66978199205
2026-06,车规电机驱动,TMI8721-Q1,106470.0,74266.23833333333,80999.74966059155
2026-07,车规电机驱动,TMI8721-Q1,99206.8,84851.94666666667,90670.77504723208
2026-08,车规电机驱动,TMI8721-Q1,229519.8,92215.47666666667,83048.60424084697
2025-01,车规电机驱动,TMI8722-Q1,328141.44,132566.36833333335,180204.07579723082
2025-02,车规电机驱动,TMI8722-Q1,391946.72,187256.60833333337,327837.85689994186
2025-03,车规电机驱动,TMI8722-Q1,337256.48,234616.46,441759.576206955
2025-04,车规电机驱动,TMI8722-Q1,273185.71,276887.82166666666,479064.0050588449
2025-05,车规电机驱动,TMI8722-Q1,182300.8,308480.72,398130.15857609815
2025-06,车规电机驱动,TMI8722-Q1,109380.48,292404.00999999995,293328.0066514772
2025-07,车规电机驱动,TMI8722-Q1,350442.4,270368.605,190041.01087340646
2025-08,车规电机驱动,TMI8722-Q1,280353.92,274085.43166666664,227970.16221141611
2025-09,车规电机驱动,TMI8722-Q1,219026.5,255486.63166666668,254272.29705801222
2025-10,车规电机驱动,TMI8722-Q1,481858.3,235781.635,257468.43386693907
2025-11,车规电机驱动,TMI8722-Q1,289114.98,270560.39999999997,269843.41318905784
2025-12,车规电机驱动,TMI8722-Q1,305663.6,288362.76333333337,267777.37748605903
2026-01,车规电机驱动,TMI8722-Q1,275044.12,321076.6166666667,348147.05539744603
2026-02,车规电机驱动,TMI8722-Q1,415929.0,308510.23666666663,307255.9521562496
2026-03,车规电机驱动,TMI8722-Q1,748672.2,331106.0833333333,361815.7482705504
2026-04,车规电机驱动,TMI8722-Q1,665486.4,419380.3666666667,470223.28826997534
2026-05,车规电机驱动,TMI8722-Q1,648849.24,449985.05,501983.8208262112
2026-06,车规电机驱动,TMI8722-Q1,715397.88,509940.75999999995,507862.8329963835
2026-07,车规电机驱动,TMI8722-Q1,224601.66,578229.8066666666,494109.3799566898
2026-08,车规电机驱动,TMI8722-Q1,499114.80000000005,569822.73,445302.9571682119
2026-07,车规电机驱动,TMM8512-Q1,-40980.68000000001,71597.325,101624.63661894028
2026-08,车规电机驱动,TMM8512-Q1,179752.17,62746.563333333346,81992.36785339724
2025-05,车规电源管理,TMI6411-50TB-Q1,56770.229999999996,82136.59833333333,102604.57520254819
2025-06,车规电源管理,TMI6411-50TB-Q1,19007.42,91598.30333333333,115227.8952025164
2025-07,车规电源管理,TMI6411-50TB-Q1,155701.16,92786.26666666668,111076.05304396132
2025-08,车规电源管理,TMI6411-50TB-Q1,238150.69999999998,118736.46000000002,111778.65327223898
2025-09,车规电源管理,TMI6411-50TB-Q1,272427.49,138556.51333333334,133191.54659750467
2025-10,车规电源管理,TMI6411-50TB-Q1,177701.86,146130.6683333333,147994.38624721373
2025-11,车规电源管理,TMI6411-50TB-Q1,131519.91999999998,153293.14333333334,158439.4176103089
2025-12,车规电源管理,TMI6411-50TB-Q1,66435.35,165751.42500000002,157377.5298468765
2026-01,车规电源管理,TMI6411-50TB-Q1,132840.84,173656.08,132546.87947440468
2026-02,车规电源管理,TMI6411-50TB-Q1,24566.340000000004,169846.02666666664,118561.58728399365
2026-03,车规电源管理,TMI6411-50TB-Q1,86346.04,134248.63333333333,114655.92689206397
2026-04,车规电源管理,TMI6411-50TB-Q1,161312.31,103235.05833333333,111377.79981732048
2026-05,车规电源管理,TMI6411-50TB-Q1,157359.57,100503.46666666667,133472.06941486953
2026-06,车规电源管理,TMI6411-50TB-Q1,280769.91000000003,104810.075,115122.43411050018
2026-07,车规电源管理,TMI6411-50TB-Q1,236952.23,140532.50166666668,147956.95252963773
2026-08,车规电源管理,TMI6411-50TB-Q1,230581.47,157884.4,159271.55974506747
2025-09,车规电源管理,TMI7205B-Q1,6087.169999999999,26221.376666666667,35744.342765456655
2025-10,车规电源管理,TMI7205B-Q1,46434.94,20421.75,22095.68915182308
2025-11,车规电源管理,TMI7205B-Q1,186611.88999999998,28160.906666666666,26865.614870518115
2025-12,车规电源管理,TMI7205B-Q1,47787.6,58322.033333333326,64702.76877060805
2026-01,车规电源管理,TMI7205B-Q1,78002.64,63385.085,99089.63353224026
2026-02,车规电源管理,TMI7205B-Q1,0.0,71518.27,111968.94789270809
2026-03,车规电源管理,TMI7205B-Q1,0.0,60820.706666666665,64431.8868321189
2026-04,车规电源管理,TMI7205B-Q1,0.0,59806.17833333334,35641.63141369996
2026-05,车规电源管理,TMI7205B-Q1,71681.4,52067.02166666667,0.0
2026-06,车规电源管理,TMI7205B-Q1,33451.32,32911.939999999995,20374.746007407295
2026-07,车规电源管理,TMI7205B-Q1,47787.6,30522.559999999998,25949.336736018508
2026-08,车规电源管理,TMI7205B-Q1,162477.84,25486.72,36078.38506410555
2025-01,通用电源管理,STI34061,200308.9,210155.25499999998,232476.68146549875
2025-02,通用电源管理,STI34061,76380.03,214938.3733333333,248275.31848016387
2025-03,通用电源管理,STI34061,100552.51000000001,188875.4,171960.52426993722
2025-04,通用电源管理,STI34061,269799.32,172221.05333333334,131909.86224468742
2025-05,通用电源管理,STI34061,141530.15,192592.05000000002,154605.89469138894
2025-06,通用电源管理,STI34061,141955.31,166142.96333333335,165544.50260790254
2025-07,通用电源管理,STI34061,208618.31,155087.70333333334,176510.8728814048
2025-08,通用电源管理,STI34061,137388.76,156472.605,159914.67939091587
2025-09,通用电源管理,STI34061,143362.07,166640.72666666668,162324.6184572945
2025-10,通用电源管理,STI34061,196658.08,173775.65333333335,158465.29580985816
2025-11,通用电源管理,STI34061,103809.43,161585.44666666668,154465.06588279453
2025-12,通用电源管理,STI34061,397435.49,155298.66,143886.04854805177
2026-01,通用电源管理,STI34061,248122.16999999998,197878.68999999997,229790.61495678444
2026-02,通用电源管理,STI34061,352829.45,204462.66666666666,223933.50798459153
2026-03,通用电源管理,STI34061,338596.83,240369.44833333333,304788.076456155
2026-04,通用电源管理,STI34061,268983.92,272908.575,293578.1044721337
2026-05,通用电源管理,STI34061,56256.4,284962.88166666665,335525.11344868055
2026-06,通用电源管理,STI34061,113361.78,277037.37666666665,225582.11563554427
2026-07,通用电源管理,STI34061,139777.53,229691.7583333333,144345.52570708375
2026-08,通用电源管理,STI34061,96023.28,211634.31833333333,101759.04406994706
2025-01,通用电源管理,STI3408B,215041.95,242169.0133333333,191638.7504150547
2025-02,通用电源管理,STI3408B,156529.4,216697.55500000002,220779.38168440497
2025-03,通用电源管理,STI3408B,286499.45,197414.53833333333,204800.93947940037
2025-04,通用电源管理,STI3408B,218174.33000000002,199817.4616666667,230107.35134308485
2025-05,通用电源管理,STI3408B,321913.26,215253.89,228830.5768401911
2025-06,通用电源管理,STI3408B,161042.29,234030.30166666667,267321.26885759574
2025-07,通用电源管理,STI3408B,163684.04,226533.44666666668,223676.94105381792
2025-08,通用电源管理,STI3408B,360860.81,217973.795,210132.8399014771
2025-09,通用电源管理,STI3408B,201555.2,252029.03000000003,228066.08763513237
2025-10,通用电源管理,STI3408B,355125.5,237871.65500000003,235122.42560044306
2025-11,通用电源管理,STI3408B,226245.35,260696.85,296869.42749423924
2025-12,通用电源管理,STI3408B,324593.57,244752.19833333336,253818.4490538787
2026-01,通用电源管理,STI3408B,542503.07,272010.74500000005,298296.64179802424
2026-02,通用电源管理,STI3408B,244085.65,335147.25,326723.59183474974
2026-03,通用电源管理,STI3408B,201528.71000000002,315684.7233333333,339222.2409214051
2026-04,通用电源管理,STI3408B,307536.95,315680.3083333333,308754.31926397857
2026-05,通用电源管理,STI3408B,101812.69,307748.8833333333,263117.96639787086
2026-06,通用电源管理,STI3408B,164467.71000000002,287010.10666666663,207585.89751861655
2026-07,通用电源管理,STI3408B,354262.3,260322.4633333333,188845.34990962353
2026-08,通用电源管理,STI3408B,445322.47000000003,228949.00166666668,204094.07731149194
2025-01,通用电源管理,STI3411A,146818.79,211757.2316666667,186624.82044783563
2025-02,通用电源管理,STI3411A,87689.98,202102.33500000005,170774.16391136943
2025-03,通用电源管理,STI3411A,254535.84999999998,180214.78833333333,171030.52598738077
2025-04,通用电源管理,STI3411A,122534.91,169288.085,171004.03512325027
2025-05,通用电源管理,STI3411A,188139.17,158719.52166666667,160845.36711827986
2025-06,通用电源管理,STI3411A,64420.200000000004,174593.81333333332,182790.95648355782
2025-07,通用电源管理,STI3411A,73406.81,144023.15,119663.90757327911
2025-08,通用电源管理,STI3411A,180665.83000000002,131787.81999999998,105926.39265287804
2025-09,通用电源管理,STI3411A,112340.47,147283.795,105949.2101304616
2025-10,通用电源管理,STI3411A,122643.93999999999,123584.565,118650.23173459628
2025-11,通用电源管理,STI3411A,172922.31,123602.73666666668,134483.12413314483
2025-12,通用电源管理,STI3411A,106773.14,121066.59333333334,132240.14072472716
2026-01,通用电源管理,STI3411A,226175.58000000002,128125.41666666667,132473.7332400599
2026-02,通用电源管理,STI3411A,83110.45,153586.87833333333,151169.5347278709
2026-03,通用电源管理,STI3411A,138597.06,137327.64833333332,127014.73491203669
2026-04,通用电源管理,STI3411A,180583.54,141703.74666666667,139948.78985466057
2026-05,通用电源管理,STI3411A,87132.53,151360.34666666668,140542.8120095339
2026-06,通用电源管理,STI3411A,156225.24,137062.05000000002,138071.47652989882
2026-07,通用电源管理,STI3411A,68548.42,145304.06666666668,139520.60708532805
2026-08,通用电源管理,STI3411A,115738.70000000001,119032.87333333335,102584.73116482218
2025-01,通用电源管理,STI3452,26380.97,61842.73333333334,111756.1323747939
2025-02,通用电源管理,STI3452,91346.37,66239.56166666666,89144.8121381764
2025-03,通用电源管理,STI3452,36017.520000000004,81463.95666666667,85825.83742443656
2025-04,通用电源管理,STI3452,48286.96,78189.63666666666,53759.90321590531
2025-05,通用电源管理,STI3452,67669.93,71692.88000000002,60789.61285087873
2025-06,通用电源管理,STI3452,72702.88,65671.13166666667,49149.07946667599
2025-07,通用电源管理,STI3452,117908.39,57067.43833333333,60186.90895546606
2025-08,通用电源管理,STI3452,23650.38,72322.00833333335,83931.39376010271
2025-09,通用电源管理,STI3452,921.8,61039.34333333333,71275.86472194921
2025-10,通用电源管理,STI3452,13915.86,55190.056666666664,46137.41208161838
2025-11,通用电源管理,STI3452,22706.06,49461.54,12452.758023095193
2025-12,通用电源管理,STI3452,10619.4,41967.56166666667,12171.377848665385
2026-01,通用电源管理,STI3452,0.0,31620.315,15554.61428618338
2026-02,通用电源管理,STI3452,0.0,11968.916666666666,9958.65345914802
2026-03,通用电源管理,STI3452,0.0,8027.186666666667,3241.89531966062
2026-04,通用电源管理,STI3452,12940.880000000001,7873.553333333333,0.0
2026-05,通用电源管理,STI3452,18583.95,7711.056666666666,4520.97471489345
2026-06,通用电源管理,STI3452,0.0,7024.038333333333,10712.62409229564
2026-07,通用电源管理,STI3452,0.0,5254.138333333333,10374.934728256992
2026-08,通用电源管理,STI3452,23881.22,5254.138333333333,6112.188779358618
2025-01,通用电源管理,STI3452HF,0.0,79345.41833333333,29465.59073903857
2025-02,通用电源管理,STI3452HF,1150.44,35360.659999999996,24826.626762064083
2025-03,通用电源管理,STI3452HF,26238.84,19278.92166666667,2839.5822277387133
2025-04,通用电源管理,STI3452HF,215719.22,18424.283333333336,9577.198495958377
2025-05,通用电源管理,STI3452HF,213214.23,52331.32666666667,84135.4971852277
2025-06,通用电源管理,STI3452HF,399532.17,77196.78166666666,147204.38166029987
2025-07,通用电源管理,STI3452HF,385852.99,142642.4833333333,264300.04045734677
2025-08,通用电源管理,STI3452HF,92149.0,206951.31499999997,324506.15302503004
2025-09,通用电源管理,STI3452HF,53354.27,222117.74166666667,291918.8108420211
2025-10,通用电源管理,STI3452HF,90873.67,226636.97999999998,172061.37461246515
2025-11,通用电源管理,STI3452HF,199708.83,205829.38833333334,76479.46832469752
2025-12,通用电源管理,STI3452HF,1681.57,203578.4883333333,111501.58758161208
2026-01,通用电源管理,STI3452HF,9187.92,137270.055,96230.47955815162
2026-02,通用电源管理,STI3452HF,104535.23,74492.54333333333,62927.15884160575
2026-03,通用电源管理,STI3452HF,25136.25,76556.915,35230.806037511
2026-04,通用电源管理,STI3452HF,792.06,71853.91166666667,43389.0124986506
2026-05,通用电源管理,STI3452HF,1330.98,56840.31,45578.22694866888
2026-06,通用电源管理,STI3452HF,113969.61,23777.335000000003,9263.127724808464
2026-07,通用电源管理,STI3452HF,17688.91,42492.00833333333,38206.50789172801
2026-08,通用电源管理,STI3452HF,29342.2,43908.84,43739.72861918553
2025-01,通用电源管理,STI3452HF2,0.0,36249.505,0.0
2025-02,通用电源管理,STI3452HF2,0.0,14220.581666666665,0.0
2025-03,通用电源管理,STI3452HF2,0.0,0.0,0.0
2025-04,通用电源管理,STI3452HF2,0.0,0.0,0.0
2025-05,通用电源管理,STI3452HF2,0.0,0.0,0.0
2025-06,通用电源管理,STI3452HF2,0.0,0.0,0.0
2025-07,通用电源管理,STI3452HF2,0.0,0.0,0.0
2025-08,通用电源管理,STI3452HF2,0.0,0.0,0.0
2025-09,通用电源管理,STI3452HF2,0.0,0.0,0.0
2025-10,通用电源管理,STI3452HF2,0.0,0.0,0.0
2025-11,通用电源管理,STI3452HF2,0.0,0.0,0.0
2025-12,通用电源管理,STI3452HF2,0.0,0.0,0.0
2026-01,通用电源管理,STI3452HF2,0.0,0.0,0.0
2026-02,通用电源管理,STI3452HF2,0.0,0.0,0.0
2026-03,通用电源管理,STI3452HF2,0.0,0.0,0.0
2026-04,通用电源管理,STI3452HF2,0.0,0.0,0.0
2026-05,通用电源管理,STI3452HF2,0.0,0.0,0.0
2026-06,通用电源管理,STI3452HF2,0.0,0.0,0.0
2026-07,通用电源管理,STI3452HF2,0.0,0.0,0.0
2026-08,通用电源管理,STI3452HF2,0.0,0.0,0.0
2025-01,通用电源管理,STI3452HFI,2192851.42,1071136.3499999999,1205907.8931677735
2025-02,通用电源管理,STI3452HFI,787257.0,1284907.4016666666,1635178.4954961
2025-03,通用电源管理,STI3452HFI,1519433.52,1237557.765,1441023.7953250539
2025-04,通用电源管理,STI3452HFI,1215654.21,1317133.1866666665,1573353.016226408
2025-05,通用电源管理,STI3452HFI,1325722.47,1365123.7483333333,1219020.4172882338
2025-06,通用电源管理,STI3452HFI,898117.66,1354148.6966666665,1313280.8557630752
2025-07,通用电源管理,STI3452HFI,832359.11,1323172.7133333331,1097279.6833920702
2025-08,通用电源管理,STI3452HFI,1261528.19,1096423.995,993146.4691265436
2025-09,通用电源管理,STI3452HFI,1469853.92,1175469.1933333334,995314.5641152351
2025-10,通用电源管理,STI3452HFI,925678.95,1167205.9266666668,1153994.5216347005
2025-11,通用电源管理,STI3452HFI,1585736.8599999999,1118876.7166666666,1183237.609809801
2025-12,通用电源管理,STI3452HFI,1522357.21,1162212.4483333332,1290696.2389790893
2026-01,通用电源管理,STI3452HFI,1733958.3699999999,1266252.3733333333,1328154.747668208
2026-02,通用电源管理,STI3452HFI,1651717.98,1416518.9166666667,1446951.4383592037
2026-03,通用电源管理,STI3452HFI,1158181.32,1481550.548333333,1498326.7441570382
2026-04,通用电源管理,STI3452HFI,2528792.67,1429605.115,1419806.633441592
2026-05,通用电源管理,STI3452HFI,1695038.2,1696790.735,1865104.3365655737
2026-06,通用电源管理,STI3452HFI,3526384.04,1715007.625,1828890.860049771
2026-07,通用电源管理,STI3452HFI,3726907.18,2049012.0966666664,2550623.550427207
2026-08,通用电源管理,STI3452HFI,2815899.37,2381170.231666667,2943070.6967533063
2025-01,通用电源管理,STI3452I,119930.51,109327.73333333332,67118.46824663045
2025-02,通用电源管理,STI3452I,97494.63,122369.25166666666,77208.17152093553
2025-03,通用电源管理,STI3452I,40814.13,122872.04999999999,103330.78891306074
2025-04,通用电源管理,STI3452I,79053.75,74609.64833333333,90298.42143500631
2025-05,通用电源管理,STI3452I,22630.57,72965.01666666666,75225.27121955434
2025-06,通用电源管理,STI3452I,0.0,72319.93166666667,46084.51938012562
2025-07,通用电源管理,STI3452I,16487.92,59987.26500000001,32439.692415815396
2025-08,通用电源管理,STI3452I,33545.840000000004,42746.833333333336,12711.995249714808
2025-09,通用电源管理,STI3452I,113328.8,32088.701666666664,16644.133512882374
2025-10,通用电源管理,STI3452I,32314.39,44174.48,52899.323391449856
2025-11,通用电源管理,STI3452I,173999.86,36384.58666666667,57976.390353552575
2025-12,通用电源管理,STI3452I,45167.479999999996,61612.801666666666,103625.75520619271
2026-01,通用电源管理,STI3452I,209116.34,69140.715,82802.54044916847
2026-02,通用电源管理,STI3452I,218767.91,101245.45166666666,127984.09238248004
2026-03,通用电源管理,STI3452I,-159748.06,132115.79666666666,144413.44986010127
2026-04,通用电源管理,STI3452I,107031.63,86602.98666666666,83783.77336536492
2026-05,通用电源管理,STI3452I,58410.200000000004,99055.85999999999,58011.089079771664
2026-06,通用电源管理,STI3452I,71482.44,79790.91666666667,1934.8309785648412
2026-07,通用电源管理,STI3452I,110622.53,84176.74333333333,77972.62782352629
2026-08,通用电源管理,STI3452I,264365.81,67761.10833333334,79104.502720871
2025-01,通用电源管理,STI3453,2182631.61,1590700.6283333332,1741552.0778704989
2025-02,通用电源管理,STI3453,1582214.45,1718313.6066666665,1807669.5275984723
2025-03,通用电源管理,STI3453,1840977.03,1737052.4749999996,1936574.3437440705
2025-04,通用电源管理,STI3453,1396986.6,1753458.3966666665,1960185.8999636623
2025-05,通用电源管理,STI3453,1792909.29,1663505.6416666666,1668177.2923700167
2025-06,通用电源管理,STI3453,1271895.17,1748757.206666667,1627002.6837533258
2025-07,通用电源管理,STI3453,1185121.06,1677935.6916666667,1423416.4088429261
2025-08,通用电源管理,STI3453,1983129.96,1511683.9333333333,1381061.309418685
2025-09,通用电源管理,STI3453,2239984.06,1578503.1849999998,1477050.4156208923
2025-10,通用电源管理,STI3453,1272824.66,1645004.3566666667,1751270.159294172
2025-11,通用电源管理,STI3453,1924864.49,1624310.7,1778204.2029630295
2025-12,通用电源管理,STI3453,1341221.83,1646303.2333333334,1762850.757902392
2026-01,通用电源管理,STI3453,955483.4400000001,1657857.6766666668,1494475.8015487844
2026-02,通用电源管理,STI3453,1403906.38,1619584.74,1261532.4827761922
2026-03,通用电源管理,STI3453,1304186.17,1523047.4766666666,1129724.4277470068
2026-04,通用电源管理,STI3453,1543443.17,1367081.1616666669,1144747.4526021734
2026-05,通用电源管理,STI3453,1047660.45,1412184.2466666668,1485299.7237889788
2026-06,通用电源管理,STI3453,1245899.49,1265983.5733333335,1323679.6281162254
2026-07,通用电源管理,STI3453,1629499.32,1250096.5166666668,1262771.4984781547
2026-08,通用电源管理,STI3453,454306.62,1362432.4966666668,1290278.9121651168
2025-01,通用电源管理,STI3453F,77662.37,286543.37499999994,334695.8733404503
2025-02,通用电源管理,STI3453F,108955.3,274123.25333333336,227046.98631653527
2025-03,通用电源管理,STI3453F,71286.89,237983.4516666667,201427.66088513087
2025-04,通用电源管理,STI3453F,204062.1,200411.28166666665,90181.3835242404
2025-05,通用电源管理,STI3453F,36287.27,172086.3866666667,133000.8309440679
2025-06,通用电源管理,STI3453F,1785.42,146619.5766666667,100784.30511714243
2025-07,通用电源管理,STI3453F,84271.84,83339.89166666668,77246.69949868429
2025-08,通用电源管理,STI3453F,26089.18,84441.47000000002,39757.23715789108
2025-09,通用电源管理,STI3453F,133935.49,70630.45,37306.417114253505
2025-10,通用电源管理,STI3453F,127823.4,81071.88333333333,79106.98807543518
2025-11,通用电源管理,STI3453F,218655.21,68365.43333333333,93132.88915530554
2025-12,通用电源管理,STI3453F,163269.06,98760.08999999998,155746.46132366522
2026-01,通用电源管理,STI3453F,166724.44,125674.02999999998,167838.84087342798
2026-02,通用电源管理,STI3453F,78169.48,139416.12999999998,163952.79686157667
2026-03,通用电源管理,STI3453F,28630.0,148096.17999999996,124604.18239455443
2026-04,通用电源管理,STI3453F,16938.129999999997,130545.265,85467.2624507949
2026-05,通用电源管理,STI3453F,20450.0,112064.38666666666,43228.48261411487
2026-06,通用电源管理,STI3453F,186212.69999999998,79030.185,22433.98013458932
2026-07,通用电源管理,STI3453F,141286.44,82854.125,73587.83588790447
2026-08,通用电源管理,STI3453F,91584.54000000001,78614.45833333333,114439.11704968433
2025-01,通用电源管理,STI3453FI,272858.39,162739.905,190635.54134044237
2025-02,通用电源管理,STI3453FI,76462.24,184517.75833333333,256831.70474870293
2025-03,通用电源管理,STI3453FI,109129.0,178482.115,167834.1486429541
2025-04,通用电源管理,STI3453FI,96208.62,166075.39833333335,160305.8973039333
2025-05,通用电源管理,STI3453FI,71501.74,169174.76499999998,97525.88382482536
2025-06,通用电源管理,STI3453FI,135128.86000000002,125029.60833333334,89530.86051884473
2025-07,通用电源管理,STI3453FI,145657.88,126881.47499999999,96612.84206105176
2025-08,通用电源管理,STI3453FI,202640.21,105681.39,114480.12140267303
2025-09,通用电源管理,STI3453FI,259531.78,126711.05166666665,160815.8711143338
2025-10,通用电源管理,STI3453FI,139953.77,151778.18166666667,196824.71222361433
2025-11,通用电源管理,STI3453FI,280030.39,159069.04,194817.04936786316
2025-12,通用电源管理,STI3453FI,366343.94,193823.81500000003,220293.70717475613
2026-01,通用电源管理,STI3453FI,217636.3,232359.66166666665,258905.34595323406
2026-02,通用电源管理,STI3453FI,240473.37,244356.06500000003,258192.45853441066
2026-03,通用电源管理,STI3453FI,225103.27000000002,250661.59166666665,251689.57752192236
2026-04,通用电源管理,STI3453FI,429505.07,244923.50666666668,213481.656934279
2026-05,通用电源管理,STI3453FI,536756.25,293182.0566666667,312702.21025723073
2026-06,通用电源管理,STI3453FI,433669.71,335969.7,404844.0866942635
2026-07,通用电源管理,STI3453FI,446531.83999999997,347190.6616666667,460722.3277750136
2026-08,通用电源管理,STI3453FI,516704.76999999996,385339.9183333333,466031.9020436813
2025-01,通用电源管理,STI3454I,309450.72000000003,71011.62166666667,75010.9765772506
2025-02,通用电源管理,STI3454I,316315.19,113496.36666666665,161479.82085543874
2025-03,通用电源管理,STI3454I,480148.21,158617.99,260652.01585673183
2025-04,通用电源管理,STI3454I,174056.71,219601.10166666668,386704.5445051178
2025-05,通用电源管理,STI3454I,338758.39,238590.22666666665,335879.6256943376
2025-06,通用电源管理,STI3454I,340019.73,288012.23666666663,321127.96246870526
2025-07,通用电源管理,STI3454I,19769.9,326458.1583333334,272074.39226317493
2025-08,通用电源管理,STI3454I,381522.33,278178.02166666667,227001.07064300502
2025-09,通用电源管理,STI3454I,175376.95,289045.87833333336,246603.3981243168
2025-10,通用电源管理,STI3454I,393283.52,238250.66833333333,186734.39888982038
2025-11,通用电源管理,STI3454I,505208.32,274788.47000000003,307430.4767430884
2025-12,通用电源管理,STI3454I,230350.17,302530.125,348139.79016941047
2026-01,通用电源管理,STI3454I,291379.86,284251.865,371681.0210974199
2026-02,通用电源管理,STI3454I,478950.51,329520.19166666665,306880.17964521004
2026-03,通用电源管理,STI3454I,333729.79,345758.2216666666,305488.21582212386
2026-04,通用电源管理,STI3454I,656541.98,372150.36166666663,344982.6232973942
2026-05,通用电源管理,STI3454I,394796.3,416026.77166666667,513281.69169624517
2026-06,通用电源管理,STI3454I,356118.61,397624.7683333333,470667.5206861202
2026-07,通用电源管理,STI3454I,744181.08,418586.175,463199.11531911767
2026-08,通用电源管理,STI3454I,390435.44,494053.045,491731.2484236162
2025-01,通用电源管理,STI3470,674886.87,914494.4116666667,959433.1991859352
2025-02,通用电源管理,STI3470,271244.13,884048.2366666667,866151.4243598565
2025-03,通用电源管理,STI3470,610607.19,798225.0933333333,620836.4485877225
2025-04,通用电源管理,STI3470,865384.41,710734.3249999998,544344.0153179991
2025-05,通用电源管理,STI3470,773278.19,703346.4216666665,604686.9889096606
2025-06,通用电源管理,STI3470,684124.9,666699.7833333333,727422.0682988907
2025-07,通用电源管理,STI3470,746252.01,646587.615,741023.9066092077
2025-08,通用电源管理,STI3470,1159655.73,658481.805,716102.6195850045
2025-09,通用电源管理,STI3470,651472.9,806550.4049999999,861595.2321569119
2025-10,通用电源管理,STI3470,583153.42,813361.3566666668,828119.4020857228
2025-11,通用电源管理,STI3470,491215.17,766322.8583333333,774667.0136408688
2025-12,通用电源管理,STI3470,858581.62,719312.355,559504.1962195984
2026-01,通用电源管理,STI3470,1498979.99,748388.475,636440.6191644765
2026-02,通用电源管理,STI3470,430968.58999999997,873843.1383333333,851300.4992125408
2026-03,通用电源管理,STI3470,1129020.39,752395.2816666666,851283.7828984964
2026-04,通用电源管理,STI3470,1291855.49,831986.5299999999,955827.5699903236
2026-05,通用电源管理,STI3470,748003.11,950103.5416666666,996309.1180567867
2026-06,通用电源管理,STI3470,458470.39,992901.5316666667,1076834.0198454193
2026-07,通用电源管理,STI3470,758557.3300000001,926216.3266666667,822209.039698619
2026-08,通用电源管理,STI3470,301114.14,802812.5499999999,646290.9871270506
2025-01,通用电源管理,STI3470D,531642.6599999999,484172.4883333333,344563.0403855101
2025-02,通用电源管理,STI3470D,588227.31,479418.5883333334,361149.9080932784
2025-03,通用电源管理,STI3470D,219198.99,422446.3333333333,492606.5649886485
2025-04,通用电源管理,STI3470D,308232.45,385246.4583333333,468231.7034144946
2025-05,通用电源管理,STI3470D,488779.14999999997,357788.93333333335,386109.50921214046
2025-06,通用电源管理,STI3470D,288477.94999999995,400916.01499999996,328646.2177598695
2025-07,通用电源管理,STI3470D,409291.15,404093.08499999996,346296.72620696935
2025-08,通用电源管理,STI3470D,356819.7,383701.1666666667,385582.2583529533
2025-09,通用电源管理,STI3470D,333548.11,345133.23166666663,350817.46381623944
2025-10,通用电源管理,STI3470D,214513.19,364191.4183333333,356086.5778875247
2025-11,通用电源管理,STI3470D,513285.55,348571.5416666667,292773.1350491322
2025-12,通用电源管理,STI3470D,161415.35,352655.94166666665,344080.2760046363
2026-01,通用电源管理,STI3470D,284710.32,331478.8416666667,292781.4503868553
2026-02,通用电源管理,STI3470D,201769.19999999998,310715.37000000005,286701.0347283555
2026-03,通用电源管理,STI3470D,105326.94,284873.62000000005,197789.64411220275
2026-04,通用电源管理,STI3470D,504423.01,246836.7583333333,184920.1270473743
2026-05,通用电源管理,STI3470D,217907.62,295155.06166666665,283509.1244028092
2026-06,通用电源管理,STI3470D,118145.73000000001,245925.40666666665,281250.82433601905
2026-07,通用电源管理,STI3470D,0.0,238713.80333333332,276603.78741592023
2026-08,通用电源管理,STI3470D,77011.08,191262.08333333334,110526.63804712529
2025-01,通用电源管理,STI3470I,62667.98,98497.39666666667,90130.43766160178
2025-02,通用电源管理,STI3470I,93902.38,95849.165,44151.93164725449
2025-03,通用电源管理,STI3470I,34592.81,99501.81666666665,65564.89133036614
2025-04,通用电源管理,STI3470I,41721.450000000004,74254.18333333333,66843.94858888717
2025-05,通用电源管理,STI3470I,44235.3,49378.23500000001,58908.93010980248
2025-06,通用电源管理,STI3470I,45212.18,50910.08666666667,38986.16815892114
2025-07,通用电源管理,STI3470I,83558.86,53722.01666666667,41845.97727271638
2025-08,通用电源管理,STI3470I,34991.020000000004,57203.829999999994,56220.36464726899
2025-09,通用电源管理,STI3470I,32654.659999999996,47385.27000000001,54476.769105193256
2025-10,通用电源管理,STI3470I,5378.449999999999,47062.244999999995,48962.36848709653
2025-11,通用电源管理,STI3470I,29468.88,41005.078333333346,23626.867482393136
2025-12,通用电源管理,STI3470I,42610.4,38544.00833333334,21883.612647516875
2026-01,通用电源管理,STI3470I,78397.91,38110.378333333334,25503.62931504317
2026-02,通用电源管理,STI3470I,79459.84,37250.22,44967.12689686426
2026-03,通用电源管理,STI3470I,35508.68,44661.69,61199.00909900966
2026-04,通用电源管理,STI3470I,89136.89,45137.36000000001,60420.67334360833
2026-05,通用电源管理,STI3470I,24172.49,59097.100000000006,71305.45973557909
2026-06,通用电源管理,STI3470I,969.76,58214.368333333325,50570.67508134692
2026-07,通用电源管理,STI3470I,0.0,51274.261666666665,37609.67524016284
2026-08,通用电源管理,STI3470I,28831.76,38207.94333333333,8269.188107901131
2025-01,通用电源管理,STI3472,248619.38999999998,290489.2083333334,309177.0771342108
2025-02,通用电源管理,STI3472,155406.97999999998,286449.8233333333,272947.30304101127
2025-03,通用电源管理,STI3472,260207.27,251310.01166666663,245333.03989544394
2025-04,通用电源管理,STI3472,204673.18,256129.80166666664,232262.30912141385
2025-05,通用电源管理,STI3472,170797.87,233257.6383333333,214670.36866583073
2025-06,通用电源管理,STI3472,374100.16,221264.11999999997,205580.6912816644
2025-07,通用电源管理,STI3472,103834.29,235634.1416666667,239130.8659599687
2025-08,通用电源管理,STI3472,262819.85,211503.29166666666,210812.89615668877
2025-09,通用电源管理,STI3472,215582.61,229405.43666666668,246417.88803083604
2025-10,通用电源管理,STI3472,236483.11,221967.99333333332,188537.264160385
2025-11,通用电源管理,STI3472,286161.47,227269.64833333335,231300.34726144743
2025-12,通用电源管理,STI3472,361702.96,246496.915,239327.4312627649
2026-01,通用电源管理,STI3472,453086.54,244430.715,291179.0965966897
2026-02,通用电源管理,STI3472,198739.71,302639.42333333334,328997.3847545651
2026-03,通用电源管理,STI3472,230350.66999999998,291959.39999999997,309410.6637134231
2026-04,通用电源管理,STI3472,339292.04,294420.74333333335,275651.38123815233
2026-05,通用电源管理,STI3472,64428.17,311555.565,268439.0468181947
2026-06,通用电源管理,STI3472,90288.04,274600.01499999996,215467.07738982563
2026-07,通用电源管理,STI3472,151612.27,229364.19499999998,162579.88858212592
2026-08,通用电源管理,STI3472,113946.67,179118.4833333333,100750.24406834827
2026-06,通用电源管理,STI3474,10981.44,20411.21,21997.8677905237
2026-07,通用电源管理,STI3474,29162.33,20246.760000000002,15348.163882862165
2026-08,通用电源管理,STI3474,14340.5,19346.426666666666,20993.589704734415
2025-01,通用电源管理,STI3508,297554.14,351202.90666666673,480781.0597653925
2025-02,通用电源管理,STI3508,219848.98,376488.53,376137.1367095878
2025-03,通用电源管理,STI3508,407972.88,353577.12833333336,389011.19540248
2025-04,通用电源管理,STI3508,334592.09,380368.9916666667,323575.85286637617
2025-05,通用电源管理,STI3508,337990.37,339379.50000000006,333074.2289193873
2025-06,通用电源管理,STI3508,447608.43,362945.585,349455.54500788054
2025-07,通用电源管理,STI3508,217117.52,340927.815,357367.2707709359
2025-08,通用电源管理,STI3508,450085.17,327521.7116666666,325843.99593776534
2025-09,通用电源管理,STI3508,373848.91,365894.41,370850.9039281863
2025-10,通用电源管理,STI3508,233006.06,360207.0816666666,337108.60833465325
2025-11,通用电源管理,STI3508,288366.4,343276.07666666666,341971.68284787575
2025-12,通用电源管理,STI3508,362951.44,335005.415,290223.7059212533
2026-01,通用电源管理,STI3508,555697.66,320895.9166666667,291171.31292168394
2026-02,通用电源管理,STI3508,323680.31,377325.94,360692.6681378225
2026-03,通用电源管理,STI3508,498126.26,356258.4633333334,379258.89407647704
2026-04,通用电源管理,STI3508,313671.61,376971.355,430424.9352396314
2026-05,通用电源管理,STI3508,253857.47999999998,390415.61333333334,396686.1713494936
2026-06,通用电源管理,STI3508,199087.88,384664.1266666667,362126.14553333813
2026-07,通用电源管理,STI3508,293016.99,357353.53333333327,252296.39700909244
2026-08,通用电源管理,STI3508,264932.22000000003,313573.4216666667,245344.11174664082
2025-01,通用电源管理,STI3508C,403772.96,277827.5533333333,339828.2695782445
2025-02,通用电源管理,STI3508C,240580.80000000002,324782.48500000004,351643.8645924659
2025-03,通用电源管理,STI3508C,248064.58000000002,308558.62,328800.92914179305
2025-04,通用电源管理,STI3508C,353534.52,308577.64666666667,312051.5611806398
2025-05,通用电源管理,STI3508C,205645.41,307685.86833333335,291463.37789877906
2025-06,通用电源管理,STI3508C,269821.9,289092.205,261065.82398331357
2025-07,通用电源管理,STI3508C,392775.11,286903.36166666663,264471.10407335253
2025-08,通用电源管理,STI3508C,291276.31,285070.38666666666,282145.1829720649
2025-09,通用电源管理,STI3508C,1207964.76,293519.63833333337,317313.6476742179
2025-10,通用电源管理,STI3508C,690659.73,453503.00166666665,612664.0998260287
2025-11,通用电源管理,STI3508C,193020.23,509690.5366666667,708539.7114787498
2025-12,通用电源管理,STI3508C,431611.33999999997,507586.34,678094.7176328268
2026-01,通用电源管理,STI3508C,357680.55,534551.2466666667,433071.06671601697
2026-02,通用电源管理,STI3508C,312481.51,528702.1533333332,293544.51496846625
2026-03,通用电源管理,STI3508C,341076.39,532236.3533333334,336349.890651691
2026-04,通用电源管理,STI3508C,318055.11,387754.9583333333,315978.88040828396
2026-05,通用电源管理,STI3508C,63092.72,325654.1883333333,339438.8828944799
2026-06,通用电源管理,STI3508C,257201.93,303999.60333333333,245422.94373074893
2026-07,通用电源管理,STI3508C,342206.6,274931.36833333335,210083.19771426255
2026-08,通用电源管理,STI3508C,333789.95,272352.37666666665,217894.08099790727
2025-01,通用电源管理,STI3508CB,104150.15,133231.19166666668,162545.04589709724
2025-02,通用电源管理,STI3508CB,208229.62,135666.38333333333,163484.57923449166
2025-03,通用电源管理,STI3508CB,167846.35,145507.79833333334,177083.0867832492
2025-04,通用电源管理,STI3508CB,201036.36,156492.19833333333,167920.47378331693
2025-05,通用电源管理,STI3508CB,77353.5,173976.18666666668,199728.2399269264
2025-06,通用电源管理,STI3508CB,117657.63,157609.84,144314.4207383224
2025-07,通用电源管理,STI3508CB,184638.43,146045.60166666665,126348.4749433907
2025-08,通用电源管理,STI3508CB,140229.05,159460.31499999997,123371.4134486356
2025-09,通用电源管理,STI3508CB,191377.03,148126.8866666667,147209.54438848808
2025-10,通用电源管理,STI3508CB,121456.63,152048.66666666666,167167.95625356614
2025-11,通用电源管理,STI3508CB,151424.0,138785.37833333333,146587.8828050935
2025-12,通用电源管理,STI3508CB,227238.12,151130.46166666667,150508.67093077686
2026-01,通用电源管理,STI3508CB,360314.0,169393.87666666668,164668.43546154458
2026-02,通用电源管理,STI3508CB,167919.93,198673.13833333334,220828.37247155124
2026-03,通用电源管理,STI3508CB,324107.24,203288.285,230630.8551358282
2026-04,通用电源管理,STI3508CB,496663.13,225409.98666666666,266328.686990182
2026-05,通用电源管理,STI3508CB,270878.61,287944.4033333333,345404.9374664181
2026-06,通用电源管理,STI3508CB,211629.44,307853.50499999995,370959.1824437423
2026-07,通用电源管理,STI3508CB,177827.3,305252.0583333333,322248.7505972396
2026-08,通用电源管理,STI3508CB,91168.06,274837.60833333334,217181.72492305705
2025-01,通用电源管理,STI8035,99463.14,79797.37833333333,82415.93878376434
2025-02,通用电源管理,STI8035,59365.9,81836.50833333333,104188.90985480176
2025-03,通用电源管理,STI8035,82668.0,85668.88166666667,91559.49303879202
2025-04,通用电源管理,STI8035,106652.39,79014.57833333334,84444.17262032445
2025-05,通用电源管理,STI8035,0.0,91023.88,86065.87039243677
2025-06,通用电源管理,STI8035,31906.07,74590.54166666667,61226.90585061059
2025-07,通用电源管理,STI8035,52431.56,63342.583333333336,44203.41134217213
2025-08,通用电源管理,STI8035,13100.93,55503.986666666664,27406.465636383335
2025-09,通用电源管理,STI8035,138413.1,47793.15833333333,32413.72229356738
2025-10,通用电源管理,STI8035,64168.090000000004,57084.00833333333,66040.73613727676
2025-11,通用电源管理,STI8035,11992.9,50003.291666666664,69783.68475682785
2025-12,通用电源管理,STI8035,84074.48999999999,52002.10833333334,69563.22724342534
2026-01,通用电源管理,STI8035,115745.73,60696.845,52758.92135023855
2026-02,通用电源管理,STI8035,0.0,71249.20666666667,63296.15435708718
2026-03,通用电源管理,STI8035,46853.509999999995,69065.71833333332,61001.20873039488
2026-04,通用电源管理,STI8035,13115.04,53805.78666666666,50806.934616101535
2026-05,通用电源管理,STI8035,12106.189999999999,45296.945,20950.375727062117
2026-06,通用电源管理,STI8035,13497.46,45315.82666666666,24492.10974872645
2026-07,通用电源管理,STI8035,58285.29,33552.988333333335,12742.459880469352
2026-08,通用电源管理,STI8035,11628.29,23976.248333333333,27590.745658500393
2025-01,通用电源管理,STI8036,668172.78,1099931.2016666667,1121123.5396246018
2025-02,通用电源管理,STI8036,548498.07,1077215.0683333334,1061582.0385588594
2025-03,通用电源管理,STI8036,602878.24,985623.1733333333,965621.0444205297
2025-04,通用电源管理,STI8036,547185.68,830588.6350000001,636240.9967721106
2025-05,通用电源管理,STI8036,709226.46,788225.7983333332,587841.8793607783
2025-06,通用电源管理,STI8036,841572.68,763767.7216666667,601301.3022274354
2025-07,通用电源管理,STI8036,466879.06,652922.3183333334,669306.5583154791
2025-08,通用电源管理,STI8036,487788.15,619373.3650000001,655667.3249364464
2025-09,通用电源管理,STI8036,568939.24,609255.045,597533.6762682867
2025-10,通用电源管理,STI8036,709583.14,603598.545,493367.33165695297
2025-11,通用电源管理,STI8036,894171.99,630664.7883333333,571487.6004009305
2025-12,通用电源管理,STI8036,949652.37,661489.0433333333,704370.374777406
2026-01,通用电源管理,STI8036,1167412.5,679502.3250000001,840731.562495455
2026-02,通用电源管理,STI8036,720870.0,796257.8983333334,899848.4753744741
2026-03,通用电源管理,STI8036,600661.92,835104.8733333334,866366.0632949763
2026-04,通用电源管理,STI8036,754089.03,840391.9866666667,777713.5760908276
2026-05,通用电源管理,STI8036,258105.63,847809.6350000001,725130.7355182276
2026-06,通用电源管理,STI8036,396199.18,741798.5750000001,548073.5742690936
2026-07,通用电源管理,STI8036,215112.03,649556.3766666667,463507.4689278014
2026-08,通用电源管理,STI8036,141094.42,490839.63166666665,285947.8127111528
2025-01,通用电源管理,STI8036B,861277.02,1129244.5566666664,753171.597810879
2025-02,通用电源管理,STI8036B,871884.27,974978.8549999999,793606.9954258661
2025-03,通用电源管理,STI8036B,575365.59,892540.4616666666,845636.1539640462
2025-04,通用电源管理,STI8036B,861569.72,739015.4566666667,807221.6634762025
2025-05,通用电源管理,STI8036B,871607.12,762424.945,799041.1000614483
2025-06,通用电源管理,STI8036B,950638.02,782244.685,746591.0566408075
2025-07,通用电源管理,STI8036B,736146.14,832056.9566666667,856200.1354721617
2025-08,通用电源管理,STI8036B,975254.46,811201.81,831378.1487545095
2025-09,通用电源管理,STI8036B,887361.16,828430.1750000002,885548.601738689
2025-10,通用电源管理,STI8036B,585879.9,880429.4366666666,841519.2487163119
2025-11,通用电源管理,STI8036B,984680.6,834481.1333333334,792207.7152069224
2025-12,通用电源管理,STI8036B,648611.48,853326.7133333334,796838.8120910461
2026-01,通用电源管理,STI8036B,1158768.3599999999,802988.9566666667,730681.619048872
2026-02,通用电源管理,STI8036B,1314952.99,873425.9933333333,834351.9446980279
2026-03,通用电源管理,STI8036B,1309792.69,930042.415,953187.2034201273
2026-04,通用电源管理,STI8036B,1047607.61,1000447.6699999999,1182224.1632210712
2026-05,通用电源管理,STI8036B,808308.79,1077402.2883333333,1282958.838057827
2026-06,通用电源管理,STI8036B,739884.52,1048006.9866666667,1075756.8388706078
2026-07,通用电源管理,STI8036B,899156.99,1063219.16,854287.4017893021
2026-08,通用电源管理,STI8036B,782472.66,1019950.5983333333,804923.9824052447
2025-01,通用电源管理,STI8036C,66583.98,79796.39166666666,85681.01632250889
2025-02,通用电源管理,STI8036C,125389.14,82367.17666666667,83059.2965088196
2025-03,通用电源管理,STI8036C,39026.5,91411.39,87121.87460629384
2025-04,通用电源管理,STI8036C,47415.91,78800.76666666666,80773.54400082647
2025-05,通用电源管理,STI8036C,45265.47,74827.32833333332,73311.105036506
2025-06,通用电源管理,STI8036C,46367.2,62902.57333333333,42594.809616352024
2025-07,通用电源管理,STI8036C,56787.49,61674.700000000004,44359.77116290791
2025-08,通用电源管理,STI8036C,41075.200000000004,60041.95166666667,48230.80770453849
2025-09,通用电源管理,STI8036C,74097.32,45989.628333333334,47979.23533446894
2025-10,通用电源管理,STI8036C,17840.670000000002,51834.76500000001,55683.31066424861
2025-11,通用电源管理,STI8036C,142380.4,46905.55833333334,43036.25409217996
2025-12,通用电源管理,STI8036C,52672.51,63091.380000000005,75964.17354436206
2026-01,通用电源管理,STI8036C,52672.520000000004,64142.26500000001,70097.05742567575
2026-02,通用电源管理,STI8036C,51479.649999999994,63456.436666666676,74027.83668667832
2026-03,通用电源管理,STI8036C,20778.66,65190.51166666668,47875.510490166525
2026-04,通用电源管理,STI8036C,14814.15,56304.06833333333,39036.79077064134
2026-05,通用电源管理,STI8036C,14814.15,55799.64833333332,30419.29065284365
2026-06,通用电源管理,STI8036C,94783.55,34538.60666666667,17129.06347521565
2026-07,通用电源管理,STI8036C,22287.48,41557.113333333335,40944.38647795086
2026-08,通用电源管理,STI8036C,0.0,36492.939999999995,43376.5220719864
2025-03,通用电源管理,STI8070A,2256.64,56012.98333333334,79207.8883061516
2025-04,通用电源管理,STI8070A,2568.8500000000004,47402.573333333334,65957.74246590248
2025-05,通用电源管理,STI8070A,0.0,45034.761666666665,33223.292066861686
2025-06,通用电源管理,STI8070A,2070.8,38035.57333333334,1560.5810970126504
2025-07,通用电源管理,STI8070A,2070.8,32211.40166666667,1480.1575987038896
2025-08,通用电源管理,STI8070A,1486.73,16689.983333333334,1345.8597079339938
2025-09,通用电源管理,STI8070A,16088.48,1742.3033333333333,1872.3093362274042
2025-10,通用电源管理,STI8070A,23362.829999999998,4047.61,6361.681870935776
2025-11,通用电源管理,STI8070A,4247.78,7513.2733333333335,13245.45251095644
2025-12,通用电源管理,STI8070A,9716.81,8221.236666666666,14166.900244110999
2026-01,通用电源管理,STI8070A,28699.120000000003,9495.571666666665,12290.37673795667
2026-02,通用电源管理,STI8070A,5734.5,13933.625,12749.204457240441
2026-03,通用电源管理,STI8070A,2070.8,14641.586666666664,13478.26359097537
2026-04,通用电源管理,STI8070A,11469.02,12305.30666666667,11406.435110881881
2026-05,通用电源管理,STI8070A,8920.36,10323.005000000003,6733.600293547665
2026-06,通用电源管理,STI8070A,4120.389999999999,11101.768333333333,7632.316031055416
2026-07,通用电源管理,STI8070A,136455.78999999998,10169.031666666668,8066.253297942966
2026-08,通用电源管理,STI8070A,2761.07,28128.476666666666,49168.829788120216
2026-05,通用电源管理,STI8070A定制,0.0,40538.515,46071.23820583668
2026-06,通用电源管理,STI8070A定制,18982.28,38542.86166666667,44813.073278721036
2026-07,通用电源管理,STI8070A定制,0.0,25441.118333333332,39556.05969235045
2026-08,通用电源管理,STI8070A定制,72690.92,25142.836666666666,6243.197965052827
2025-10,通用电源管理,STI8070B,39982.79,46000.23,64244.88470969215
2025-11,通用电源管理,STI8070B,47071.54,49256.950000000004,69887.16536011465
2025-12,通用电源管理,STI8070B,10620.0,54345.573333333334,72462.12392438183
2026-01,通用电源管理,STI8070B,28036.73,49345.668333333335,32160.120183165713
2026-02,通用电源管理,STI8070B,29205.0,50288.369999999995,25618.194995126112
2026-03,通用电源管理,STI8070B,12558.05,48562.95500000001,20716.860168283773
2026-04,通用电源管理,STI8070B,82305.0,27912.351666666666,21810.14412292623
2026-05,通用电源管理,STI8070B,10088.76,34966.05333333334,43343.92382713821
2026-06,通用电源管理,STI8070B,20841.5,28802.256666666668,35664.24587653714
2026-07,通用电源管理,STI8070B,14867.25,30505.84,37266.13058459664
2026-08,通用电源管理,STI8070B,59893.729999999996,28310.926666666666,15062.62267949301
2025-08,通用电源管理,STI8070B定制,0.0,21655.645,41284.13930364722
2025-09,通用电源管理,STI8070B定制,0.0,21655.645,42261.96102212773
2025-10,通用电源管理,STI8070B定制,115830.03,21173.875,41138.56912165684
2025-11,通用电源管理,STI8070B定制,232027.01,40478.88,37476.66379991959
2025-12,通用电源管理,STI8070B定制,18982.28,79150.04833333334,112772.50818934056
2026-01,通用电源管理,STI8070B定制,92964.47,82313.76166666667,120785.02733636143
2026-02,通用电源管理,STI8070B定制,0.0,76633.96500000001,102789.74318374453
2026-03,通用电源管理,STI8070B定制,0.0,76633.96500000001,34175.15536435369
2026-04,通用电源管理,STI8070B定制,-111946.75,76633.96500000001,29048.350711298113
2026-05,通用电源管理,STI8070B定制,0.0,38671.168333333335,-39109.27434335983
2026-06,通用电源管理,STI8070B定制,126963.68,0.0,-38041.23451591006
2026-07,通用电源管理,STI8070B定制,0.0,17996.899999999998,4942.125574310922
2026-08,通用电源管理,STI8070B定制,885.35,2502.8216666666654,41757.859888886815
2025-05,通用电源管理,STI8070C,124409.87,97806.98166666667,181500.54628149816
2025-06,通用电源管理,STI8070C,188402.47,115970.79666666665,183640.5508180391
2025-07,通用电源管理,STI8070C,309100.22000000003,141656.6,176948.7773626232
2025-08,通用电源管理,STI8070C,371273.74,191059.365,202097.51216005464
2025-09,通用电源管理,STI8070C,713593.91,239435.56666666665,289005.4813742823
2025-10,通用电源管理,STI8070C,513711.29,324770.88166666665,451388.3545435413
2025-11,通用电源管理,STI8070C,310510.95,370081.9166666667,517218.25067309244
2025-12,通用电源管理,STI8070C,536279.99,401098.76333333337,498547.86428808555
2026-01,通用电源管理,STI8070C,287430.12,459078.3500000001,447957.1574871817
2026-02,通用电源管理,STI8070C,578573.55,455466.6666666667,338939.49198623316
2026-03,通用电源管理,STI8070C,424279.04,490016.63499999995,428089.80113665224
2026-04,通用电源管理,STI8070C,214981.74,441797.49000000005,403171.0682242813
2026-05,通用电源管理,STI8070C,295964.11,392009.23166666663,425457.7905721409
2026-06,通用电源管理,STI8070C,549126.23,389584.75833333336,317803.8609035652
2026-07,通用电源管理,STI8070C,746608.0,391725.79833333334,348873.52722433786
2026-08,通用电源管理,STI8070C,831208.82,468255.445,523503.38511843485
2025-10,通用电源管理,STI8070D,232167.80000000002,106380.41666666667,124963.93386802728
2025-11,通用电源管理,STI8070D,217619.26,142597.17500000002,159168.58171852952
2025-12,通用电源管理,STI8070D,22300.88,164252.01,191382.12178021093
2026-01,通用电源管理,STI8070D,0.0,142999.815,155439.04818618286
2026-02,通用电源管理,STI8070D,337486.57,121977.72000000002,71695.38041276182
2026-03,通用电源管理,STI8070D,0.0,158353.83,109836.07833094425
2026-04,通用电源管理,STI8070D,50044.23,134929.085,105453.49471376602
2026-05,通用电源管理,STI8070D,0.0,104575.15666666666,135386.2293787154
2026-06,通用电源管理,STI8070D,143230.04,68305.28,17005.802219342157
2026-07,通用电源管理,STI8070D,0.0,88460.14,63607.256118479265
2026-08,通用电源管理,STI8070D,99610.58,88460.14,47107.80234315557
2025-01,通用电源管理,STI9287,83840.47,85729.97166666666,96123.92455268124
2025-02,通用电源管理,STI9287,17312.38,75395.255,94953.66008486717
2025-03,通用电源管理,STI9287,46242.67,74498.87000000001,63147.56239761109
2025-04,通用电源管理,STI9287,56147.68,69778.66500000001,51539.732057761394
2025-05,通用电源管理,STI9287,59840.61,65132.215000000004,41426.970685842214
2025-06,通用电源管理,STI9287,68999.81,56720.73166666666,52466.08521128744
2025-07,通用电源管理,STI9287,25045.07,55397.27,59015.5597695505
2025-08,通用电源管理,STI9287,45173.98,45598.036666666674,50006.828430239395
2025-09,通用电源管理,STI9287,117464.27,50241.636666666665,46312.27581839301
2025-10,通用电源管理,STI9287,83444.88,62111.90333333334,60774.761609153094
2025-11,通用电源管理,STI9287,73911.27,66661.43666666666,79619.89416597669
2025-12,通用电源管理,STI9287,159291.48,69006.54666666668,89094.61215747714
2026-01,通用电源管理,STI9287,85990.92,84055.15833333334,104258.97814210335
2026-02,通用电源管理,STI9287,61114.87,94212.8,95384.7042436519
2026-03,通用电源管理,STI9287,72493.78,96869.615,93537.0996073028
2026-04,通用电源管理,STI9287,95975.79000000001,89374.53333333333,68617.67001318095
2026-05,通用电源管理,STI9287,88874.02,91463.01833333333,80206.7130035185
2026-06,通用电源管理,STI9287,39344.990000000005,93956.81000000001,87449.3262051485
2026-07,通用电源管理,STI9287,57955.57000000001,73965.72833333333,73783.31354727782
2026-08,通用电源管理,STI9287,36278.69,69293.17,61232.094300609046
2025-01,通用电源管理,STI9287B,65216.63,82468.80833333333,97364.6543717435
2025-02,通用电源管理,STI9287B,49813.119999999995,76577.22,83937.94092144501
2025-03,通用电源管理,STI9287B,47389.229999999996,68521.04666666666,59331.29138887079
2025-04,通用电源管理,STI9287B,18451.29,72866.16333333333,56792.9792594436
2025-05,通用电源管理,STI9287B,36756.53,59215.76166666666,40025.653165896445
2025-06,通用电源管理,STI9287B,86415.59999999999,44987.924999999996,33180.2608313895
2025-07,通用电源管理,STI9287B,40393.7,50673.73333333333,45181.20575203568
2025-08,通用电源管理,STI9287B,52805.15,46536.57833333333,53152.56427269201
2025-09,通用电源管理,STI9287B,48265.340000000004,47035.25,59750.19440159874
2025-10,通用电源管理,STI9287B,28765.42,47181.26833333333,45808.29251891931
2025-11,通用电源管理,STI9287B,76566.11,48900.29,42008.249054469015
2025-12,通用电源管理,STI9287B,52114.85,55535.219999999994,49794.89355722706
2026-01,通用电源管理,STI9287B,53893.579999999994,49818.42833333332,51840.585988195446
2026-02,通用电源管理,STI9287B,63543.27,52068.40833333333,54558.784014484976
2026-03,通用电源管理,STI9287B,58247.59,53858.095,51760.82101347548
2026-04,通用电源管理,STI9287B,44199.06,55521.80333333332,54895.63085378759
2026-05,通用电源管理,STI9287B,12212.35,58094.07666666666,57989.58272135948
2026-06,通用电源管理,STI9287B,63504.21,47368.44999999999,38962.89895293728
2026-07,通用电源管理,STI9287B,87105.83,49266.676666666666,39464.6610433258
2026-08,通用电源管理,STI9287B,54690.06,54802.051666666666,53551.64995527608
2025-01,通用电源管理,STI9287C,140394.45,461583.0366666666,476690.1873147319
2025-02,通用电源管理,STI9287C,224191.8,409472.0816666667,419794.02416959964
2025-03,通用电源管理,STI9287C,405767.52,372052.2183333333,384260.35563332064
2025-04,通用电源管理,STI9287C,432627.01,352607.77499999997,269369.2921975264
2025-05,通用电源管理,STI9287C,249038.56,376848.135,367742.09530631977
2025-06,通用电源管理,STI9287C,303855.86,361858.76499999996,351679.8344872866
2025-07,通用电源管理,STI9287C,465999.18,292645.8666666667,314404.5420020957
2025-08,通用电源管理,STI9287C,514386.7,346913.32166666666,331100.98582958645
2025-09,通用电源管理,STI9287C,542704.3,395279.13833333337,427213.3652033421
2025-10,通用电源管理,STI9287C,148905.7,418101.93500000006,493200.15544664324
2025-11,通用电源管理,STI9287C,556134.97,370815.05,390198.7495791245
2025-12,通用电源管理,STI9287C,590015.42,421997.785,404509.0760489811
2026-01,通用电源管理,STI9287C,516555.0,469691.045,426408.44834400876
2026-02,通用电源管理,STI9287C,255315.0,478117.01499999996,496866.56339230004
2026-03,通用电源管理,STI9287C,567104.7,434938.3983333334,415757.00783585117
2026-04,通用电源管理,STI9287C,627526.96,439005.13166666665,418385.7196104617
2026-05,通用电源管理,STI9287C,137779.54,518775.3416666666,506547.63723983295
2026-06,通用电源管理,STI9287C,407411.43,449049.4366666667,452773.90304609237
2026-07,通用电源管理,STI9287C,542279.34,418615.4383333333,385945.68086193164
2026-08,通用电源管理,STI9287C,422226.47,422902.8283333333,357664.74977965606
2025-01,通用电源管理,STI9287CA,135737.78,106212.22000000002,76877.40942795752
2025-02,通用电源管理,STI9287CA,60424.71,119658.23666666668,99378.8473740033
2025-03,通用电源管理,STI9287CA,73988.29000000001,103897.90833333333,96874.04044262016
2025-04,通用电源管理,STI9287CA,98148.56,81185.105,94463.5143347318
2025-05,通用电源管理,STI9287CA,66231.69,86047.655,80485.39017258615
2025-06,通用电源管理,STI9287CA,71381.83,85263.31333333334,77089.25676905432
2025-07,通用电源管理,STI9287CA,196345.02,84318.81000000001,75213.65495204041
2025-08,通用电源管理,STI9287CA,35925.44,94420.01666666666,108523.60032510696
2025-09,通用电源管理,STI9287CA,163446.01,90336.80500000001,101012.38156501684
2025-10,通用电源管理,STI9287CA,113139.21,105246.425,128139.11289008305
2025-11,通用电源管理,STI9287CA,86319.87999999999,107744.86666666665,101112.4398285227
2025-12,通用电源管理,STI9287CA,142853.98,111092.89833333333,117650.97053002997
2026-01,通用电源管理,STI9287CA,341392.16000000003,123004.92333333332,112709.54683250366
2026-02,通用电源管理,STI9287CA,63981.899999999994,147179.44666666668,170502.35071759907
2026-03,通用电源管理,STI9287CA,220833.38,151855.52333333335,167363.30837737682
2026-04,通用电源管理,STI9287CA,200972.4,161420.085,195669.30608160485
2026-05,通用电源管理,STI9287CA,4531.13,176058.94999999998,169712.86481960662
2026-06,通用电源管理,STI9287CA,122176.39,162427.49166666667,144875.86621405662
2026-07,通用电源管理,STI9287CA,38155.06,158981.22666666668,107840.6380545263
2026-08,通用电源管理,STI9287CA,8495.52,108441.71,54222.66050070693
2025-01,通用电源管理,STI9712,22088.47,76059.30500000001,78652.04004320664
2025-02,通用电源管理,STI9712,18307.92,68691.12,40183.01065612722
2025-03,通用电源管理,STI9712,48594.57000000001,59367.715,34298.91178209835
2025-04,通用电源管理,STI9712,22884.9,51826.51500000001,31117.43310762065
2025-05,通用电源管理,STI9712,67029.95999999999,34084.83,31073.80736837232
2025-06,通用电源管理,STI9712,54201.72,39206.96,44794.45573734417
2025-07,通用电源管理,STI9712,57030.02,38851.25666666667,45976.58249786449
2025-08,通用电源管理,STI9712,35447.7,44674.848333333335,57928.153249424664
2025-09,通用电源管理,STI9712,28764.879999999997,47531.47833333333,48794.09788420497
2025-10,通用电源管理,STI9712,29702.58,44226.53,39260.2289424223
2025-11,通用电源管理,STI9712,42583.96,45362.81,30386.13455453353
2025-12,通用电源管理,STI9712,41681.31,41288.47666666667,32760.073188383627
2026-01,通用电源管理,STI9712,85265.98000000001,39201.74166666666,37524.90294038365
2026-02,通用电源管理,STI9712,70238.53,43907.73500000001,50661.05521862827
2026-03,通用电源管理,STI9712,66008.33,49706.206666666665,60196.977885892
2026-04,通用电源管理,STI9712,8495.560000000001,55913.448333333334,69215.50419612639
2026-05,通用电源管理,STI9712,42823.88,52378.945,50566.64005790085
2026-06,通用电源管理,STI9712,23651.5,52418.93166666667,39869.78821447479
2026-07,通用电源管理,STI9712,41411.6,49413.96333333334,24673.205502331693
2026-08,通用电源管理,STI9712,54265.380000000005,42104.9,35483.60755355496
2025-01,通用电源管理,TM108J,58140.899999999994,56835.08666666667,74502.45002099406
2025-02,通用电源管理,TM108J,10969.8,60145.65166666667,76717.96800236973
2025-03,通用电源管理,TM108J,42297.44,54301.35999999999,27104.51158660118
2025-04,通用电源管理,TM108J,104318.17,53610.915,38956.03940101822
2025-05,通用电源管理,TM108J,27695.29,62768.91333333333,54537.48766286638
2025-06,通用电源管理,TM108J,27695.3,41792.175,56372.78194406421
2025-07,通用电源管理,TM108J,51581.75,45186.15,50950.85506311376
2025-08,通用电源管理,TM108J,65153.24,44092.958333333336,34761.87035672587
2025-09,通用电源管理,TM108J,83829.16,53123.53166666667,48045.900009599914
2025-10,通用电源管理,TM108J,106071.49,60045.48500000001,64945.77357003501
2025-11,通用电源管理,TM108J,92129.06999999999,60337.704999999994,82522.37253492615
2025-12,通用电源管理,TM108J,16350.380000000001,71076.66833333333,91431.81034466752
2026-01,通用电源管理,TM108J,176640.7,69185.84833333334,70642.7575782826
2026-02,通用电源管理,TM108J,3738.0400000000004,90029.00666666667,85202.50787446903
2026-03,通用电源管理,TM108J,12720.220000000001,79793.14,60057.55629969231
2026-04,通用电源管理,TM108J,22364.29,67941.65000000001,60337.097732788956
2026-05,通用电源管理,TM108J,0.0,53990.450000000004,13562.89270263589
2026-06,通用电源管理,TM108J,0.0,38635.605,11922.258330731278
2026-07,通用电源管理,TM108J,55054.08,35910.54166666667,7360.168127593726
2026-08,通用电源管理,TM108J,4231.85,15646.105000000001,18107.072502557945
2026-04,通用电源管理,TMI1220,0.0,31017.649999999998,34841.44946632105
2026-05,通用电源管理,TMI1220,47787.56999999999,27964.565,22259.835565659705
2026-06,通用电源管理,TMI1220,53097.3,31858.379999999994,37890.89336733246
2026-07,通用电源管理,TMI1220,0.0,35398.19999999999,33201.572897258826
2026-08,通用电源管理,TMI1220,21238.92,27433.605,33180.64084444119
2025-01,通用电源管理,TMI1304M,110047.20999999999,127095.77500000001,109973.83739968318
2025-02,通用电源管理,TMI1304M,97566.64,121641.59333333332,124988.42252197835
2025-03,通用电源管理,TMI1304M,183362.33000000002,122175.97833333333,99625.60994614812
2025-04,通用电源管理,TMI1304M,33590.7,116889.87166666666,136712.4832435008
2025-05,通用电源管理,TMI1304M,78639.29,111893.13333333335,108849.62397441367
2025-06,通用电源管理,TMI1304M,56041.44,96093.97333333334,95595.63630100041
2025-07,通用电源管理,TMI1304M,0.0,93207.935,53682.54841621019
2025-08,通用电源管理,TMI1304M,0.0,74866.73333333334,43766.0247107729
2025-09,通用电源管理,TMI1304M,0.0,58605.62666666667,18642.6366839947
2025-10,通用电源管理,TMI1304M,8424.29,28045.23833333333,0.0
2025-11,通用电源管理,TMI1304M,2100.88,23850.836666666666,2725.6686723039315
2025-12,通用电源管理,TMI1304M,22021.62,11094.435,3412.177082916596
2026-01,通用电源管理,TMI1304M,2083.34,5424.465,10716.312852888328
2026-02,通用电源管理,TMI1304M,1032.63,5771.688333333334,7831.096079870453
2026-03,通用电源管理,TMI1304M,0.0,5943.793333333334,7674.015044969358
2026-04,通用电源管理,TMI1304M,2045.9,5943.793333333334,973.6385241144663
2026-05,通用电源管理,TMI1304M,0.0,4880.7283333333335,1075.5030793146166
2026-06,通用电源管理,TMI1304M,0.0,4530.581666666667,695.2284161541126
2026-07,通用电源管理,TMI1304M,1008.75,860.3116666666668,673.3130348535101
2026-08,通用电源管理,TMI1304M,0.0,681.2133333333334,331.7739463988014
2025-01,通用电源管理,TMI3101,42212.24,107424.93666666666,80287.53577434707
2025-02,通用电源管理,TMI3101,27557.489999999998,88442.78666666667,83408.59523756558
2025-03,通用电源管理,TMI3101,47901.45,76790.69666666667,59568.53074716151
2025-04,通用电源管理,TMI3101,91539.21,57375.82166666666,41146.0340729529
2025-05,通用电源管理,TMI3101,98149.72,67521.30166666667,57795.06837178969
2025-06,通用电源管理,TMI3101,58706.71,67598.32666666666,76837.5969818718
2025-07,通用电源管理,TMI3101,53585.64,61011.136666666665,79244.05807138809
2025-08,通用电源管理,TMI3101,88353.39,62906.70333333334,68385.5280247308
2025-09,通用电源管理,TMI3101,93599.64,73039.35333333335,66746.42252253446
2025-10,通用电源管理,TMI3101,90663.38,80655.71833333334,76271.06404014475
2025-11,通用电源管理,TMI3101,65841.93999999999,80509.74666666667,88204.7042887845
2025-12,通用电源管理,TMI3101,93790.71,75125.11666666667,81082.05500108519
2026-01,通用电源管理,TMI3101,27504.13,80972.45,82412.13844179173
2026-02,通用电源管理,TMI3101,13539.75,76625.53166666668,55922.11904894402
2026-03,通用电源管理,TMI3101,44787.380000000005,64156.591666666674,41162.36569385829
2026-04,通用电源管理,TMI3101,127098.24,56021.215000000004,26819.456319953348
2026-05,通用电源管理,TMI3101,30809.59,62093.69166666667,64779.47475517604
2026-06,通用电源管理,TMI3101,29386.5,56254.966666666674,68878.96271094639
2026-07,通用电源管理,TMI3101,68853.71,45520.931666666664,61639.23639628272
2026-08,通用电源管理,TMI3101,42703.25,52412.52833333333,42443.97663244217
2025-01,通用电源管理,TMI3101C,127831.05,110979.55833333335,116879.60280468642
2025-02,通用电源管理,TMI3101C,90397.59,118353.37333333334,127973.2551859745
2025-03,通用电源管理,TMI3101C,75938.15,117408.645,125631.9197367327
2025-04,通用电源管理,TMI3101C,153968.33,104003.16166666667,102861.18286968129
2025-05,通用电源管理,TMI3101C,201207.08,114277.47166666666,110851.50120173489
2025-06,通用电源管理,TMI3101C,84409.34,130904.99999999999,139423.70047432056
2025-07,通用电源管理,TMI3101C,54504.11,122291.92333333332,140237.88604460456
2025-08,通用电源管理,TMI3101C,221961.80000000002,110070.76666666665,110526.00858802277
2025-09,通用电源管理,TMI3101C,186981.79,131998.13499999998,120048.06039951433
2025-10,通用电源管理,TMI3101C,139892.6,150505.40833333335,150071.53265303656
2025-11,通用电源管理,TMI3101C,122190.11,148159.45333333334,177575.27451092596
2025-12,通用电源管理,TMI3101C,213914.92,134989.95833333334,145583.168314754
2026-01,通用电源管理,TMI3101C,208591.52,156574.22166666668,156726.3475234695
2026-02,通用电源管理,TMI3101C,195556.21,182255.45666666667,162771.77214788613
2026-03,通用电源管理,TMI3101C,100698.31,177854.52500000002,188682.45026009378
2026-04,通用电源管理,TMI3101C,151100.73,163473.94499999998,157747.8452265692
2026-05,通用电源管理,TMI3101C,51907.65,165341.96666666667,156286.262899033
2026-06,通用电源管理,TMI3101C,71680.44,153628.22333333333,103204.22360042427
2026-07,通用电源管理,TMI3101C,127033.77,129922.47666666668,90401.07680459922
2026-08,通用电源管理,TMI3101C,79247.06,116329.51833333336,82428.55370112308
2025-01,通用电源管理,TMI3101D,19735.19,72570.40000000001,109096.39752938383
2025-02,通用电源管理,TMI3101D,12026.5,71621.69000000002,87921.26482834585
2025-03,通用电源管理,TMI3101D,38161.7,66819.86833333333,50786.40185594045
2025-04,通用电源管理,TMI3101D,37026.01,62968.36166666667,24450.083592570198
2025-05,通用电源管理,TMI3101D,42102.43,56371.24,30183.275862287235
2025-06,通用电源管理,TMI3101D,51518.16,43420.285,37932.05982189733
2025-07,通用电源管理,TMI3101D,58243.04,33428.331666666665,41679.34170353961
2025-08,通用电源管理,TMI3101D,31028.86,39846.306666666664,49349.80218215088
2025-09,通用电源管理,TMI3101D,16009.080000000002,43013.36666666667,46834.94816153573
2025-10,通用电源管理,TMI3101D,19057.53,39321.263333333336,34091.609533963994
2025-11,通用电源管理,TMI3101D,28476.61,36326.51666666667,21385.108057795296
2025-12,通用电源管理,TMI3101D,15944.41,34055.54666666667,20600.210643507653
2026-01,通用电源管理,TMI3101D,53752.3,28126.588333333333,20900.86307275508
2026-02,通用电源管理,TMI3101D,8582.64,27378.131666666668,29337.151619633925
2026-03,通用电源管理,TMI3101D,13185.61,23637.095,23897.155996673595
2026-04,通用电源管理,TMI3101D,32573.23,23166.516666666666,23597.69729564558
2026-05,通用电源管理,TMI3101D,39858.03,25419.133333333335,18984.524781149976
2026-06,通用电源管理,TMI3101D,23497.72,27316.036666666667,29093.93466258006
2026-07,通用电源管理,TMI3101D,40522.28,28574.921666666665,31570.571706438073
2026-08,通用电源管理,TMI3101D,22309.920000000002,26369.918333333335,34165.0795115074
2025-01,通用电源管理,TMI3108,464124.43,479071.26666666666,481867.8291424814
2025-02,通用电源管理,TMI3108,190934.9,484416.43,533557.7906777645
2025-03,通用电源管理,TMI3108,364588.25,460073.54833333334,444603.5735138209
2025-04,通用电源管理,TMI3108,522772.87,396592.09333333327,356539.75824058166
2025-05,通用电源管理,TMI3108,494509.61,433598.5816666666,373178.93761654664
2025-06,通用电源管理,TMI3108,423179.24,439295.77333333326,446902.043057404
2025-07,通用电源管理,TMI3108,460974.74,410018.2166666666,459541.2068798453
2025-08,通用电源管理,TMI3108,543557.71,409493.2683333333,448012.30842588155
2025-09,通用电源管理,TMI3108,740442.91,468263.73666666663,474939.8003720474
2025-10,通用电源管理,TMI3108,655707.23,530906.18,565050.0082684284
2025-11,通用电源管理,TMI3108,260194.53,553061.9066666666,627590.0901045683
2025-12,通用电源管理,TMI3108,733841.88,514009.3933333333,536973.8754229198
2026-01,通用电源管理,TMI3108,1027516.6699999999,565786.4999999999,543192.4000278607
2026-02,通用电源管理,TMI3108,500857.36,660210.1549999999,604101.0858662816
2026-03,通用电源管理,TMI3108,570612.86,653093.43,690610.3142070918
2026-04,通用电源管理,TMI3108,930845.56,624788.4216666666,655864.6256912657
2026-05,通用电源管理,TMI3108,126264.33,670644.8099999999,699521.1309132113
2026-06,通用电源管理,TMI3108,316080.12,648323.11,553125.3284229514
2026-07,通用电源管理,TMI3108,877909.03,578696.15,451921.76209180406
2026-08,通用电源管理,TMI3108,293808.79,553761.5433333333,434226.22781298746
2025-01,通用电源管理,TMI3108K,88990.32,134679.30166666667,151094.19107537548
2025-02,通用电源管理,TMI3108K,57445.630000000005,131865.15,139871.99007498054
2025-03,通用电源管理,TMI3108K,133464.51,126999.26166666666,123284.00249881088
2025-04,通用电源管理,TMI3108K,227424.93000000002,117718.57666666666,97872.68100987167
2025-05,通用电源管理,TMI3108K,106658.5,136277.74166666667,144778.27432799363
2025-06,通用电源管理,TMI3108K,112491.28,135873.76833333334,151206.7120875196
2025-07,通用电源管理,TMI3108K,220177.54,121079.195,142467.84787548328
2025-08,通用电源管理,TMI3108K,182650.24,142943.7316666667,142764.37574430756
2025-09,通用电源管理,TMI3108K,208503.54,163811.1666666667,171425.03854143765
2025-10,通用电源管理,TMI3108K,282328.09,176317.67166666666,197958.5358848559
2025-11,通用电源管理,TMI3108K,492296.36,185468.19833333336,217904.23102999412
2025-12,通用电源管理,TMI3108K,639387.97,249741.17499999996,318722.338646488
2026-01,通用电源管理,TMI3108K,695843.17,337557.29,465575.8515844336
2026-02,通用电源管理,TMI3108K,325019.96,416834.895,546120.3854219306
2026-03,通用电源管理,TMI3108K,557612.22,440563.18166666664,506842.21995135286
2026-04,通用电源管理,TMI3108K,373793.45,498747.9616666666,493221.82502561505
2026-05,通用电源管理,TMI3108K,94002.62000000001,513992.1883333333,438939.8946883112
2026-06,通用电源管理,TMI3108K,195511.02000000002,447609.89833333343,348449.5729840152
2026-07,通用电源管理,TMI3108K,589406.67,373630.40666666673,218296.74461496182
2026-08,通用电源管理,TMI3108K,461643.02,355890.99,289073.46698265965
2025-12,通用电源管理,TMI3108K定制丝印,16141.88,50099.945,79362.15425472971
2026-01,通用电源管理,TMI3108K定制丝印,0.0,43923.06,66109.56369338569
2026-02,通用电源管理,TMI3108K定制丝印,0.0,43923.06,48988.72678202883
2026-03,通用电源管理,TMI3108K定制丝印,78702.62,43490.275,4927.800555824563
2026-04,通用电源管理,TMI3108K定制丝印,6521.85,46580.94666666666,24591.98990386354
2026-05,通用电源管理,TMI3108K定制丝印,0.0,41526.57833333333,29773.68416677965
2026-06,通用电源管理,TMI3108K定制丝印,64247.03999999999,16894.391666666666,28960.59108249361
2026-07,通用电源管理,TMI3108K定制丝印,0.0,24911.918333333335,23290.295761823265
2026-08,通用电源管理,TMI3108K定制丝印,32934.0,24911.918333333335,21130.60124435356
2025-05,通用电源管理,TMI3112,18903.23,40576.51833333333,55595.76515679507
2025-06,通用电源管理,TMI3112,18019.48,43727.056666666664,56848.660718410705
2025-07,通用电源管理,TMI3112,14874.08,39692.415,38452.99596072794
2025-08,通用电源管理,TMI3112,52651.23,35406.68,16831.952062323355
2025-09,通用电源管理,TMI3112,49693.49,43554.52666666667,28457.163844801693
2025-10,通用电源管理,TMI3112,85434.93,39625.36833333333,37957.26027284148
2025-11,通用电源管理,TMI3112,11265.66,39929.40666666667,60755.87489286301
2025-12,通用电源管理,TMI3112,10411.14,38656.47833333333,47459.80586068051
2026-01,通用电源管理,TMI3112,46341.58,37388.42166666666,35267.4659741899
2026-02,通用电源管理,TMI3112,37615.62,42633.005000000005,20325.945246446547
2026-03,通用电源管理,TMI3112,13898.21,40127.07,28808.810268955127
2026-04,通用电源管理,TMI3112,0.0,34161.189999999995,30576.60920002952
2026-05,通用电源管理,TMI3112,34444.39,19922.035,17996.668147554083
2026-06,通用电源管理,TMI3112,85722.0,23785.156666666666,16427.562065971844
2026-07,通用电源管理,TMI3112,54660.52,36336.96666666667,39547.19035059899
2026-08,通用电源管理,TMI3112,0.0,37723.456666666665,57499.88983138348
2026-02,通用电源管理,TMI3112F,29734.44,40270.486666666664,41928.60959751548
2026-03,通用电源管理,TMI3112F,36026.36,44592.880000000005,43648.224795276896
2026-04,通用电源管理,TMI3112F,89043.83,45495.385,47525.25062584266
2026-05,通用电源管理,TMI3112F,125761.74,49185.630000000005,54081.933993548824
2026-06,通用电源管理,TMI3112F,46490.62,65634.89833333333,85236.56357338051
2026-07,通用电源管理,TMI3112F,66012.51,68898.82333333333,85993.51419158286
2026-08,通用电源管理,TMI3112F,71043.02,65511.583333333336,78364.3878147186
2025-01,通用电源管理,TMI3112H,249319.57,232418.82166666666,334111.53942641284
2025-02,通用电源管理,TMI3112H,231615.66,251420.83,334692.1406118938
2025-03,通用电源管理,TMI3112H,405430.59,270620.9766666667,297569.9568300949
2025-04,通用电源管理,TMI3112H,250942.84,304879.97833333333,309935.1789522366
2025-05,通用电源管理,TMI3112H,316729.22000000003,307254.6016666667,307317.1180037222
2025-06,通用电源管理,TMI3112H,279914.83,302055.24500000005,314704.9524593186
2025-07,通用电源管理,TMI3112H,356377.75,288992.11833333335,270400.1758312153
2025-08,通用电源管理,TMI3112H,267631.46,306835.1483333334,309695.20026142773
2025-09,通用电源管理,TMI3112H,188202.01,312837.7816666667,300697.61711420503
2025-10,通用电源管理,TMI3112H,147725.87,276633.01833333337,263006.5541880834
2025-11,通用电源管理,TMI3112H,225121.96,259430.19000000003,195280.88241435628
2025-12,通用电源管理,TMI3112H,371500.7,244162.31333333332,181887.93211150245
2026-01,通用电源管理,TMI3112H,548458.63,259426.625,245083.20848438612
2026-02,通用电源管理,TMI3112H,128977.04000000001,291440.105,342184.8565530432
2026-03,通用电源管理,TMI3112H,338930.35000000003,268331.035,320219.7778146412
2026-04,通用电源管理,TMI3112H,414191.81,293452.42500000005,317581.078018368
2026-05,通用电源管理,TMI3112H,325291.09,337863.41500000004,308166.6918499932
2026-06,通用电源管理,TMI3112H,224673.77000000002,354558.27,366461.47698182164
2026-07,通用电源管理,TMI3112H,466356.1,330087.11500000005,317307.4214536166
2026-08,通用电源管理,TMI3112H,482097.58,316403.36000000004,334264.0056575152
2026-05,通用电源管理,TMI3112N,205270.88,107403.89333333333,150385.8488352505
2026-06,通用电源管理,TMI3112N,447804.6,133994.69,176425.16454993194
2026-07,通用电源管理,TMI3112N,360226.92000000004,200713.68333333335,294627.2343821805
2026-08,通用电源管理,TMI3112N,188514.69,240628.04166666666,333271.2130293699
2025-01,通用电源管理,TMI3113,177640.49,256915.8383333333,216908.15550905102
2025-02,通用电源管理,TMI3113,120910.40999999999,241732.11000000002,203105.97775243342
2025-03,通用电源管理,TMI3113,178053.03,189527.17999999996,184162.8598194407
2025-04,通用电源管理,TMI3113,238340.1,181458.67333333334,166653.90406625698
2025-05,通用电源管理,TMI3113,198465.97,186194.42166666666,185951.130780219
2025-06,通用电源管理,TMI3113,138003.86000000002,189041.47166666665,198847.67946596324
2025-07,通用电源管理,TMI3113,200968.18,175235.6433333333,183377.90257884774
2025-08,通用电源管理,TMI3113,178876.61000000002,179123.59166666667,174646.55282287687
2025-09,通用电源管理,TMI3113,226426.16,188784.625,172266.527042259
2025-10,通用电源管理,TMI3113,164638.76,196846.81333333335,196319.90981833005
2025-11,通用电源管理,TMI3113,318970.77,184563.25666666668,184403.88132008413
2025-12,通用电源管理,TMI3113,362645.14,204647.39,230187.96936019772
2026-01,通用电源管理,TMI3113,303986.08,242087.60333333336,278636.68880825944
2026-02,通用电源管理,TMI3113,212762.95,259257.25333333333,294527.62743730086
2026-03,通用电源管理,TMI3113,154239.74,264904.9766666667,268461.8569655381
2026-04,通用电源管理,TMI3113,157924.09,252873.90666666665,209662.00435825158
2026-05,通用电源管理,TMI3113,184561.58,251754.795,183386.34617973716
2026-06,通用电源管理,TMI3113,178794.38,229353.26333333334,168794.96556909042
2026-07,通用电源管理,TMI3113,151036.87,198711.46999999997,171555.1358688545
2026-08,通用电源管理,TMI3113,133000.97,173219.935,169181.7984717202
2025-08,通用电源管理,TMI3113     JA,21238.92,61150.39166666667,86272.84064347482
2025-09,通用电源管理,TMI3113     JA,148672.44,64690.21166666667,60055.0355941962
2025-10,通用电源管理,TMI3113     JA,15929.19,87610.54666666668,80810.51647568637
2025-11,通用电源管理,TMI3113     JA,26548.649999999998,75221.17666666667,60128.48147187862
2025-12,通用电源管理,TMI3113     JA,167237.28,61946.85166666666,61969.412827449865
2026-01,通用电源管理,TMI3113     JA,145751.4,76545.40500000001,69050.5219071072
2026-02,通用电源管理,TMI3113     JA,247291.54,87562.98,101464.0039751704
2026-03,通用电源管理,TMI3113     JA,0.0,125238.41666666667,171042.60343488542
2026-04,通用电源管理,TMI3113     JA,0.0,100459.67666666668,122813.03992503481
2026-05,通用电源管理,TMI3113     JA,0.0,97804.81166666666,86392.79550904284
2026-06,通用电源管理,TMI3113     JA,242918.98,93380.03666666667,0.0
2026-07,通用电源管理,TMI3113     JA,0.0,105993.65333333334,79945.50840574765
2026-08,通用电源管理,TMI3113     JA,0.0,81701.75333333334,79895.106468175
2025-01,通用电源管理,TMI3113B,302376.24,466883.7833333334,558315.0954189439
2025-02,通用电源管理,TMI3113B,522313.5,462614.12666666665,480923.20013894513
2025-03,通用电源管理,TMI3113B,843602.82,489394.67333333334,533491.7693906935
2025-04,通用电源管理,TMI3113B,662820.38,540657.2433333333,583351.1869041665
2025-05,通用电源管理,TMI3113B,748771.95,566960.2666666666,702109.4322593331
2025-06,通用电源管理,TMI3113B,695145.61,626631.355,729338.3513725257
2025-07,通用电源管理,TMI3113B,751348.63,629171.7499999999,672099.0097030549
2025-08,通用电源管理,TMI3113B,894573.54,704000.4816666666,713376.5485104237
2025-09,通用电源管理,TMI3113B,615402.77,766043.8216666667,778775.0649366976
2025-10,通用电源管理,TMI3113B,330488.69,728010.48,732251.9878129417
2025-11,通用电源管理,TMI3113B,696280.4299999999,672621.865,595480.1880006333
2025-12,通用电源管理,TMI3113B,648817.87,663873.2783333333,532379.1719533112
2026-01,通用电源管理,TMI3113B,772487.73,656151.9883333333,551701.5471285944
2026-02,通用电源管理,TMI3113B,604262.82,659675.1716666666,632798.6303175716
2026-03,通用电源管理,TMI3113B,650157.41,611290.0516666666,618366.4595410622
2026-04,通用电源管理,TMI3113B,969963.29,617082.4916666666,633342.321874172
2026-05,通用电源管理,TMI3113B,1028274.62,723661.5916666667,777101.8392988491
2026-06,通用电源管理,TMI3113B,797015.41,778993.9566666667,899965.6306141864
2026-07,通用电源管理,TMI3113B,525993.94,803693.5466666667,919927.9026704873
2026-08,通用电源管理,TMI3113B,296611.27999999997,762611.2483333334,773328.1406008832
2025-01,通用电源管理,TMI3113D,76711.7,196100.795,188094.5420635036
2025-02,通用电源管理,TMI3113D,108685.47,176947.30999999997,120465.02079746018
2025-03,通用电源管理,TMI3113D,175343.1,164242.99166666667,113821.29080510883
2025-04,通用电源管理,TMI3113D,151751.73,148595.3233333333,126139.9047830253
2025-05,通用电源管理,TMI3113D,150432.04,129950.87,150815.75594447617
2025-06,通用电源管理,TMI3113D,70313.6,133089.01666666666,154433.93450978395
2025-07,通用电源管理,TMI3113D,191944.69,122206.27333333333,118835.43213447442
2025-08,通用电源管理,TMI3113D,105364.08,141411.7716666667,134108.38492393843
2025-09,通用电源管理,TMI3113D,164793.76,140858.20666666664,122292.54424616988
2025-10,通用电源管理,TMI3113D,176483.72,139099.98333333334,149635.9458034764
2025-11,通用电源管理,TMI3113D,171635.45,143221.98166666666,144510.32761704037
2025-12,通用电源管理,TMI3113D,128949.53,146755.88333333333,166282.3256325175
2026-01,通用电源管理,TMI3113D,255956.22,156528.53833333333,157079.00660927623
2026-02,通用电源管理,TMI3113D,69687.75,167197.12666666668,166311.3111278401
2026-03,通用电源管理,TMI3113D,122449.2,161251.07166666666,138778.51291015878
2026-04,通用电源管理,TMI3113D,171873.57,154193.645,140014.4329709762
2026-05,通用电源管理,TMI3113D,214575.15,153425.28666666665,127169.27727289154
2026-06,通用电源管理,TMI3113D,164515.82,160581.90333333335,172931.37245501846
2026-07,通用电源管理,TMI3113D,108811.90999999999,166509.61833333332,181324.4080962257
2026-08,通用电源管理,TMI3113D,83171.44,141985.56666666668,160469.35708246924
2025-01,通用电源管理,TMI3113H2,25256.61,68390.82999999999,30065.46597640145
2025-02,通用电源管理,TMI3113H2,57851.68,47822.505000000005,32354.546069510154
2025-03,通用电源管理,TMI3113H2,114747.31,48949.51666666667,43804.902958183586
2025-04,通用电源管理,TMI3113H2,56897.76,47117.493333333325,69184.0878890187
2025-05,通用电源管理,TMI3113H2,116940.64,53644.708333333336,79424.71432979063
2025-06,通用电源管理,TMI3113H2,68790.35,68687.92333333332,93329.67302677546
2025-07,通用电源管理,TMI3113H2,92502.73,73414.05833333333,77404.2843698396
2025-08,通用电源管理,TMI3113H2,4513.26,84621.745,90415.19053906425
2025-09,通用电源管理,TMI3113H2,0.0,75732.00833333335,55156.81532314121
2025-10,通用电源管理,TMI3113H2,6663.7,56607.456666666665,31415.277950784224
2025-11,通用电源管理,TMI3113H2,929.2,48235.113333333335,3616.291666549246
2025-12,通用电源管理,TMI3113H2,3318.5699999999997,28899.87333333334,2461.558281042246
2026-01,通用电源管理,TMI3113H2,139977.33,17987.91,3592.696121642269
2026-02,通用电源管理,TMI3113H2,0.0,25900.343333333334,43098.81367011795
2026-03,通用电源管理,TMI3113H2,38552.96,25148.13333333333,43745.43830504137
2026-04,通用电源管理,TMI3113H2,38840.56,31573.626666666663,55784.865728915116
2026-05,通用电源管理,TMI3113H2,67870.59999999999,36936.43666666666,27037.894410318346
2026-06,通用电源管理,TMI3113H2,31575.170000000002,48093.33666666666,49362.99138355781
2026-07,通用电源管理,TMI3113H2,55374.22,52802.76999999999,45510.52765582579
2026-08,通用电源管理,TMI3113H2,52796.51,38702.25166666667,50919.69176081583
2025-01,通用电源管理,TMI3113H2D,90512.09,138370.99166666664,141332.50730757916
2025-02,通用电源管理,TMI3113H2D,117031.9,131529.32166666666,128661.21858405774
2025-03,通用电源管理,TMI3113H2D,122535.82,122789.075,111681.91358659438
2025-04,通用电源管理,TMI3113H2D,35360.35,121490.30666666669,115418.87409520173
2025-05,通用电源管理,TMI3113H2D,100159.05,107042.15833333334,95147.68039630487
2025-06,通用电源管理,TMI3113H2D,115159.66,95504.80333333333,83456.00101076593
2025-07,通用电源管理,TMI3113H2D,98683.48000000001,96793.145,79972.5228185204
2025-08,通用电源管理,TMI3113H2D,119663.95,98155.04333333333,102038.55894437766
2025-09,通用电源管理,TMI3113H2D,66358.28,98593.71833333332,110943.82140084771
2025-10,通用电源管理,TMI3113H2D,154138.04,89230.795,92192.11197891572
2025-11,通用电源管理,TMI3113H2D,103719.11,109027.07666666668,110058.43715036483
2025-12,通用电源管理,TMI3113H2D,217810.41,109620.42,105108.08473154824
2026-01,通用电源管理,TMI3113H2D,107214.42,126728.87833333334,156617.66911360627
2026-02,通用电源管理,TMI3113H2D,114520.08,128150.70166666668,128121.63196456256
2026-03,通用电源管理,TMI3113H2D,59614.95,127293.39,134184.47242872935
2026-04,通用电源管理,TMI3113H2D,26123.86,126169.50166666666,87912.4841569132
2026-05,通用电源管理,TMI3113H2D,140601.52,104833.805,69961.65470374726
2026-06,通用电源管理,TMI3113H2D,49274.22,110980.87333333335,76913.93965379497
2026-07,通用电源管理,TMI3113H2D,67101.41,82891.50833333332,71086.24380621938
2026-08,通用电源管理,TMI3113H2D,66878.49,76206.00666666667,84518.78383129294
2025-01,通用电源管理,TMI3117,0.0,72154.75,35352.35416517459
2025-02,通用电源管理,TMI3117,0.0,61092.82666666667,12442.154239125322
2025-03,通用电源管理,TMI3117,5097.31,36367.19666666666,12143.408651443018
2025-04,通用电源管理,TMI3117,0.0,17477.846666666668,1782.3743327839798
2025-05,通用电源管理,TMI3117,33769.78,6769.896666666667,1764.0876857750059
2025-06,通用电源管理,TMI3117,11150.4,12185.805,12569.758915651968
2025-07,通用电源管理,TMI3117,23495.48,8336.248333333333,14330.5951444929
2025-08,通用电源管理,TMI3117,5734.47,12252.161666666667,22232.441613316452
2025-09,通用电源管理,TMI3117,24530.87,13207.906666666668,13432.848874378413
2025-10,通用电源管理,TMI3117,3504.4,16446.833333333332,17408.584947306932
2025-11,通用电源管理,TMI3117,0.0,17030.899999999998,10926.157858982651
2025-12,通用电源管理,TMI3117,28141.4,11402.603333333333,9088.813369036237
2026-01,通用电源管理,TMI3117,0.0,14234.436666666666,10419.654082013416
2026-02,通用电源管理,TMI3117,6690.23,10318.523333333333,8409.499837519665
2026-03,通用电源管理,TMI3117,78158.81,10477.816666666666,10633.416037925914
2026-04,通用电源管理,TMI3117,0.0,19415.806666666667,26512.544754323473
2026-05,通用电源管理,TMI3117,0.0,18831.74,29642.52542508569
2026-06,通用电源管理,TMI3117,21238.8,18831.74,26559.57069494609
2026-07,通用电源管理,TMI3117,31858.199999999997,17681.306666666667,6989.765328044737
2026-08,通用电源管理,TMI3117,84158.76999999999,22991.006666666664,17463.396512453193
2026-08,通用电源管理,TMI31601,55838.100000000006,36244.14666666667,53153.340326739504
2025-01,通用电源管理,TMI31601F,161275.04,651757.0183333334,440802.2669584861
2025-02,通用电源管理,TMI31601F,196388.03,549276.915,296255.5080118942
2025-03,通用电源管理,TMI31601F,369372.81,435241.53,293560.64429592533
2025-04,通用电源管理,TMI31601F,260864.79,328507.9233333334,254222.34306428555
2025-05,通用电源管理,TMI31601F,461111.63,278738.0716666667,286080.32366660185
2025-06,通用电源管理,TMI31601F,236006.04,319878.4483333333,352946.3284717845
2025-07,通用电源管理,TMI31601F,558083.43,280836.39,305618.962118704
2025-08,通用电源管理,TMI31601F,571163.3300000001,346971.12166666664,407891.7775363212
2025-09,通用电源管理,TMI31601F,549823.77,409433.6716666667,454162.3472238845
2025-10,通用电源管理,TMI31601F,269699.2,439508.8316666667,543709.0050714382
2025-11,通用电源管理,TMI31601F,1149152.15,440981.2333333334,449954.8425935322
2025-12,通用电源管理,TMI31601F,681127.06,555654.6533333334,638228.9433968362
2026-01,通用电源管理,TMI31601F,1245717.17,629841.49,691436.1024811048
2026-02,通用电源管理,TMI31601F,241183.47,744447.1133333333,919200.5748761994
2026-03,通用电源管理,TMI31601F,541542.25,689450.47,661856.4941074429
2026-04,通用电源管理,TMI31601F,1395352.57,688070.2166666667,633821.9372041716
2026-05,通用电源管理,TMI31601F,442046.08,875679.1116666667,760924.8270711392
2026-06,通用电源管理,TMI31601F,511415.75,757828.1000000001,808400.8573396738
2026-07,通用电源管理,TMI31601F,728414.03,729542.8816666667,773003.2513669418
2026-08,通用电源管理,TMI31601F,432956.27,643325.6916666668,553162.4202479089
2025-01,通用电源管理,TMI31602H,147370.23,164205.625,193503.3477879954
2025-02,通用电源管理,TMI31602H,132740.96,164402.85666666666,208133.76524405027
2025-03,通用电源管理,TMI31602H,137349.32,165027.61166666666,200047.47939748652
2025-04,通用电源管理,TMI31602H,157389.72,160592.77666666664,145973.24823777832
2025-05,通用电源管理,TMI31602H,154851.94,170282.86833333332,147943.17079304563
2025-06,通用电源管理,TMI31602H,184985.0,168963.28166666665,145399.3656137289
2025-07,通用电源管理,TMI31602H,269720.73,152447.86166666666,158627.0126145626
2025-08,通用电源管理,TMI31602H,290230.39,172839.61166666666,198082.6510805306
2025-09,通用电源管理,TMI31602H,367972.21,199087.85,247809.00415736425
2025-10,通用电源管理,TMI31602H,256653.00999999998,237524.99833333332,300475.92493739724
2025-11,通用电源管理,TMI31602H,70653.28,254068.88,296000.4078514039
2025-12,通用电源管理,TMI31602H,116548.54,240035.77000000002,225403.80477888967
2026-01,通用电源管理,TMI31602H,102187.35,228629.69333333336,146143.05188147782
2026-02,通用电源管理,TMI31602H,41296.42,200707.46333333338,86478.21992135968
2026-03,通用电源管理,TMI31602H,109746.70999999999,159218.46833333335,79382.78327867294
2026-04,通用电源管理,TMI31602H,244920.28,116180.885,79126.22740526959
2026-05,通用电源管理,TMI31602H,220023.28,114225.43000000001,138332.21269596723
2026-06,通用电源管理,TMI31602H,164666.08999999997,139120.43000000002,195288.62905874153
2026-07,通用电源管理,TMI31602H,211351.03999999998,147140.02166666667,207206.79613595785
2026-08,通用电源管理,TMI31602H,157327.03,165333.97,196035.36955525115
2025-01,通用电源管理,TMI3181A,42610.53,101733.19499999999,89812.94252876667
2025-02,通用电源管理,TMI3181A,74654.75,78340.88,60408.91109041019
2025-03,通用电源管理,TMI3181A,123437.86,73157.99,58099.141615958346
2025-04,通用电源管理,TMI3181A,144986.48,82361.50833333333,84166.56992737518
2025-05,通用电源管理,TMI3181A,178937.76,85924.195,118733.52766771
2025-06,通用电源管理,TMI3181A,206626.38,101869.59999999999,144678.5376780147
2025-07,通用电源管理,TMI3181A,180753.62,128542.29333333333,169258.14052569907
2025-08,通用电源管理,TMI3181A,185853.69999999998,151566.14166666666,184031.35384185665
2025-09,通用电源管理,TMI3181A,164729.15,170099.3,190690.81030255492
2025-10,通用电源管理,TMI3181A,66999.82,176981.18166666664,172054.96630440533
2025-11,通用电源管理,TMI3181A,25778.73,163983.405,135108.35948382958
2025-12,通用电源管理,TMI3181A,102722.42,138456.9,83481.96491026385
2026-01,通用电源管理,TMI3181A,75929.16,121139.57333333335,64370.38975466199
2026-02,通用电源管理,TMI3181A,35256.560000000005,103668.83,61089.94786077078
2026-03,通用电源管理,TMI3181A,149601.52,78569.30666666667,65301.975432068546
2026-04,通用电源管理,TMI3181A,216535.01,76048.03499999999,81487.46729316555
2026-05,通用电源管理,TMI3181A,211035.12,100970.56666666667,140229.1042512527
2026-06,通用电源管理,TMI3181A,261079.43,131846.63166666668,196131.84030429434
2026-07,通用电源管理,TMI3181A,168279.46000000002,158239.46666666667,226637.04247232727
2026-08,通用电源管理,TMI3181A,138180.76,173631.18333333332,210623.0958590865
2026-01,通用电源管理,TMI3181D,24321.23,46645.01000000001,30858.88003370703
2026-02,通用电源管理,TMI3181D,14867.240000000002,38919.776666666665,32256.89288437109
2026-03,通用电源管理,TMI3181D,52088.47,38663.89666666667,22611.85504448282
2026-04,通用电源管理,TMI3181D,70668.16,30833.206666666665,28521.052881537595
2026-05,通用电源管理,TMI3181D,217497.44,40927.96,48079.73155116061
2026-06,通用电源管理,TMI3181D,169292.12,69053.865,115623.58774920109
2026-07,通用电源管理,TMI3181D,109157.93000000001,91455.77666666667,150550.97794142782
2026-08,通用电源管理,TMI3181D,77779.58,105595.22666666667,163115.19798154163
2026-02,通用电源管理,TMI32120,3637.17,60191.371666666666,62511.545816879814
2026-03,通用电源管理,TMI32120,168987.58,57770.91999999999,35824.249882619755
2026-04,通用电源管理,TMI32120,233982.36,70885.57166666667,72816.1922339335
2026-05,通用电源管理,TMI32120,104389.38,102632.43833333334,142050.65368088565
2026-06,通用电源管理,TMI32120,20344.670000000002,104117.995,172408.53241342562
2026-07,通用电源管理,TMI32120,3318.58,98625.44333333334,118054.85833562538
2026-08,通用电源管理,TMI32120,7274.33,89109.95666666667,42116.01130294479
2025-01,通用电源管理,TMI3214H,278866.88,402991.3616666666,47224.27396457468
2025-02,通用电源管理,TMI3214H,127035.23000000001,296674.665,144358.7680428527
2025-03,通用电源管理,TMI3214H,235273.84,196601.50666666668,181859.3177021174
2025-04,通用电源管理,TMI3214H,340707.41,129075.01666666666,224199.73595452975
2025-05,通用电源管理,TMI3214H,309734.01,185859.585,243301.410992247
2025-06,通用电源管理,TMI3214H,166482.03,233101.395,286443.5512438416
2025-07,通用电源管理,TMI3214H,108920.59999999999,243016.56666666665,260617.8164466925
2025-08,通用电源管理,TMI3214H,160287.36,214692.18666666668,190146.76149601082
2025-09,通用电源管理,TMI3214H,192814.7,220234.20833333334,144935.7866325934
2025-10,通用电源管理,TMI3214H,119174.39,213157.68499999997,149610.08266225678
2025-11,通用电源管理,TMI3214H,0.0,176235.51499999998,152804.4647598687
2025-12,通用电源管理,TMI3214H,386163.83,124613.18,101144.40175484132
2026-01,通用电源管理,TMI3214H,0.0,161226.81333333332,166386.99122222836
2026-02,通用电源管理,TMI3214H,0.0,143073.38,115397.40971099418
2026-03,通用电源管理,TMI3214H,284733.75,116358.82,117888.27175727625
2026-04,通用电源管理,TMI3214H,141371.31,131678.66166666665,88969.96701366747
2026-05,通用电源管理,TMI3214H,40486.62,135378.14833333335,148862.38046780098
2026-06,通用电源管理,TMI3214H,238937.4,142125.91833333336,158555.05874044992
2026-07,通用电源管理,TMI3214H,398229.01,117588.18,138485.25377314838
2026-08,通用电源管理,TMI3214H,207742.8,183959.68166666664,222877.4424309347
2025-05,通用电源管理,TMI3214HF,3274.32,27286.0,56659.17504808239
2025-06,通用电源管理,TMI3214HF,44203.32,27831.72,54005.27962467927
2025-07,通用电源管理,TMI3214HF,0.0,35198.94,48090.37190419218
2025-08,通用电源管理,TMI3214HF,0.0,35198.94,15428.395476095058
2025-09,通用电源管理,TMI3214HF,0.0,35198.94,14704.59065624218
2025-10,通用电源管理,TMI3214HF,0.0,25123.73166666667,0.0
2025-11,通用电源管理,TMI3214HF,8628.3,7912.94,0.0
2025-12,通用电源管理,TMI3214HF,59070.64,8805.269999999999,2797.226792966694
2026-01,通用电源管理,TMI3214HF,-2.8421709430404007e-13,11283.156666666668,22290.463079428595
2026-02,通用电源管理,TMI3214HF,33185.75,11283.156666666668,20230.486931362815
2026-03,通用电源管理,TMI3214HF,0.0,16814.115,28164.073200913877
2026-04,通用电源管理,TMI3214HF,53097.200000000004,16814.115,10369.459478631583
2026-05,通用电源管理,TMI3214HF,0.0,25663.648333333334,30143.470558139466
2026-06,通用电源管理,TMI3214HF,0.0,24225.59833333333,18043.248574328238
2026-07,通用电源管理,TMI3214HF,27212.32,14380.491666666669,17474.47914082985
2026-08,通用电源管理,TMI3214HF,66371.5,18915.878333333338,8950.026068963602
2026-03,通用电源管理,TMI3214HIN,143362.80000000002,100785.34833333334,99786.16620634109
2026-04,通用电源管理,TMI3214HIN,186371.64,90318.565,93176.05094145943
2026-05,通用电源管理,TMI3214HIN,0.0,121380.505,169286.15784708865
2026-06,通用电源管理,TMI3214HIN,0.0,109433.605,112048.8550137657
2026-07,通用电源管理,TMI3214HIN,359123.81,80761.045,61335.57580479292
2026-08,通用电源管理,TMI3214HIN,336902.58,140615.01333333334,118114.42249266256
2025-01,通用电源管理,TMI3224,4513.26,46691.475000000006,50055.7570866808
2025-02,通用电源管理,TMI3224,4964.59,47443.685000000005,2529.3404526570143
2025-03,通用电源管理,TMI3224,18769.89,47114.92333333334,4000.7282619387233
2025-04,通用电源管理,TMI3224,163220.98,28252.128333333338,9877.375858081092
2025-05,通用电源管理,TMI3224,58938.0,32362.778333333335,64701.93587880699
2025-06,通用电源管理,TMI3224,0.0,42035.33666666667,77917.27684579561
2025-07,通用电源管理,TMI3224,0.0,41734.45333333333,70873.94574317144
2025-08,通用电源管理,TMI3224,0.0,40982.24333333334,19152.56892655344
2025-09,通用电源管理,TMI3224,0.0,40154.81166666667,0.0
2025-10,通用电源管理,TMI3224,4014.1400000000003,37026.496666666666,0.0
2025-11,通用电源管理,TMI3224,10619.46,10492.023333333333,1298.770061838102
2025-12,通用电源管理,TMI3224,43815.89,2438.933333333333,4744.097678286269
2026-01,通用电源管理,TMI3224,27440.68,9741.581666666667,19245.001455804635
2026-02,通用电源管理,TMI3224,26548.65,14315.028333333334,24467.029393767018
2026-03,通用电源管理,TMI3224,53097.3,18739.803333333333,29858.02257720561
2026-04,通用电源管理,TMI3224,21238.92,27589.353333333333,33461.062970950275
2026-05,通用电源管理,TMI3224,53097.299999999996,30460.149999999994,35244.73964562787
2026-06,通用电源管理,TMI3224,0.0,37539.79,43303.87813409424
2026-07,通用电源管理,TMI3224,0.0,30237.141666666666,24464.3168716644
2026-08,通用电源管理,TMI3224,15929.19,25663.695000000003,17463.495181284834
2025-01,通用电源管理,TMI3227T,0.0,101824.68833333334,91306.14975569816
2025-02,通用电源管理,TMI3227T,37167.9,91479.62166666666,43919.36588883578
2025-03,通用电源管理,TMI3227T,43486.45,83326.98333333334,47853.27907234791
2025-04,通用电源管理,TMI3227T,22300.75,56389.05333333334,28202.374049719474
2025-05,通用电源管理,TMI3227T,52778.41,38057.31666666666,35630.91593364623
2025-06,通用电源管理,TMI3227T,0.0,42254.16166666667,38344.551480113754
2025-07,通用电源管理,TMI3227T,0.0,25955.585000000003,23952.01991061936
2025-08,通用电源管理,TMI3227T,0.0,25955.585000000003,17150.940570750576
2025-09,通用电源管理,TMI3227T,0.0,19760.935,0.0
2025-10,通用电源管理,TMI3227T,3716.79,12513.193333333335,0.0
2025-11,通用电源管理,TMI3227T,0.0,9415.866666666667,1202.5628349133908
2025-12,通用电源管理,TMI3227T,0.0,619.465,1204.9539969438567
2026-01,通用电源管理,TMI3227T,5352.19,619.465,1223.7853394601068
2026-02,通用电源管理,TMI3227T,6690.240000000001,1511.4966666666667,1599.3959410467985
2026-03,通用电源管理,TMI3227T,0.0,2626.536666666667,3676.318573021135
2026-04,通用电源管理,TMI3227T,0.0,2626.536666666667,3762.8647810960224
2026-05,通用电源管理,TMI3227T,0.0,2007.0716666666667,2337.2758171444875
2026-06,通用电源管理,TMI3227T,9700.84,2007.0716666666667,0.0
2026-07,通用电源管理,TMI3227T,0.0,3623.8783333333336,3192.581270359414
2026-08,通用电源管理,TMI3227T,1672.56,2731.846666666667,3190.568495844708
2025-01,通用电源管理,TMI3244T,903441.2,973145.2116666666,999557.512071805
2025-02,通用电源管理,TMI3244T,566023.64,981295.5000000001,941686.4653379564
2025-03,通用电源管理,TMI3244T,660105.07,924211.0716666667,819491.6200163466
2025-04,通用电源管理,TMI3244T,885216.4,825079.1066666666,744645.8519205402
2025-05,通用电源管理,TMI3244T,748143.55,799973.125,730698.7232427053
2025-06,通用电源管理,TMI3244T,761865.6,767442.6583333333,741714.9671581001
2025-07,通用电源管理,TMI3244T,694716.6,754132.5766666665,764133.3502402559
2025-08,通用电源管理,TMI3244T,649503.31,719345.1433333334,716450.5393977099
2025-09,通用电源管理,TMI3244T,910722.66,733258.4216666667,700606.3189731686
2025-10,通用电源管理,TMI3244T,688202.0,775028.02,730185.2777011886
2025-11,通用电源管理,TMI3244T,1018435.34,742192.2866666667,727476.1053763492
2025-12,通用电源管理,TMI3244T,861754.37,787240.9183333333,848527.4641400168
2026-01,通用电源管理,TMI3244T,1463485.8,803889.0466666667,845665.2435808518
2026-02,通用电源管理,TMI3244T,855575.76,932017.2466666667,999191.1794744924
2026-03,通用电源管理,TMI3244T,900852.27,966362.6549999999,971040.9511054242
2026-04,通用电源管理,TMI3244T,1201691.29,964717.5899999999,1006117.5650654398
2026-05,通用电源管理,TMI3244T,1484329.1,1050299.1383333332,1033436.879822532
2026-06,通用电源管理,TMI3244T,1202196.26,1127948.0983333334,1218874.724257436
2026-07,通用电源管理,TMI3244T,870915.04,1184688.4133333333,1279626.0583505784
2026-08,通用电源管理,TMI3244T,788725.76,1085926.6199999999,1170028.2930225832
2025-01,通用电源管理,TMI3244TF,71278.53,17940.18,17898.849237115748
2025-02,通用电源管理,TMI3244TF,18284.16,20298.638333333332,36075.724299775415
2025-03,通用电源管理,TMI3244TF,25129.81,23345.998333333333,35335.534455507244
2025-04,通用电源管理,TMI3244TF,51082.65,27534.3,40104.48023817005
2025-05,通用电源管理,TMI3244TF,17929.68,32915.333333333336,32703.587517604403
2025-06,通用电源管理,TMI3244TF,26837.01,32299.671666666665,30445.912045474874
2025-07,通用电源管理,TMI3244TF,50142.95,35090.306666666664,30578.196400968318
2025-08,通用电源管理,TMI3244TF,26700.05,31567.710000000003,30841.959718591967
2025-09,通用电源管理,TMI3244TF,55729.46,32970.35833333333,34489.990939257405
2025-10,通用电源管理,TMI3244TF,41934.98,38070.299999999996,42929.01283096965
2025-11,通用电源管理,TMI3244TF,24695.54,36545.68833333333,40237.97784027562
2025-12,通用电源管理,TMI3244TF,68362.76,37673.33166666667,39668.14024116789
2026-01,通用电源管理,TMI3244TF,86392.62,44594.29,44447.70810017065
2026-02,通用电源管理,TMI3244TF,19208.52,50635.901666666665,53625.35206431642
2026-03,通用电源管理,TMI3244TF,34432.41,49387.31333333333,53107.77946022451
2026-04,通用电源管理,TMI3244TF,62928.3,45837.80499999999,43755.89590031654
2026-05,通用电源管理,TMI3244TF,45836.23,49336.69166666666,40724.16569542404
2026-06,通用电源管理,TMI3244TF,53009.51,52860.13999999999,48660.531694762925
2026-07,通用电源管理,TMI3244TF,14064.4,50301.26499999999,53240.41733853713
2026-08,通用电源管理,TMI3244TF,8989.81,38246.56166666667,37135.70531473721
2025-01,通用电源管理,TMI3252,337572.34,388656.0466666667,413284.85869861854
2025-02,通用电源管理,TMI3252,327434.43,399661.68333333335,402813.5679132275
2025-03,通用电源管理,TMI3252,421205.49,373608.11833333335,381783.2736416501
2025-04,通用电源管理,TMI3252,305039.62,375427.59500000003,379815.40306147333
2025-05,通用电源管理,TMI3252,264096.64,367283.8666666667,364659.61482960085
2025-06,通用电源管理,TMI3252,293831.33999999997,344512.5333333334,320280.1403862464
2025-07,通用电源管理,TMI3252,250606.25,324863.31,275306.9844870321
2025-08,通用电源管理,TMI3252,290107.43,310368.96166666667,262742.33210412314
2025-09,通用电源管理,TMI3252,256545.18,304147.795,277618.12694850616
2025-10,通用电源管理,TMI3252,264504.32,276704.41,258164.74877621068
2025-11,通用电源管理,TMI3252,307883.51,269948.5266666667,262448.8274291641
2025-12,通用电源管理,TMI3252,332847.99,277246.3383333333,268733.54254563805
2026-01,通用电源管理,TMI3252,484975.43,283749.11333333334,298056.7439296135
2026-02,通用电源管理,TMI3252,249802.90000000002,322810.6433333333,336395.21292223415
2026-03,通用电源管理,TMI3252,336336.82,316093.2216666667,325925.4543528345
2026-04,通用电源管理,TMI3252,553622.0,329391.8283333333,334688.3871804431
2026-05,通用电源管理,TMI3252,438515.06,377578.1083333334,398182.6519621129
2026-06,通用电源管理,TMI3252,160622.68,399350.03333333327,451435.9409035185
2026-07,通用电源管理,TMI3252,280618.34,370645.815,379377.3688823223
2026-08,通用电源管理,TMI3252,163253.09,336586.3,289348.3484807333
2026-01,通用电源管理,TMI32520,85831.32,33385.23333333333,48758.286904349414
2026-02,通用电源管理,TMI32520,26217.02,47690.45333333333,54494.41599210508
2026-03,通用电源管理,TMI32520,53702.229999999996,49803.32666666667,55144.103925499854
2026-04,通用电源管理,TMI32520,56245.37,52305.93666666667,51791.621981576056
2026-05,通用电源管理,TMI32520,60981.909999999996,53087.293333333335,47569.93373581047
2026-06,通用电源管理,TMI32520,5840.7,58593.95833333332,58084.48727273988
2026-07,通用电源管理,TMI32520,38654.62,48136.424999999996,40502.11403640993
2026-08,通用电源管理,TMI32520,45610.329999999994,40273.64166666667,34691.05016338444
2026-02,通用电源管理,TMI3252N,75574.29000000001,79257.98333333334,77809.08147546127
2026-03,通用电源管理,TMI3252N,44442.42,81734.27,86442.57709040842
2026-04,通用电源管理,TMI3252N,56293.66,75532.965,62640.60305003738
2026-05,通用电源管理,TMI3252N,3496.44,72781.54833333332,61595.09436325108
2026-06,通用电源管理,TMI3252N,29328.31,64565.07166666666,35419.82002607745
2026-07,通用电源管理,TMI3252N,48424.76,48264.89333333334,29329.188669250405
2026-08,通用电源管理,TMI3252N,82317.99,42926.64666666667,26722.647410824175
2025-01,通用电源管理,TMI3252S,1396182.08,1311849.9350000003,1226774.4725455067
2025-02,通用电源管理,TMI3252S,895932.85,1303463.1850000003,1234456.7829715621
2025-03,通用电源管理,TMI3252S,811103.51,1223925.2216666667,1301362.2069663901
2025-04,通用电源管理,TMI3252S,1469617.67,1094227.385,1085101.140891557
2025-05,通用电源管理,TMI3252S,630435.13,1116833.3883333334,1099383.0581798134
2025-06,通用电源管理,TMI3252S,1173653.82,1096892.39,941478.5872181061
2025-07,通用电源管理,TMI3252S,1346004.03,1062820.8433333335,1044389.4969491722
2025-08,通用电源管理,TMI3252S,1007971.22,1054457.835,1023658.3006634451
2025-09,通用电源管理,TMI3252S,1181432.94,1073130.8966666667,1173494.2411884514
2025-10,通用电源管理,TMI3252S,1001581.96,1134852.4683333335,1144819.8483397323
2025-11,通用电源管理,TMI3252S,576634.1,1056846.5166666668,1032439.6359860208
2025-12,通用电源管理,TMI3252S,772423.25,1047879.6783333332,894656.4354489001
2026-01,通用电源管理,TMI3252S,1120510.15,981007.9166666666,773968.3775345449
2026-02,通用电源管理,TMI3252S,918581.4400000001,943425.6033333335,737981.3189817794
2026-03,通用电源管理,TMI3252S,602366.49,928527.3066666668,858300.5443765539
2026-04,通用电源管理,TMI3252S,1371616.75,832016.2316666668,825369.0974307942
2026-05,通用电源管理,TMI3252S,386159.29,893688.6966666667,1010534.9697604695
2026-06,通用电源管理,TMI3252S,864181.44,861942.895,802012.8808983136
2026-07,通用电源管理,TMI3252S,858869.56,877235.9266666668,862895.6195882795
2026-08,通用电源管理,TMI3252S,474835.68,833629.1616666667,693711.0500106671
2025-01,通用电源管理,TMI3252S2,181792.42,170695.9,207788.3574504251
2025-02,通用电源管理,TMI3252S2,54013.020000000004,165508.05000000002,198024.58563460098
2025-03,通用电源管理,TMI3252S2,275679.60000000003,163913.80833333335,117078.61612779916
2025-04,通用电源管理,TMI3252S2,53497.94,182982.61333333337,178850.76773807892
2025-05,通用电源管理,TMI3252S2,89266.34,158091.04833333334,132615.38894068214
2025-06,通用电源管理,TMI3252S2,141547.78,124772.94333333334,135326.2796707961
2025-07,通用电源管理,TMI3252S2,29244.61,132632.85,90702.24176654621
2025-08,通用电源管理,TMI3252S2,41374.82,107208.21500000001,84509.02221447878
2025-09,通用电源管理,TMI3252S2,182542.54,105101.84833333333,70579.13237573495
2025-10,通用电源管理,TMI3252S2,88968.81,89579.005,81977.76113110941
2025-11,通用电源管理,TMI3252S2,122909.56,95490.81666666665,101233.93562735403
2025-12,通用电源管理,TMI3252S2,111392.34,101098.02,127868.14750974179
2026-01,通用电源管理,TMI3252S2,13932.58,96072.11333333334,106439.68466737687
2026-02,通用电源管理,TMI3252S2,171990.66,93520.10833333334,74179.95619360723
2026-03,通用电源管理,TMI3252S2,57779.08,115289.415,90764.63710418505
2026-04,通用电源管理,TMI3252S2,67286.4,94495.50499999999,76148.98961417195
2026-05,通用电源管理,TMI3252S2,66929.04,90881.77,103778.35957398947
2026-06,通用电源管理,TMI3252S2,15875.970000000001,81551.68333333333,65242.702991284554
2026-07,通用电源管理,TMI3252S2,123114.67,65632.28833333333,49395.621864481385
2026-08,通用电源管理,TMI3252S2,124195.5,83829.30333333333,67726.18079284098
2025-01,通用电源管理,TMI3252SHF,105195.39,150255.11833333335,213058.6519280415
2025-02,通用电源管理,TMI3252SHF,176901.93,155435.01833333334,178274.23010932343
2025-03,通用电源管理,TMI3252SHF,112920.47,168007.82499999998,172467.36863580538
2025-04,通用电源管理,TMI3252SHF,91257.89,166050.335,138125.71138287688
2025-05,通用电源管理,TMI3252SHF,123902.29,148341.53333333335,131885.06229375262
2025-06,通用电源管理,TMI3252SHF,234398.95,135747.64833333335,106102.48092641855
2025-07,通用电源管理,TMI3252SHF,87992.59,140762.82000000004,143419.94812889115
2025-08,通用电源管理,TMI3252SHF,171144.3,137895.68666666668,145028.22186993997
2025-09,通用电源管理,TMI3252SHF,197047.16,136936.08166666667,164178.67484579518
2025-10,通用电源管理,TMI3252SHF,164881.63,150957.19666666668,147719.4504479566
2025-11,通用电源管理,TMI3252SHF,228390.56,163227.81999999998,172475.14288578075
2025-12,通用电源管理,TMI3252SHF,296777.97,180642.53166666665,191376.87635185188
2026-01,通用电源管理,TMI3252SHF,171032.81,191039.035,227204.99928704632
2026-02,通用电源管理,TMI3252SHF,235274.18,204879.07166666666,208045.97694538912
2026-03,通用电源管理,TMI3252SHF,121492.83,215567.385,214638.1001890666
2026-04,通用电源管理,TMI3252SHF,392821.72000000003,202974.99666666667,164920.14935082203
2026-05,通用电源管理,TMI3252SHF,152526.65,240965.0116666667,261873.3575227568
2026-06,通用电源管理,TMI3252SHF,142243.18,228321.02666666664,226602.93821902722
2026-07,通用电源管理,TMI3252SHF,171933.64,202565.2283333333,226288.84758303387
2026-08,通用电源管理,TMI3252SHF,126236.32,202715.3666666667,153496.95369508266
2026-07,通用电源管理,TMI3252SHFN,24769.8,50471.448333333334,55932.21154904732
2026-08,通用电源管理,TMI3252SHFN,216402.52,47425.00833333333,49924.46201252896
2025-10,通用电源管理,TMI3252SN,51879.14,74650.91666666667,82047.67612823879
2025-11,通用电源管理,TMI3252SN,149551.33,79564.70666666667,79154.265423807
2025-12,通用电源管理,TMI3252SN,129627.68,93999.87166666666,92692.00667735789
2026-01,通用电源管理,TMI3252SN,229449.4,97406.005,109003.76681996693
2026-02,通用电源管理,TMI3252SN,129535.65,125545.40166666666,151993.52311018237
2026-03,通用电源管理,TMI3252SN,282098.67,129088.27333333333,149163.91910217132
2026-04,通用电源管理,TMI3252SN,356077.42,162023.645,200317.65613103198
2026-05,通用电源管理,TMI3252SN,361846.48,212723.3583333333,268204.74070286215
2026-06,通用电源管理,TMI3252SN,267553.36,248105.8833333333,339823.1132799575
2026-07,通用电源管理,TMI3252SN,523903.63,271093.49666666664,324324.1041642903
2026-08,通用电源管理,TMI3252SN,406926.08,320169.20166666666,379317.019714827
2025-10,通用电源管理,TMI3252SU,169338.29,57407.53,55162.16529242678
2025-11,通用电源管理,TMI3252SU,56307.07,56614.818333333336,109905.92920187574
2025-12,通用电源管理,TMI3252SU,112421.9,65999.33,116746.90571532227
2026-01,通用电源管理,TMI3252SU,95760.1,84736.31333333334,111311.5770703882
2026-02,通用电源管理,TMI3252SU,138380.5,100696.33,79037.3183704694
2026-03,通用电源管理,TMI3252SU,82492.09,117779.82166666666,105798.75950805917
2026-04,通用电源管理,TMI3252SU,41125.09,109116.65833333333,98937.3405321596
2026-05,通用电源管理,TMI3252SU,169551.22,87747.79166666667,91530.47448401849
2026-06,通用电源管理,TMI3252SU,0.0,106621.81666666665,99623.14990881045
2026-07,通用电源管理,TMI3252SU,0.0,87884.83333333333,69334.3299564196
2026-08,通用电源管理,TMI3252SU,86317.6,71924.81666666667,55764.7359366854
2025-01,通用电源管理,TMI3252T,683280.44,696826.4999999999,552844.0818804295
2025-02,通用电源管理,TMI3252T,552336.6799999999,665875.7616666666,650844.8039066012
2025-03,通用电源管理,TMI3252T,690003.84,608911.9633333334,642611.3574958603
2025-04,通用电源管理,TMI3252T,808245.35,580971.9699999999,673331.1047934785
2025-05,通用电源管理,TMI3252T,377014.47000000003,651455.5199999999,709671.0386245346
2025-06,通用电源管理,TMI3252T,442649.35,614600.63,606467.1193414053
2025-07,通用电源管理,TMI3252T,390467.85,592255.0216666667,519341.3572091088
2025-08,通用电源管理,TMI3252T,438045.64,543452.9233333335,393245.9571054365
2025-09,通用电源管理,TMI3252T,449479.79,524404.4166666666,422862.56370847864
2025-10,通用电源管理,TMI3252T,299943.96,484317.075,413833.98871087556
2025-11,通用电源管理,TMI3252T,340904.78,399600.1766666667,384204.26120692183
2025-12,通用电源管理,TMI3252T,573293.59,393581.895,353475.9080296223
2026-01,通用电源管理,TMI3252T,351685.4,415355.935,399766.8911808133
2026-02,通用电源管理,TMI3252T,509621.83,408892.1933333333,378284.28429764626
2026-03,通用电源管理,TMI3252T,499307.65,420821.55833333335,437955.5986156739
2026-04,通用电源管理,TMI3252T,460030.08,429126.20166666666,425147.56677740207
2026-05,通用电源管理,TMI3252T,220743.09,455807.2216666667,513189.90887489944
2026-06,通用电源管理,TMI3252T,439875.61,435780.2733333334,401009.68738572084
2026-07,通用电源管理,TMI3252T,416353.85,413543.94333333336,368809.5366668378
2026-08,通用电源管理,TMI3252T,476667.41000000003,424322.01833333337,354212.0773994354
2025-01,通用电源管理,TMI3252TF,71797.12000000001,226435.75,98622.73618814393
2025-02,通用电源管理,TMI3252TF,27058.33,184667.3966666667,97482.92347912265
2025-03,通用电源管理,TMI3252TF,14008.64,109391.96,88063.32922242227
2025-04,通用电源管理,TMI3252TF,44264.83,65198.76500000001,39465.1408505704
2025-05,通用电源管理,TMI3252TF,235555.18000000002,60607.225000000006,29531.807479830662
2025-06,通用电源管理,TMI3252TF,86601.58,90365.22833333335,95025.25897903553
2025-07,通用电源管理,TMI3252TF,187085.11,79880.94666666667,116897.11524956865
2025-08,通用电源管理,TMI3252TF,23363.61,99095.61166666668,165483.89859618523
2025-09,通用电源管理,TMI3252TF,25523.88,98479.82500000001,98816.17638254176
2025-10,通用电源管理,TMI3252TF,40136.21,100399.03166666666,76411.57728503544
2025-11,通用电源管理,TMI3252TF,277039.56,99710.92833333333,28803.508685311586
2025-12,通用电源管理,TMI3252TF,21918.56,106624.99166666665,111100.52303701872
2026-01,通用电源管理,TMI3252TF,144440.63,95844.48833333334,111649.74877462743
2026-02,通用电源管理,TMI3252TF,265345.95,88737.075,132500.93158412242
2026-03,通用电源管理,TMI3252TF,353.1,129067.46500000001,131791.14383481484
2026-04,通用电源管理,TMI3252TF,130226.49,124872.335,128155.21096672288
2026-05,通用电源管理,TMI3252TF,38288.46,139887.38166666665,138318.98258236962
2026-06,通用电源管理,TMI3252TF,160574.18,100095.53166666666,57383.971328282656
2026-07,通用电源管理,TMI3252TF,138068.97999999998,123204.80166666668,108304.41412464016
2026-08,通用电源管理,TMI3252TF,113893.73,122142.85999999999,110815.49762968162
2026-07,通用电源管理,TMI3252TFN,102424.73999999999,54746.01,74931.63166673717
2026-08,通用电源管理,TMI3252TFN,62016.84,66526.97499999999,90012.14801027655
2025-12,通用电源管理,TMI3252TN,254092.35,86291.81333333334,132462.92554353582
2026-01,通用电源管理,TMI3252TN,261321.96,128135.71666666666,203312.54789457808
2026-02,通用电源管理,TMI3252TN,82897.62,166361.97666666665,247050.67958535417
2026-03,通用电源管理,TMI3252TN,101287.56,167817.64166666666,182652.94136807282
2026-04,通用电源管理,TMI3252TN,195558.46,177165.48666666666,139206.3833323353
2026-05,通用电源管理,TMI3252TN,197977.78,201078.27,132665.73792366523
2026-06,通用电源管理,TMI3252TN,179860.31,182189.28833333333,168148.76912329995
2026-07,通用电源管理,TMI3252TN,363605.36,169817.28166666665,188706.8631189366
2026-08,通用电源管理,TMI3252TN,303787.99,186864.51499999998,243857.86313560585
2025-01,通用电源管理,TMI3253,236075.5,296432.8266666667,317462.49463878275
2025-02,通用电源管理,TMI3253,194545.77,286518.64499999996,281517.81201295473
2025-03,通用电源管理,TMI3253,248128.0,274985.7183333333,273365.7343381735
2025-04,通用电源管理,TMI3253,255222.27,262446.19333333336,237337.98361172134
2025-05,通用电源管理,TMI3253,144290.9,250270.50833333333,241529.31842778658
2025-06,通用电源管理,TMI3253,173824.95,236434.57499999998,209449.52068062653
2025-07,通用电源管理,TMI3253,238582.63,208681.23166666666,182908.3605324976
2025-08,通用电源管理,TMI3253,224839.38,209099.08666666667,180905.46013620295
2025-09,通用电源管理,TMI3253,320230.0,214148.02166666664,211985.3371587187
2025-10,通用电源管理,TMI3253,182127.25,226165.02166666664,253758.64031115637
2025-11,通用电源管理,TMI3253,157178.2,213982.5183333333,235283.57558868383
2025-12,通用电源管理,TMI3253,188195.58000000002,216130.40166666664,213816.18993907783
2026-01,通用电源管理,TMI3253,441584.07,218525.50666666668,173684.2886103616
2026-02,通用电源管理,TMI3253,152211.17,252359.08000000005,235166.76184233284
2026-03,通用电源管理,TMI3253,84907.82,240254.37833333333,238726.51744689632
2026-04,通用电源管理,TMI3253,288519.69,201034.015,212072.46720936726
2026-05,通用电源管理,TMI3253,148550.16,218766.08833333335,183635.05275143342
2026-06,通用电源管理,TMI3253,151046.07,217328.08166666667,177376.0735040393
2026-07,通用电源管理,TMI3253,211740.98,211136.49666666667,193551.06062899655
2026-08,通用电源管理,TMI3253,245680.22,172829.31500000003,168176.81695390597
2026-05,通用电源管理,TMI32530,263322.2,53722.99833333333,77284.26580332691
2026-06,通用电源管理,TMI32530,43088.46,90326.87,164654.65080556052
2026-07,通用电源管理,TMI32530,24132.649999999998,94692.53833333333,150522.54668228468
2026-08,通用电源管理,TMI32530,64895.409999999996,91960.41833333333,108714.40735010897
2025-11,通用电源管理,TMI3253N,146177.03,81218.27333333333,119386.89176741765
2025-12,通用电源管理,TMI3253N,170441.85,103032.455,140332.5658496315
2026-01,通用电源管理,TMI3253N,161680.71,124183.71833333334,169156.8534596378
2026-02,通用电源管理,TMI3253N,130420.18000000001,141215.25666666665,142930.3561439986
2026-03,通用电源管理,TMI3253N,129871.07,149235.21333333335,141205.2605560577
2026-04,通用电源管理,TMI3253N,110176.5,155953.7666666667,131852.410758797
2026-05,通用电源管理,TMI3253N,133326.79,141461.22333333336,129425.1496369233
2026-06,通用电源管理,TMI3253N,57875.880000000005,139319.5166666667,126878.3737892152
2026-07,通用电源管理,TMI3253N,155972.81,120558.52166666667,99184.96680890169
2026-08,通用电源管理,TMI3253N,151467.24,119607.205,114184.66328872183
2025-01,通用电源管理,TMI3253S,2666577.26,2279137.8716666666,2221565.617371356
2025-02,通用电源管理,TMI3253S,2227375.55,2285789.3416666663,2545444.9335235776
2025-03,通用电源管理,TMI3253S,2115868.14,2252004.3949999996,2776861.1699960222
2025-04,通用电源管理,TMI3253S,1775109.28,2213236.688333333,2451121.2656658925
2025-05,通用电源管理,TMI3253S,2106430.92,2230923.4833333334,2117452.3683279874
2025-06,通用电源管理,TMI3253S,2449514.35,2304819.6283333334,1939583.770035793
2025-07,通用电源管理,TMI3253S,2541670.7,2223479.2499999995,2019755.4772431832
2025-08,通用电源管理,TMI3253S,1743484.02,2202661.49,2306450.4916968923
2025-09,通用电源管理,TMI3253S,1863914.32,2122012.901666667,2240341.9444423
2025-10,通用电源管理,TMI3253S,1618576.03,2080020.5983333334,1991163.6528180765
2025-11,通用电源管理,TMI3253S,2270260.62,2053931.7233333334,1690857.582368636
2025-12,通用电源管理,TMI3253S,1743539.08,2081236.673333333,1864996.482105298
2026-01,通用电源管理,TMI3253S,3169985.14,1963574.1283333336,1854508.5530000126
2026-02,通用电源管理,TMI3253S,1867237.85,2068293.201666667,2146731.770443412
2026-03,通用电源管理,TMI3253S,1207715.82,2088918.84,2070034.1656275552
2026-04,通用电源管理,TMI3253S,1736165.11,1979552.4233333336,1951338.750422357
2026-05,通用电源管理,TMI3253S,744443.55,1999150.6033333333,1680793.4510426668
2026-06,通用电源管理,TMI3253S,1108505.47,1744847.7583333335,1253349.619479369
2026-07,通用电源管理,TMI3253S,1991765.75,1639008.8233333335,1181190.3452299307
2026-08,通用电源管理,TMI3253S,1497826.07,1442638.925,1264511.7145186223
2025-01,通用电源管理,TMI3253SH,104483.94,139590.27833333335,130766.89136496646
2025-02,通用电源管理,TMI3253SH,87613.13,138177.00166666668,122380.58407676262
2025-03,通用电源管理,TMI3253SH,78311.87,117421.765,109991.66648400945
2025-04,通用电源管理,TMI3253SH,133321.98,106575.53000000001,94553.78503785784
2025-05,通用电源管理,TMI3253SH,88113.46,108106.79833333334,103564.01953645342
2025-06,通用电源管理,TMI3253SH,69559.24,101658.99166666665,96939.37524819055
2025-07,通用电源管理,TMI3253SH,87436.23,93567.27000000002,92834.15490056507
2025-08,通用电源管理,TMI3253SH,68785.62999999999,90725.985,79650.91581558181
2025-09,通用电源管理,TMI3253SH,101713.83,87588.06833333331,75107.90260586944
2025-10,通用电源管理,TMI3253SH,65697.86,91488.395,83523.56549448516
2025-11,通用电源管理,TMI3253SH,85218.46,80217.70833333333,76421.35249453032
2025-12,通用电源管理,TMI3253SH,98216.09,79735.20833333333,81900.70167833698
2026-01,通用电源管理,TMI3253SH,119716.06,84511.34999999999,82029.00646589247
2026-02,通用电源管理,TMI3253SH,93051.84,89891.32166666666,90590.55361634416
2026-03,通用电源管理,TMI3253SH,135821.73,93935.69,94937.335599976
2026-04,通用电源管理,TMI3253SH,195795.64,99620.33999999998,108922.83715016766
2026-05,通用电源管理,TMI3253SH,457692.24,121303.30333333333,148360.75758401104
2026-06,通用电源管理,TMI3253SH,291245.57,183382.2666666667,268219.59529572324
2026-07,通用电源管理,TMI3253SH,264556.53,215553.84666666668,310915.17002156837
2026-08,通用电源管理,TMI3253SH,298451.9,239693.92500000002,333334.34134785493
2025-01,通用电源管理,TMI3253SHF,232761.63,242048.9633333333,290057.06823962124
2025-02,通用电源管理,TMI3253SHF,226420.39,255819.00166666662,218215.77125900265
2025-03,通用电源管理,TMI3253SHF,308433.31,257018.25500000003,231741.7116577618
2025-04,通用电源管理,TMI3253SHF,334481.13,264366.81666666665,268411.7429866938
2025-05,通用电源管理,TMI3253SHF,134007.21,248722.65666666665,300861.21276090876
2025-06,通用电源管理,TMI3253SHF,160762.09,238416.12999999998,251259.30026792685
2025-07,通用电源管理,TMI3253SHF,236886.44999999998,232810.96,200745.7039759874
2025-08,通用电源管理,TMI3253SHF,391194.95,233498.42999999996,172767.5421132964
2025-09,通用电源管理,TMI3253SHF,413777.77999999997,260960.85666666666,262415.1446608868
2025-10,通用电源管理,TMI3253SHF,619006.42,278518.2683333333,337370.1152281818
2025-11,通用电源管理,TMI3253SHF,844178.2,325939.14999999997,460726.7032793245
2025-12,通用电源管理,TMI3253SHF,272652.66,444300.98166666663,608496.4030772074
2026-01,通用电源管理,TMI3253SHF,688726.51,462949.41,571539.4776009159
2026-02,通用电源管理,TMI3253SHF,570205.4,538256.0866666666,539555.0473554063
2026-03,通用电源管理,TMI3253SHF,583792.42,568091.1616666667,467562.8424531916
2026-04,通用电源管理,TMI3253SHF,197287.80000000002,596426.9349999999,575790.9726380609
2026-05,通用电源管理,TMI3253SHF,331097.86,526140.4983333333,472079.8060579435
2026-06,通用电源管理,TMI3253SHF,183021.21,440627.1083333332,377935.28766788304
2026-07,通用电源管理,TMI3253SHF,243574.18,425688.5333333334,234126.5548928767
2026-08,通用电源管理,TMI3253SHF,162630.49000000002,351496.47833333333,249202.35907036794
2025-09,通用电源管理,TMI3253SHFN(NCH),165963.49,88616.86,125205.58430139696
2025-10,通用电源管理,TMI3253SHFN(NCH),43741.46,112739.84666666668,155316.55955870502
2025-11,通用电源管理,TMI3253SHFN(NCH),0.0,102953.98499999999,110560.28070642281
2025-12,通用电源管理,TMI3253SHFN(NCH),0.0,97680.69666666666,67984.69046715354
2026-01,通用电源管理,TMI3253SHFN(NCH),455112.7,87231.12333333334,14402.255030437738
2026-02,通用电源管理,TMI3253SHFN(NCH),0.0,132804.005,136001.41345857477
2026-03,通用电源管理,TMI3253SHFN(NCH),51837.92,110802.94166666667,138937.01452512457
2026-04,通用电源管理,TMI3253SHFN(NCH),0.0,91782.01333333335,158405.4575158662
2026-05,通用电源管理,TMI3253SHFN(NCH),0.0,84491.77,18109.89094966258
2026-06,通用电源管理,TMI3253SHFN(NCH),327857.45,84491.77,17615.325782454463
2026-07,通用电源管理,TMI3253SHFN(NCH),136022.38,139134.67833333334,107899.06381486531
2026-08,通用电源管理,TMI3253SHFN(NCH),140934.66999999998,85952.95833333333,152568.26949581673
2026-01,通用电源管理,TMI3253SN,135060.56,65600.19166666667,74346.05827301925
2026-02,通用电源管理,TMI3253SN,104080.99,75712.32333333333,98427.18403128645
2026-03,通用电源管理,TMI3253SN,87192.02,83882.64166666666,93800.44674353949
2026-04,通用电源管理,TMI3253SN,79340.12,92021.98333333334,101968.54766374672
2026-05,通用电源管理,TMI3253SN,174848.1,99998.01666666666,94540.33406137559
2026-06,通用电源管理,TMI3253SN,179359.9,108106.69166666667,116006.27770737122
2026-07,通用电源管理,TMI3253SN,194742.21,126646.94833333335,142682.24274511644
2026-08,通用电源管理,TMI3253SN,228990.04,136593.88999999998,180547.58616917054
2026-06,通用电源管理,TMI3253SU,0.0,31480.303333333333,39450.853541085446
2026-07,通用电源管理,TMI3253SU,0.0,31480.303333333333,38207.26153894919
2026-08,通用电源管理,TMI3253SU,15288.12,19349.156666666666,25406.4611090476
2026-05,通用电源管理,TMI3253SZ,121509.63,126234.25,215574.4125373641
2026-06,通用电源管理,TMI3253SZ,14184.89,138503.155,224523.48178764686
2026-07,通用电源管理,TMI3253SZ,50119.990000000005,140769.95333333334,219552.15304261868
2026-08,通用电源管理,TMI3253SZ,356491.2,133812.785,61113.66867991035
2025-01,通用电源管理,TMI3253T,977322.25,1145076.7966666666,936671.6484672846
2025-02,通用电源管理,TMI3253T,672624.74,1062080.6933333334,1001655.7442371206
2025-03,通用电源管理,TMI3253T,1059992.1099999999,934547.2483333334,929043.4852651532
2025-04,通用电源管理,TMI3253T,1095356.15,892228.3783333333,947583.3126193457
2025-05,通用电源管理,TMI3253T,600542.75,947946.2633333333,978710.7994224797
2025-06,通用电源管理,TMI3253T,804481.41,896008.0366666666,891265.2219014236
2025-07,通用电源管理,TMI3253T,772084.57,868386.5683333334,797680.1947336731
2025-08,通用电源管理,TMI3253T,695348.2,834180.2883333334,707476.0767573758
2025-09,通用电源管理,TMI3253T,832138.44,837967.5316666667,755770.5625507792
2025-10,通用电源管理,TMI3253T,648290.9400000001,799991.9199999999,744636.721531896
2025-11,通用电源管理,TMI3253T,603316.66,725481.0516666666,703970.1610114634
2025-12,通用电源管理,TMI3253T,771796.31,725943.37,675534.0278880254
2026-01,通用电源管理,TMI3253T,1095973.69,720495.8533333334,666223.284302922
2026-02,通用电源管理,TMI3253T,651181.53,774477.3733333334,738435.2898493683
2026-03,通用电源管理,TMI3253T,590586.74,767116.2616666667,768986.6824452378
2026-04,通用电源管理,TMI3253T,919755.38,726857.645,730467.7617868142
2026-05,通用电源管理,TMI3253T,533510.72,772101.7183333334,755141.3634385143
2026-06,通用电源管理,TMI3253T,863852.0599999999,760467.395,694532.7595704994
2026-07,通用电源管理,TMI3253T,568690.52,775810.0199999999,762571.904992317
2026-08,通用电源管理,TMI3253T,733909.44,687929.4916666667,646627.2735280165
2025-01,通用电源管理,TMI3253TF,246551.03,475485.26999999996,317934.36833400885
2025-02,通用电源管理,TMI3253TF,91061.99,428887.7383333333,312694.6885427711
2025-03,通用电源管理,TMI3253TF,177156.19,307316.0266666667,265698.5254765785
2025-04,通用电源管理,TMI3253TF,181442.78,235338.1333333333,179999.14213800736
2025-05,通用电源管理,TMI3253TF,401348.76,223732.875,155619.60373408077
2025-06,通用电源管理,TMI3253TF,689555.3,251548.3966666667,245769.87252189385
2025-07,通用电源管理,TMI3253TF,192448.32,297852.675,405908.60159987974
2025-08,通用电源管理,TMI3253TF,198437.68,288835.5566666667,417039.85399922635
2025-09,通用电源管理,TMI3253TF,164558.78,306731.505,359417.50630038994
2025-10,通用电源管理,TMI3253TF,116418.95,304631.9366666667,179861.60992648941
2025-11,通用电源管理,TMI3253TF,454361.82999999996,293794.63166666665,155114.26649091436
2025-12,通用电源管理,TMI3253TF,347760.48,302630.1433333333,238391.284396734
2026-01,通用电源管理,TMI3253TF,409478.79,245664.34,302437.675434236
2026-02,通用电源管理,TMI3253TF,276729.44,281836.085,362062.98384546064
2026-03,通用电源管理,TMI3253TF,103616.67,294884.71166666667,315650.4436808604
2026-04,通用电源管理,TMI3253TF,356864.54,284727.6933333333,246794.40108372542
2026-05,通用电源管理,TMI3253TF,439736.15,324801.9583333333,257549.00039256716
2026-06,通用电源管理,TMI3253TF,499328.98,322364.345,305907.76156568574
2026-07,通用电源管理,TMI3253TF,327584.38,347625.76166666666,426495.1068304451
2026-08,通用电源管理,TMI3253TF,389095.52999999997,333976.6933333333,416596.0908419412
2025-01,通用电源管理,TMI3253TH,164112.63999999998,358737.555,404709.6093332595
2025-02,通用电源管理,TMI3253TH,88495.9,347800.00333333336,250485.4795311024
2025-03,通用电源管理,TMI3253TH,81255.23,303725.13999999996,144410.2758546948
2025-04,通用电源管理,TMI3253TH,129275.59,246002.735,116742.00986294613
2025-05,通用电源管理,TMI3253TH,67085.75,169026.18666666668,103487.79149584594
2025-06,通用电源管理,TMI3253TH,80497.17,114148.85333333333,89782.21307255622
2025-07,通用电源管理,TMI3253TH,157550.37,101787.04666666668,88324.3838096272
2025-08,通用电源管理,TMI3253TH,72793.79,100693.335,99156.5096968173
2025-09,通用电源管理,TMI3253TH,119764.33,98076.31666666667,103403.87366134244
2025-10,通用电源管理,TMI3253TH,69512.88,104494.5,113370.54362151393
2025-11,通用电源管理,TMI3253TH,117010.73999999999,94534.04833333334,84792.74984827964
2025-12,通用电源管理,TMI3253TH,98628.72,102854.88,99296.13714206079
2026-01,通用电源管理,TMI3253TH,177138.3,105876.805,93888.8807828109
2026-02,通用电源管理,TMI3253TH,83297.20999999999,109141.46,117373.8516527727
2026-03,通用电源管理,TMI3253TH,92432.91,110892.02999999998,109615.29339647667
2026-04,通用电源管理,TMI3253TH,158110.86,106336.79333333333,110259.81882219778
2026-05,通用电源管理,TMI3253TH,155606.87,121103.12333333334,116629.36596083496
2026-06,通用电源管理,TMI3253TH,156078.51,127535.81166666666,138016.25991846088
2026-07,通用电源管理,TMI3253TH,107504.81,137110.77666666664,154611.62916915194
2026-08,通用电源管理,TMI3253TH,101029.38,125505.19499999999,137870.0209446973
2026-01,通用电源管理,TMI3253TN,128112.32999999999,38477.261666666665,39097.9428309821
2026-02,通用电源管理,TMI3253TN,50528.63,53435.341666666674,62955.17417168057
2026-03,通用电源管理,TMI3253TN,35625.729999999996,59578.02833333334,77882.14359542559
2026-04,通用电源管理,TMI3253TN,86175.45000000001,55502.00999999999,66951.31975548285
2026-05,通用电源管理,TMI3253TN,60684.86,63833.64666666667,60204.4616465335
2026-06,通用电源管理,TMI3253TN,66068.33,72933.79,62011.5746416912
2026-07,通用电源管理,TMI3253TN,181408.15,71199.22166666666,70075.57984536413
2026-08,通用电源管理,TMI3253TN,210244.52,80081.85833333334,101353.0645842308
2025-01,通用电源管理,TMI3255,240507.26,264989.5583333333,294411.4203345682
2025-02,通用电源管理,TMI3255,28870.04,289893.12333333335,289491.74885100854
2025-03,通用电源管理,TMI3255,60353.83,242767.67166666666,201608.34900103832
2025-04,通用电源管理,TMI3255,102323.2,193434.225,115296.95130016765
2025-05,通用电源管理,TMI3255,68912.53,169673.24833333332,66291.00985289947
2025-06,通用电源管理,TMI3255,48903.26,133363.39166666666,74896.90986852672
2025-07,通用电源管理,TMI3255,79365.55,91645.02,70229.52136896091
2025-08,通用电源管理,TMI3255,114941.82,64788.06833333333,64076.30400387134
2025-09,通用电源管理,TMI3255,72405.8,79133.365,80905.9762342913
2025-10,通用电源管理,TMI3255,117822.4,81142.02666666666,86365.84926551557
2025-11,通用电源管理,TMI3255,89557.77,83725.22666666667,98737.38478143135
2025-12,通用电源管理,TMI3255,110710.96,87166.09999999999,90704.40429518861
2026-01,通用电源管理,TMI3255,142688.08,97467.38333333332,104734.26303511873
2026-02,通用电源管理,TMI3255,178649.14,108021.13833333335,102485.84782460229
2026-03,通用电源管理,TMI3255,170082.47,118639.02500000001,131895.86724390165
2026-04,通用电源管理,TMI3255,206418.78,134918.47,153552.55079233384
2026-05,通用电源管理,TMI3255,79257.47,149684.53333333335,193945.14717339454
2026-06,通用电源管理,TMI3255,19620.12,147967.81666666668,154873.85163205708
2026-07,通用电源管理,TMI3255,91453.13,132786.00999999998,100474.1313917885
2026-08,通用电源管理,TMI3255,127454.79,124246.85166666667,62599.0325604216
2025-01,通用电源管理,TMI3255B,383429.27,372142.5966666667,384154.6855760859
2025-02,通用电源管理,TMI3255B,218535.5,394238.675,384445.0761836874
2025-03,通用电源管理,TMI3255B,227768.15,336096.47,377879.0111832275
2025-04,通用电源管理,TMI3255B,82038.83,318979.4016666666,290132.37564007356
2025-05,通用电源管理,TMI3255B,68593.34,270987.41833333333,182849.86842860788
2025-06,通用电源管理,TMI3255B,262101.49,240687.1133333333,122376.04605864648
2025-07,通用电源管理,TMI3255B,207949.35,207077.76333333334,131671.75607855496
2025-08,通用电源管理,TMI3255B,230252.88,177831.11,175038.5113905605
2025-09,通用电源管理,TMI3255B,324088.32,179784.00666666668,232961.67658093642
2025-10,通用电源管理,TMI3255B,271223.41000000003,195837.36833333332,246841.46920014097
2025-11,通用电源管理,TMI3255B,205932.44,227368.13166666668,267110.4145797228
2025-12,通用电源管理,TMI3255B,313114.19,250257.9816666667,259757.03904968075
2026-01,通用电源管理,TMI3255B,168525.41,258760.09833333336,260203.26388269235
2026-02,通用电源管理,TMI3255B,280043.64999999997,252189.44166666665,205467.28160869982
2026-03,通用电源管理,TMI3255B,242261.69,260487.9033333333,232527.01313058083
2026-04,通用电源管理,TMI3255B,186885.18,246850.13166666668,215861.97294675166
2026-05,通用电源管理,TMI3255B,219256.15,232793.75999999998,247759.99846703914
2026-06,通用电源管理,TMI3255B,145408.88,235014.3783333333,220337.35990231353
2026-07,通用电源管理,TMI3255B,384511.99,207063.49333333332,181517.1541958017
2026-08,通用电源管理,TMI3255B,469810.07,243061.25666666668,246401.40419003103
2025-01,通用电源管理,TMI3255S,198018.52000000002,306711.825,338931.92924770375
2025-02,通用电源管理,TMI3255S,258655.03,290315.74833333335,318781.00978268916
2025-03,通用电源管理,TMI3255S,366750.85,285730.58,278526.6512805319
2025-04,通用电源管理,TMI3255S,313732.85,296657.055,287926.47799487354
2025-05,通用电源管理,TMI3255S,197553.79,308208.555,325019.09219321125
2025-06,通用电源管理,TMI3255S,488077.73,277259.82833333337,283960.53237338265
2025-07,通用电源管理,TMI3255S,366054.23,303798.12833333336,318820.76581841847
2025-08,通用电源管理,TMI3255S,469981.22,331804.08,341757.1654272124
2025-09,通用电源管理,TMI3255S,456005.41,367025.11166666663,440476.92106464214
2025-10,通用电源管理,TMI3255S,506402.33,381900.87166666664,418382.8123659851
2025-11,通用电源管理,TMI3255S,389617.87,414012.45166666666,463447.6869654308
2025-12,通用电源管理,TMI3255S,628951.15,446023.13166666665,438316.0368866565
2026-01,通用电源管理,TMI3255S,763554.05,469502.035,502110.0415214977
2026-02,通用电源管理,TMI3255S,452025.25,535752.005,532552.171093302
2026-03,通用电源管理,TMI3255S,405070.77,532759.3433333333,563099.1047353427
2026-04,通用电源管理,TMI3255S,543329.65,524270.23666666675,506400.04308796505
2026-05,通用电源管理,TMI3255S,409504.75,530424.79,489247.1798021246
2026-06,通用电源管理,TMI3255S,680688.3,533739.27,461437.1477719247
2026-07,通用电源管理,TMI3255S,929594.16,542362.1283333334,537598.1849743878
2026-08,通用电源管理,TMI3255S,575397.77,570035.48,664300.1472590084
2025-01,通用电源管理,TMI3255SF,151130.09,74220.28666666667,65357.24228850414
2025-02,通用电源管理,TMI3255SF,21373.09,92789.73333333334,101222.16139657871
2025-03,通用电源管理,TMI3255SF,126772.75,86485.45333333334,82967.44496779049
2025-04,通用电源管理,TMI3255SF,40803.95,80620.68333333333,104647.69379379612
2025-05,通用电源管理,TMI3255SF,118824.26999999999,79656.13,65392.13776850403
2025-06,通用电源管理,TMI3255SF,52556.51,86731.98333333334,92623.12012833664
2025-07,通用电源管理,TMI3255SF,34843.86,85243.44333333334,67691.92513194597
2025-08,通用电源管理,TMI3255SF,17049.71,65862.40499999998,67015.02650164018
2025-09,通用电源管理,TMI3255SF,104620.33,65141.84166666667,34746.16093116417
2025-10,通用电源管理,TMI3255SF,46734.32,61449.77166666667,50681.62136634639
2025-11,通用电源管理,TMI3255SF,67254.53,62438.166666666664,54487.02363420459
2025-12,通用电源管理,TMI3255SF,65919.34999999999,53843.21,70871.37158936045
2026-01,通用电源管理,TMI3255SF,123264.20999999999,56070.35,59236.33501184
2026-02,通用电源管理,TMI3255SF,62010.0,70807.075,76631.44250779468
2026-03,通用电源管理,TMI3255SF,61111.49,78300.45666666667,76684.4856105702
2026-04,通用电源管理,TMI3255SF,172719.9,71048.98333333334,76987.45793794858
2026-05,通用电源管理,TMI3255SF,53601.72,92046.58,103353.97931276174
2026-06,通用电源管理,TMI3255SF,26946.89,89771.11166666665,97674.20979302545
2026-07,通用电源管理,TMI3255SF,69822.95999999999,83275.70166666666,83351.57588392714
2026-08,通用电源管理,TMI3255SF,61418.21,74368.82666666666,49456.62374729479
2025-12,通用电源管理,TMI3255T,14203.529999999999,19294.233333333334,16557.881902547535
2026-01,通用电源管理,TMI3255T,39298.94,20093.34833333333,16947.77357910109
2026-02,通用电源管理,TMI3255T,56814.119999999995,20342.289999999997,24516.703935829282
2026-03,通用电源管理,TMI3255T,14346.9,26898.48,33677.49936925999
2026-04,通用电源管理,TMI3255T,38479.619999999995,26988.74666666667,34515.11806215816
2026-05,通用电源管理,TMI3255T,95575.14,31947.149999999998,38303.62086386207
2026-06,通用电源管理,TMI3255T,127433.51999999999,43119.708333333336,50429.17593061299
2026-07,通用电源管理,TMI3255T,93451.25,61991.37333333333,86056.73170019276
2026-08,通用电源管理,TMI3255T,46884.899999999994,71016.75833333332,104082.43193824982
2026-06,通用电源管理,TMI3255TB,42477.84,59539.75166666667,61635.82371488029
2026-07,通用电源管理,TMI3255TB,42477.84,57858.33833333332,66298.27035348104
2026-08,通用电源管理,TMI3255TB,62336.22,44389.32833333333,54346.387926625895
2025-01,通用电源管理,TMI3256,207565.03,255229.21999999997,208219.9675667757
2025-02,通用电源管理,TMI3256,271620.69,221996.92,242595.7430073192
2025-03,通用电源管理,TMI3256,253543.61000000002,206895.67666666667,274697.57300566277
2025-04,通用电源管理,TMI3256,207831.69,220059.67333333334,256213.16943054323
2025-05,通用电源管理,TMI3256,20715.98,237600.22833333336,253676.78239727605
2025-06,通用电源管理,TMI3256,186747.28,209468.95166666666,155910.08138088213
2025-07,通用电源管理,TMI3256,168333.71,191337.38,132488.86789862422
2025-08,通用电源管理,TMI3256,248141.59,184798.82666666666,122119.47080516702
2025-09,通用电源管理,TMI3256,186180.26,180885.64333333334,200666.85293100832
2025-10,通用电源管理,TMI3256,195237.79,169658.41833333333,195149.19062296354
2025-11,通用电源管理,TMI3256,104172.31,167559.435,203693.24751343334
2025-12,通用电源管理,TMI3256,212510.5,181468.82333333333,157424.5639811252
2026-01,通用电源管理,TMI3256,246381.96,185762.69333333336,168554.29691955197
2026-02,通用电源管理,TMI3256,109037.33,198770.735,168260.75077387932
2026-03,通用电源管理,TMI3256,114518.6,175586.69166666668,173377.8676852589
2026-04,通用电源管理,TMI3256,180043.51,163643.08166666664,146840.19218576123
2026-05,通用电源管理,TMI3256,146427.82,161110.70166666666,140999.90597124433
2026-06,通用电源管理,TMI3256,107748.42,168153.28666666665,149855.18870610144
2026-07,通用电源管理,TMI3256,106547.94,150692.94,142903.27858929193
2026-08,通用电源管理,TMI3256,73820.62999999999,127387.27000000002,118640.777952983
2025-01,通用电源管理,TMI32560,4274.34,151346.71666666665,277820.8309073807
2025-02,通用电源管理,TMI32560,0.0,151343.62166666667,193771.27010472876
2025-03,通用电源管理,TMI32560,2654.87,150635.65833333333,108892.50733421247
2025-04,通用电源管理,TMI32560,117876.08,131830.37333333332,2422.934067276677
2025-05,通用电源管理,TMI32560,126159.26000000001,112290.59333333332,41713.60279240676
2025-06,通用电源管理,TMI32560,191150.40000000002,92299.48666666668,79780.51525214667
2025-07,通用电源管理,TMI32560,1911.5,73685.82500000001,138834.49827219194
2025-08,通用电源管理,TMI32560,78451.31,73292.01833333334,103734.52220493305
2025-09,通用电源管理,TMI32560,11946.89,86367.23666666668,90321.05757694945
2025-10,通用电源管理,TMI32560,14203.539999999999,87915.90666666668,29891.308464238802
2025-11,通用电源管理,TMI32560,97699.1,70637.15000000001,33843.76437497772
2025-12,通用电源管理,TMI32560,127699.06,65893.79,40151.04060038854
2026-01,通用电源管理,TMI32560,167787.53,55318.56666666667,78890.93754818503
2026-02,通用电源管理,TMI32560,0.0,82964.57166666667,117495.7534511452
2026-03,通用电源管理,TMI32560,86579.61,69889.35333333333,90206.28219517831
2026-04,通用电源管理,TMI32560,204026.48,82328.14,79481.39641036911
2026-05,通用电源管理,TMI32560,174291.97,113965.29666666668,101524.99558639369
2026-06,通用电源管理,TMI32560,181247.71,126730.77499999998,157979.54050878322
2026-07,通用电源管理,TMI32560,176017.63,135655.55,184155.23211834632
2026-08,通用电源管理,TMI32560,77654.84,137027.23333333334,174827.129096239
2025-09,通用电源管理,TMI32561,41591.14,62809.72166666667,102094.07579746778
2025-10,通用电源管理,TMI32561,45986.29,66488.04166666667,79545.11687639852
2025-11,通用电源管理,TMI32561,22883.61,69814.375,56193.54603413539
2025-12,通用电源管理,TMI32561,97871.62,69560.83333333333,35810.59776166402
2026-01,通用电源管理,TMI32561,81584.01,68731.84166666666,54901.09144054256
2026-02,通用电源管理,TMI32561,141052.93,62669.665,60465.073020668926
2026-03,通用电源管理,TMI32561,29309.7,71828.26666666666,97845.00071333267
2026-04,通用电源管理,TMI32561,111238.84,69781.36,78725.06947281225
2026-05,通用电源管理,TMI32561,112088.37,80656.78499999999,98379.17711522139
2026-06,通用电源管理,TMI32561,118937.93,95524.245,85849.92365285159
2026-07,通用电源管理,TMI32561,190672.36,99035.29666666668,112640.68631798304
2026-08,通用电源管理,TMI32561,160831.69,117216.68833333331,138695.04695840037
2025-01,通用电源管理,TMI3257I,1053960.0,809037.855,828582.5738922169
2025-02,通用电源管理,TMI3257I,813100.5499999999,820910.6633333334,834065.3917930705
2025-03,通用电源管理,TMI3257I,763752.85,866694.8666666667,918938.8855904717
2025-04,通用电源管理,TMI3257I,921088.64,828200.1016666666,919915.4609988704
2025-05,通用电源管理,TMI3257I,683663.42,813196.6566666666,864492.9958240123
2025-06,通用电源管理,TMI3257I,501659.45999999996,826694.0633333334,765983.1417592098
2025-07,通用电源管理,TMI3257I,391320.71,789537.4866666667,671994.874036923
2025-08,通用电源管理,TMI3257I,500832.49,679097.605,512348.14601926866
2025-09,通用电源管理,TMI3257I,724376.36,627052.9283333333,463663.01483209984
2025-10,通用电源管理,TMI3257I,554715.8,620490.1799999999,523457.2717658082
2025-11,通用电源管理,TMI3257I,679379.01,559428.04,575892.432189127
2025-12,通用电源管理,TMI3257I,652486.75,558713.9716666667,634920.9033038756
2026-01,通用电源管理,TMI3257I,1129719.77,583851.8533333334,621173.3390435773
2026-02,通用电源管理,TMI3257I,658377.74,706918.3633333333,735596.0653903416
2026-03,通用电源管理,TMI3257I,700196.9600000001,733175.9049999999,745062.6861904983
2026-04,通用电源管理,TMI3257I,554217.09,729146.005,777510.4880127178
2026-05,通用电源管理,TMI3257I,935294.23,729062.8866666667,668245.3834241398
2026-06,通用电源管理,TMI3257I,586845.61,771715.4233333332,744096.6906221937
2026-07,通用电源管理,TMI3257I,411608.75,760775.2333333334,683336.519857968
2026-08,通用电源管理,TMI3257I,563300.89,641090.0633333334,636002.3802204885
2026-04,通用电源管理,TMI3257N,438261.6,82122.29833333334,119248.04189458473
2026-05,通用电源管理,TMI3257N,356917.19,153264.13166666668,255503.75479082746
2026-06,通用电源管理,TMI3257N,436243.93,211281.31000000003,361512.302915937
2026-07,通用电源管理,TMI3257N,10035.32,268842.745,405265.6380032084
2026-08,通用电源管理,TMI3257N,101972.54,255758.79333333333,264168.18104809726
2025-08,通用电源管理,TMI3257N(NCH),79645.68,86389.63666666667,52366.92484245019
2025-09,通用电源管理,TMI3257N(NCH),186336.61,95969.03166666666,56874.2457200099
2025-10,通用电源管理,TMI3257N(NCH),199138.57,110418.22000000002,115573.44727984972
2025-11,通用电源管理,TMI3257N(NCH),60815.04,104378.175,150489.28241276863
2025-12,通用电源管理,TMI3257N(NCH),60711.229999999996,102876.55166666668,144683.7686245263
2026-01,通用电源管理,TMI3257N(NCH),519694.33,112929.38166666667,105581.67937180224
2026-02,通用电源管理,TMI3257N(NCH),70088.41,184390.24333333332,191616.0721042401
2026-03,通用电源管理,TMI3257N(NCH),78998.84,182797.365,198583.09855645857
2026-04,通用电源管理,TMI3257N(NCH),0.0,164907.73666666666,208972.329806173
2026-05,通用电源管理,TMI3257N(NCH),35427.420000000006,131717.975,52084.53270279908
2026-06,通用电源管理,TMI3257N(NCH),128957.06,127486.70500000002,38883.810306583255
2026-07,通用电源管理,TMI3257N(NCH),292018.45999999996,138861.01,54099.52251410926
2026-08,通用电源管理,TMI3257N(NCH),58267.64,100915.03166666666,150109.1494937451
2025-01,通用电源管理,TMI3258,166545.66,322939.88,265542.4307374176
2025-02,通用电源管理,TMI3258,173529.53,281826.0966666666,214323.91917735155
2025-03,通用电源管理,TMI3258,52776.5,260176.50166666668,184042.66227943508
2025-04,通用电源管理,TMI3258,210877.5,190375.53166666665,137368.29206911268
2025-05,通用电源管理,TMI3258,326924.05,174845.5816666667,151301.38871221247
2025-06,通用电源管理,TMI3258,427091.27,184938.13166666668,190995.09917968785
2025-07,通用电源管理,TMI3258,193427.66,226290.75166666668,307823.52967526094
2025-08,通用电源管理,TMI3258,240488.3,230771.085,307882.2996781226
2025-09,通用电源管理,TMI3258,399216.3,241930.88,286420.99437813635
2025-10,通用电源管理,TMI3258,137368.54,299670.8466666667,269781.11049183784
2025-11,通用电源管理,TMI3258,173162.55,287419.35333333333,251421.05907878847
2025-12,通用电源管理,TMI3258,143678.62,261792.43666666668,230094.50477454206
2026-01,通用电源管理,TMI3258,346831.42,214556.99500000002,149552.485918878
2026-02,通用电源管理,TMI3258,161840.14,240124.28833333333,198325.40448489608
2026-03,通用电源管理,TMI3258,227372.93,227016.26166666663,199149.76319959346
2026-04,通用电源管理,TMI3258,183065.55,198375.69999999998,229989.7851796343
2026-05,通用电源管理,TMI3258,212388.45,205991.86833333332,199928.99794249827
2026-06,通用电源管理,TMI3258,183695.2,212529.5183333333,211646.209532249
2026-07,通用电源管理,TMI3258,80033.22,219198.94833333333,190600.08088615397
2026-08,通用电源管理,TMI3258,180186.81,174732.58166666667,156592.98429436938
2026-05,通用电源管理,TMI3258N,600337.58,112007.91166666667,189256.2824217542
2026-06,通用电源管理,TMI3258N,15929.189999999999,208619.58333333334,360853.7711695422
2026-07,通用电源管理,TMI3258N,0.0,203707.215,317220.8836646168
2026-08,通用电源管理,TMI3258N,2946.89,192999.285,202687.74058720443
2026-07,通用电源管理,TMI3258N(NCH),44254.439999999995,41663.76499999999,52312.437363642406
2026-08,通用电源管理,TMI3258N(NCH),28033.66,38823.84666666667,66834.5697625843
2025-01,通用电源管理,TMI3259,3628.32,346369.0983333333,367321.9016685921
2025-02,通用电源管理,TMI3259,5044.25,309476.54833333334,302062.9654047031
2025-03,通用电源管理,TMI3259,5309.73,241531.49833333332,149506.41540366795
2025-04,通用电源管理,TMI3259,6403.64,175103.515,4889.185204212699
2025-05,通用电源管理,TMI3259,7583.509999999999,146523.43,5799.512112250765
2025-06,通用电源管理,TMI3259,1946.9,73490.99,6240.68149748968
2025-07,通用电源管理,TMI3259,18076.32,4986.058333333333,5083.3371451785615
2025-08,通用电源管理,TMI3259,4173.94,7394.058333333333,8971.11878858717
2025-09,通用电源管理,TMI3259,9115.04,7249.006666666667,8049.38029187846
2025-10,通用电源管理,TMI3259,13185.83,7883.224999999999,10156.5692161646
2025-11,通用电源管理,TMI3259,1769.91,9013.59,8565.892226193406
2025-12,通用电源管理,TMI3259,5507.88,8044.656666666667,7803.55698615102
2026-01,通用电源管理,TMI3259,5879.58,8638.153333333334,6737.824345277141
2026-02,通用电源管理,TMI3259,5315.04,6605.363333333334,3931.8193436426795
2026-03,通用电源管理,TMI3259,0.0,6795.546666666668,5098.946887454235
2026-04,通用电源管理,TMI3259,141.5,5276.373333333333,3497.951936258143
2026-05,通用电源管理,TMI3259,4690.26,3102.318333333333,1906.275258777201
2026-06,通用电源管理,TMI3259,3407.08,3589.0433333333335,1641.906667988071
2026-07,通用电源管理,TMI3259,0.0,3238.91,2711.431821727598
2026-08,通用电源管理,TMI3259,18876.57,2258.98,2663.183590714122
2025-01,通用电源管理,TMI3273T,77907.25,117228.63666666666,102914.48715240405
2025-02,通用电源管理,TMI3273T,65465.57,112882.36499999999,96553.51859582835
2025-03,通用电源管理,TMI3273T,59271.25,93436.74166666665,78505.69767427171
2025-04,通用电源管理,TMI3273T,101325.82,82180.75833333333,70858.47026350762
2025-05,通用电源管理,TMI3273T,72731.45,83620.12666666666,78236.23037205669
2025-06,通用电源管理,TMI3273T,59840.36,75789.35,75459.29588620807
2025-07,通用电源管理,TMI3273T,53264.01,72756.95,74618.85150029222
2025-08,通用电源管理,TMI3273T,43086.29,68649.74333333333,60389.44910876817
2025-09,通用电源管理,TMI3273T,47512.46,64919.863333333335,51958.08187322353
2025-10,通用电源管理,TMI3273T,24955.96,62960.065,46584.98657970674
2025-11,通用电源管理,TMI3273T,29348.82,50231.755000000005,37387.58435241021
2025-12,通用电源管理,TMI3273T,34594.020000000004,43001.316666666666,33008.34599097391
2026-01,通用电源管理,TMI3273T,29254.47,38793.59333333333,29270.700829370544
2026-02,通用电源管理,TMI3273T,25977.86,34792.003333333334,27850.169618507603
2026-03,通用电源管理,TMI3273T,21553.57,31940.59833333334,27422.22947126926
2026-04,通用电源管理,TMI3273T,26583.17,27614.11666666667,23993.07770896414
2026-05,通用电源管理,TMI3273T,13653.98,27885.31833333333,25892.38387222833
2026-06,通用电源管理,TMI3273T,15597.35,25269.511666666673,20997.440929968347
2026-07,通用电源管理,TMI3273T,16242.500000000002,22103.399999999998,18375.334397833863
2026-08,通用电源管理,TMI3273T,11632.03,19934.738333333335,14962.743510182092
2025-01,通用电源管理,TMI3281,140617.4,261991.97166666668,333668.3672174924
2025-02,通用电源管理,TMI3281,284258.12,271242.39999999997,315831.53291436867
2025-03,通用电源管理,TMI3281,207123.42,270314.75,256241.73164754122
2025-04,通用电源管理,TMI3281,196539.16,262277.04833333334,220990.81456742526
2025-05,通用电源管理,TMI3281,163625.97,264935.435,238077.0319363982
2025-06,通用电源管理,TMI3281,172791.89,214993.40833333333,183463.18978626333
2025-07,通用电源管理,TMI3281,410235.08999999997,194159.32666666666,170025.8387886114
2025-08,通用电源管理,TMI3281,464499.47,239095.6083333333,242633.3110911374
2025-09,通用电源管理,TMI3281,294238.0,269135.8333333333,348468.11616947636
2025-10,通用电源管理,TMI3281,279257.5,283654.93,378531.39352842554
2025-11,通用电源管理,TMI3281,380539.61,297441.32,335841.99638640875
2025-12,通用电源管理,TMI3281,441454.13,333593.5933333333,309290.6564587378
2026-01,通用电源管理,TMI3281,510529.49,378370.6333333333,362596.52080808
2026-02,通用电源管理,TMI3281,262778.03,395086.3666666667,398198.16662199394
2026-03,通用电源管理,TMI3281,426051.67,361466.12666666665,370842.99561540317
2026-04,通用电源管理,TMI3281,373352.75,383435.0716666667,374760.44751224236
2026-05,通用电源管理,TMI3281,193974.63,399117.6133333333,371079.8646655851
2026-06,通用电源管理,TMI3281,207020.7,368023.44999999995,337565.54258379043
2026-07,通用电源管理,TMI3281,241247.34,328951.2116666666,254840.73306505138
2026-08,通用电源管理,TMI3281,217751.57,284070.85333333333,211231.1129334356
2025-03,通用电源管理,TMI3282,47601.69,53946.975000000006,24498.637145429962
2025-04,通用电源管理,TMI3282,24955.690000000002,51052.99833333333,40804.53975126489
2025-05,通用电源管理,TMI3282,91393.83,43411.43,34891.44925878406
2025-06,通用电源管理,TMI3282,15530.99,38840.68,53022.4203466076
2025-07,通用电源管理,TMI3282,82831.86,41429.17833333334,42072.988048116626
2025-08,通用电源管理,TMI3282,54225.630000000005,48429.18333333333,61663.57685998751
2025-09,通用电源管理,TMI3282,63517.67999999999,52756.615,50759.787664324685
2025-10,通用电源管理,TMI3282,57743.36,55409.28,64949.34201646345
2025-11,通用电源管理,TMI3282,73086.78,60873.89166666666,56778.49632739829
2025-12,通用电源管理,TMI3282,151075.17,57822.716666666674,63006.03007065915
2026-01,通用电源管理,TMI3282,111238.93000000001,80413.41333333333,92819.76799710412
2026-02,通用电源管理,TMI3282,61261.03,85147.925,100227.90784623199
2026-03,通用电源管理,TMI3282,96703.52,86320.49166666665,98781.16461434515
2026-04,通用电源管理,TMI3282,73473.43999999999,91851.46500000001,84117.26651850893
2026-05,通用电源管理,TMI3282,60544.229999999996,94473.145,80854.26190921816
2026-06,通用电源管理,TMI3282,49314.15,92382.72000000002,78402.62353824334
2026-07,通用电源管理,TMI3282,8623.0,75422.55,60335.16012973137
2026-08,通用电源管理,TMI3282,41283.15,58319.895,38968.0644534087
2025-01,通用电源管理,TMI3286B,60707.2,78975.54166666667,86459.09235589656
2025-02,通用电源管理,TMI3286B,51843.17,74665.69166666667,78657.41238083174
2025-03,通用电源管理,TMI3286B,138522.49,74955.09166666666,61395.1014823196
2025-04,通用电源管理,TMI3286B,84213.69,82512.28166666666,87792.5457393538
2025-05,通用电源管理,TMI3286B,35017.659999999996,83190.74833333334,95026.99465072856
2025-06,通用电源管理,TMI3286B,84361.95,71817.47499999999,83358.53361760633
2025-07,通用电源管理,TMI3286B,71007.65999999999,75777.69333333333,64951.056661644856
2025-08,通用电源管理,TMI3286B,57607.32,77494.43666666666,61868.49420430518
2025-09,通用电源管理,TMI3286B,45918.59,78455.12833333333,70848.49225970231
2025-10,通用电源管理,TMI3286B,42784.87,63021.145,56516.6691933222
2025-11,通用电源管理,TMI3286B,64139.32,56116.34166666665,47338.67298803254
2025-12,通用电源管理,TMI3286B,97608.65,60969.95166666667,49550.42352810101
2026-01,通用电源管理,TMI3286B,111457.34,63177.734999999986,67344.21127643468
2026-02,通用电源管理,TMI3286B,31527.34,69919.34833333333,81641.99400365687
2026-03,通用电源管理,TMI3286B,54182.0,65572.68500000001,73448.44251733272
2026-04,通用电源管理,TMI3286B,123663.37,66949.92,61608.12694594276
2026-05,通用电源管理,TMI3286B,142357.77,80429.67,73145.6228555337
2026-06,通用电源管理,TMI3286B,55480.08,93466.07833333332,108809.97207574836
2026-07,通用电源管理,TMI3286B,47191.659999999996,86444.65,105807.20570277433
2026-08,通用电源管理,TMI3286B,99312.7,75733.70333333332,80589.251565665
2025-01,通用电源管理,TMI3331,364097.79000000004,309405.8133333333,379543.8166048268
2025-02,通用电源管理,TMI3331,228898.74,335745.0683333333,349267.02271640167
2025-03,通用电源管理,TMI3331,55825.07,343858.08999999997,264050.756515805
2025-04,通用电源管理,TMI3331,55433.5,286658.75166666665,226873.18730778273
2025-05,通用电源管理,TMI3331,31858.32,222884.465,117722.35194589915
2025-06,通用电源管理,TMI3331,23893.739999999998,147968.72999999998,46284.5251357352
2025-07,通用电源管理,TMI3331,94970.18,126667.85999999999,35470.811699190075
2025-08,通用电源管理,TMI3331,105320.45999999999,81813.25833333333,48978.89460729121
2025-09,通用电源管理,TMI3331,120813.97,61216.878333333334,74576.74082904735
2025-10,通用电源管理,TMI3331,184619.71,72048.36166666665,103978.63872159805
2025-11,通用电源管理,TMI3331,91433.43,93579.39666666667,132898.9969976275
2025-12,通用电源管理,TMI3331,70380.45,103508.58166666667,128661.1862521308
2026-01,通用电源管理,TMI3331,107362.55,111256.36666666665,114066.2637756057
2026-02,通用电源管理,TMI3331,101946.72,113321.76166666667,80438.04303798401
2026-03,通用电源管理,TMI3331,97417.58,112759.47166666666,85383.80645094726
2026-04,通用电源管理,TMI3331,9557.49,108860.07333333332,95842.09011649
2026-05,通用电源管理,TMI3331,133824.59999999998,79683.03666666667,72988.09122565693
2026-06,通用电源管理,TMI3331,109130.53,86748.23166666666,81827.44669071457
2026-07,通用电源管理,TMI3331,58547.36,93206.57833333332,83102.80977125524
2026-08,通用电源管理,TMI3331,57345.020000000004,85070.71333333332,99162.99475228268
2025-01,通用电源管理,TMI3341,5946.88,79948.36333333333,88092.95458269294
2025-02,通用电源管理,TMI3341,115911.36,57815.27166666667,61914.36955686421
2025-03,通用电源管理,TMI3341,132700.69,72960.63833333334,84660.2591968088
2025-04,通用电源管理,TMI3341,41084.02,83861.795,89011.51843088878
2025-05,通用电源管理,TMI3341,93743.2,77743.36666666667,100258.62066549102
2025-06,通用电源管理,TMI3341,43672.48,84382.17333333334,86519.5035673686
2025-07,通用电源管理,TMI3341,22768.329999999998,72176.43833333334,56945.60738878249
2025-08,通用电源管理,TMI3341,123304.58,74980.01333333334,52053.60365904382
2025-09,通用电源管理,TMI3341,70804.7,76212.21666666666,63120.333243272864
2025-10,通用电源管理,TMI3341,115327.16,65896.21833333334,70228.32421183128
2025-11,通用电源管理,TMI3341,133167.91,78270.075,100117.77972710521
2025-12,通用电源管理,TMI3341,273583.36,84840.86,103514.46653826398
2026-01,通用电源管理,TMI3341,163624.68,123159.34000000001,171898.85053563683
2026-02,通用电源管理,TMI3341,127141.36,146635.39833333332,170445.55206386762
2026-03,通用电源管理,TMI3341,244074.84999999998,147274.86166666666,172284.84457815686
2026-04,通用电源管理,TMI3341,413625.9,176153.21999999997,167120.2530113151
2026-05,通用电源管理,TMI3341,235325.04,225869.67666666667,274189.339093912
2026-06,通用电源管理,TMI3341,199001.5,242895.865,303463.95501562883
2026-07,通用电源管理,TMI3341,141751.76,230465.55499999996,279064.19218331244
2026-08,通用电源管理,TMI3341,391070.55,226820.06833333333,189469.90931916994
2025-01,通用电源管理,TMI3342,36304.7,104969.81333333331,105712.05291316225
2025-02,通用电源管理,TMI3342,116533.56,94027.26833333333,87022.85493573254
2025-03,通用电源管理,TMI3342,99716.57999999999,95489.38,83207.46065204436
2025-04,通用电源管理,TMI3342,143987.61000000002,91815.08,88310.74908851231
2025-05,通用电源管理,TMI3342,120744.78,101447.67333333332,124671.83254035855
2025-06,通用电源管理,TMI3342,121808.23999999999,99852.80166666668,117864.1284942525
2025-07,通用电源管理,TMI3342,100525.06999999999,106515.91166666667,123315.56274768326
2025-08,通用电源管理,TMI3342,115368.79000000001,117219.30666666666,111487.10112177717
2025-09,通用电源管理,TMI3342,167245.69999999998,117025.17833333333,112339.32528718119
2025-10,通用电源管理,TMI3342,105859.81999999999,128280.03166666666,124066.51492543827
2025-11,通用电源管理,TMI3342,233378.01,121925.39999999998,125690.38539293945
2025-12,通用电源管理,TMI3342,311718.74,140697.60499999998,164197.9648728429
2026-01,通用电源管理,TMI3342,187712.22,172349.35499999998,214333.0957603838
2026-02,通用电源管理,TMI3342,158979.52000000002,186880.54666666666,218985.4418809282
2026-03,通用电源管理,TMI3342,254234.7,194149.00166666668,200999.8543728932
2026-04,通用电源管理,TMI3342,374223.41000000003,208647.16833333333,187769.82196329243
2026-05,通用电源管理,TMI3342,433220.1,253374.43333333335,275096.0997077188
2026-06,通用电源管理,TMI3342,170964.95,286681.4483333333,360774.65193979815
2026-07,通用电源管理,TMI3342,145359.48,263222.48333333334,321997.7367070478
2026-08,通用电源管理,TMI3342,298442.58,256163.69333333333,246522.27679775446
2025-10,通用电源管理,TMI3342B,32495.510000000002,56166.543333333335,63741.33223210423
2025-11,通用电源管理,TMI3342B,3296.4500000000003,51069.204999999994,57810.846625097794
2025-12,通用电源管理,TMI3342B,65362.64,48611.24833333333,24221.122059134002
2026-01,通用电源管理,TMI3342B,137415.52000000002,49666.536666666674,33306.0292615271
2026-02,通用电源管理,TMI3342B,110720.93,64125.33166666667,61581.31433801902
2026-03,通用电源管理,TMI3342B,158511.12,64701.89000000001,95705.14648557015
2026-04,通用电源管理,TMI3342B,174621.89,84633.695,127064.0410175753
2026-05,通用电源管理,TMI3342B,174408.42,108321.425,155063.05906907681
2026-06,通用电源管理,TMI3342B,158704.88,136840.0866666667,172470.41620386794
2026-07,通用电源管理,TMI3342B,240561.5,152397.12666666668,167097.47381632708
2026-08,通用电源管理,TMI3342B,388578.60000000003,169588.12333333332,188679.40752965864
2025-07,通用电源管理,TMI3342C,437386.57,94110.73333333334,152716.24004734177
2025-08,通用电源管理,TMI3342C,74099.97,159116.48500000002,291299.5214391645
2025-09,通用电源管理,TMI3342C,141642.44,171466.48,290127.77319631894
2025-10,通用电源管理,TMI3342C,2623.01,188637.99,211493.26460939267
2025-11,通用电源管理,TMI3342C,368532.62,185796.39833333332,70651.86317285971
2025-12,通用电源管理,TMI3342C,182813.91,230824.70166666666,166245.08892662637
2026-01,通用电源管理,TMI3342C,342849.08999999997,201183.08666666667,182399.27506247576
2026-02,通用电源管理,TMI3342C,0.0,185426.84,267212.64475473133
2026-03,通用电源管理,TMI3342C,0.0,173076.845,160474.64258044338
2026-04,通用电源管理,TMI3342C,397167.6,149469.77166666667,107129.10650025122
2026-05,通用电源管理,TMI3342C,163539.59999999998,215227.20333333334,138752.9037573114
2026-06,通用电源管理,TMI3342C,163539.59999999998,181061.69999999998,190536.9659231669
2026-07,通用电源管理,TMI3342C,376141.08,177849.31499999997,238352.22195168046
2026-08,通用电源管理,TMI3342C,607432.8,183397.97999999998,231286.4113836631
2025-01,通用电源管理,TMI33431,0.0,117061.74166666665,33132.25876549397
2025-02,通用电源管理,TMI33431,26814.11,55557.42833333332,24940.109268909382
2025-03,通用电源管理,TMI33431,24159.26,20053.071666666667,29247.721765991948
2025-04,通用电源管理,TMI33431,10353.98,24079.615,17823.837738630948
2025-05,通用电源管理,TMI33431,49035.33,22088.466666666664,21224.297312938346
2025-06,通用电源管理,TMI33431,66371.61,27672.52666666666,27019.91280148508
2025-07,通用电源管理,TMI33431,187088.13,29455.714999999997,40120.694741627485
2025-08,通用电源管理,TMI33431,313499.38,60637.07,98299.19030366838
2025-09,通用电源管理,TMI33431,3982.3,108417.94833333332,188603.52069535246
2025-10,通用电源管理,TMI33431,19513.27,105055.12166666666,163387.50783993842
2025-11,通用电源管理,TMI33431,25194.67,106581.67,109034.30175594974
2025-12,通用电源管理,TMI33431,24822.97,102608.22666666668,15784.991699868879
2026-01,通用电源管理,TMI33431,99928.99,95683.45333333332,22893.65508875135
2026-02,通用电源管理,TMI33431,52486.630000000005,81156.93,44808.579552602976
2026-03,通用电源管理,TMI33431,35230.02,37654.805,54107.47833062581
2026-04,通用电源管理,TMI33431,54955.65,42862.75833333334,58633.11392154432
2026-05,通用电源管理,TMI33431,43645.96,48769.82166666666,49843.43111254357
2026-06,通用电源管理,TMI33431,46300.81,51845.036666666674,45478.05472223628
2026-07,通用电源管理,TMI33431,56628.21,55424.676666666666,47687.90662682337
2026-08,通用电源管理,TMI33431,29853.95,48207.88,48207.94008220608
2025-01,通用电源管理,TMI33431E,358990.77,382388.6466666667,448215.13093221735
2025-02,通用电源管理,TMI33431E,459453.45,384607.6366666667,455404.1370888555
2025-03,通用电源管理,TMI33431E,514818.74,380990.78833333333,458702.45881407446
2025-04,通用电源管理,TMI33431E,209030.68,433032.4766666666,466201.52173511
2025-05,通用电源管理,TMI33431E,324410.93,413911.9033333334,409519.92747335794
2025-06,通用电源管理,TMI33431E,374415.3,390321.16333333333,339011.22724487353
2025-07,通用电源管理,TMI33431E,389822.54,373519.9783333333,289627.73137463664
2025-08,通用电源管理,TMI33431E,377128.55,378658.60666666663,353768.71634993755
2025-09,通用电源管理,TMI33431E,124789.31,364937.79,379684.7285168368
2025-10,通用电源管理,TMI33431E,148797.21,299932.885,288759.3326207722
2025-11,通用电源管理,TMI33431E,101176.93000000001,289893.9733333333,210538.06088050856
2025-12,通用电源管理,TMI33431E,220093.61,252688.30666666664,121495.35405174068
2026-01,通用电源管理,TMI33431E,301029.71,226968.025,154773.88310961841
2026-02,通用电源管理,TMI33431E,183822.83000000002,212169.22,185962.10036684197
2026-03,通用电源管理,TMI33431E,256606.72,179951.6,215206.28512889368
2026-04,通用电源管理,TMI33431E,397804.93,201921.16833333333,231681.7233790455
2026-05,通用电源管理,TMI33431E,234185.56,243422.455,292842.28655484476
2026-06,通用电源管理,TMI33431E,146548.46,265590.56,301959.0551382097
2026-07,通用电源管理,TMI33431E,198394.42,253333.035,256219.96342742318
2026-08,通用电源管理,TMI33431E,243318.40000000002,236227.15333333332,190473.08848632616
2025-01,通用电源管理,TMI3343B,84429.45999999999,81588.56666666667,81654.76473675673
2025-02,通用电源管理,TMI3343B,52964.54,86875.49166666665,79043.79371397816
2025-03,通用电源管理,TMI3343B,90949.31999999999,81996.29166666666,61518.89796338857
2025-04,通用电源管理,TMI3343B,37115.0,76464.26666666666,79844.71665068022
2025-05,通用电源管理,TMI3343B,33451.29,67782.85166666667,62650.845778633724
2025-06,通用电源管理,TMI3343B,38230.03999999999,55835.95999999999,52234.738407595374
2025-07,通用电源管理,TMI3343B,4465.75,56189.94166666666,34708.59107057557
2025-08,通用电源管理,TMI3343B,35707.92,42862.65666666667,24744.853884688633
2025-09,通用电源管理,TMI3343B,106725.58,39986.55333333332,26081.62602901143
2025-10,通用电源管理,TMI3343B,15663.7,42615.93,47568.249002166966
2025-11,通用电源管理,TMI3343B,25168.12,39040.71333333333,51152.154688284616
2025-12,通用电源管理,TMI3343B,24955.73,37660.185,47836.94502746818
2026-01,通用电源管理,TMI3343B,61858.34,35447.8,21661.12134637651
2026-02,通用电源管理,TMI3343B,0.0,45013.23166666667,33463.65883040987
2026-03,通用电源管理,TMI3343B,92713.07999999999,39061.91166666667,26502.63924644419
2026-04,通用电源管理,TMI3343B,91655.24,36726.494999999995,48298.503913412926
2026-05,通用电源管理,TMI3343B,29203.5,49391.75166666667,64410.187942967124
2026-06,通用电源管理,TMI3343B,75929.09999999999,50064.314999999995,72575.00276345432
2026-07,通用电源管理,TMI3343B,114390.11,58559.876666666656,64763.58461932008
2026-08,通用电源管理,TMI3343B,54690.19,67315.17166666666,72200.16438251264
2025-01,通用电源管理,TMI3344,105053.05,116085.28500000002,125652.4211542365
2025-02,通用电源管理,TMI3344,99876.04,127203.25166666669,113141.8771867238
2025-03,通用电源管理,TMI3344,150371.6,134583.91333333336,103915.6576120309
2025-04,通用电源管理,TMI3344,148327.3,118318.51833333333,124237.84903732313
2025-05,通用电源管理,TMI3344,131525.58,120265.40833333333,137939.64728700268
2025-06,通用电源管理,TMI3344,117583.75,120549.185,139136.1687538669
2025-07,通用电源管理,TMI3344,189504.28,125456.21999999999,126791.64331313057
2025-08,通用电源管理,TMI3344,64274.3,139531.42500000002,142532.44761697762
2025-09,通用电源管理,TMI3344,83787.54,133597.80166666667,123536.67208251156
2025-10,通用电源管理,TMI3344,94114.97,122500.45833333336,109309.13024304327
2025-11,通用电源管理,TMI3344,111982.2,113465.06999999999,78356.00913257989
2025-12,通用电源管理,TMI3344,108716.69,110207.83999999998,93978.33613613114
2026-01,通用电源管理,TMI3344,228300.3,108729.99666666666,103655.19346717099
2026-02,通用电源管理,TMI3344,82752.09999999999,115196.0,134174.51211920733
2026-03,通用电源管理,TMI3344,136539.68,118275.63333333332,128147.30099715592
2026-04,通用电源管理,TMI3344,250380.22,127067.65666666666,139857.85876517554
2026-05,通用电源管理,TMI3344,248920.08,153111.865,164082.75451850542
2026-06,通用电源管理,TMI3344,127805.16,175934.845,216068.2448911787
2026-07,通用电源管理,TMI3344,201989.22,179116.25666666662,206382.65821682703
2026-08,通用电源管理,TMI3344,170150.32,174731.07666666666,190336.93207658123
2025-01,通用电源管理,TMI3359,147987.22999999998,120674.27500000001,139022.32821822568
2025-02,通用电源管理,TMI3359,160491.78,136728.19833333333,152190.8473690316
2025-03,通用电源管理,TMI3359,38511.45,137711.06666666668,151937.95572142975
2025-04,通用电源管理,TMI3359,83506.05,123222.135,121332.0142633872
2025-05,通用电源管理,TMI3359,80261.72,119501.78666666667,97771.40137938697
2025-06,通用电源管理,TMI3359,112239.34,105130.98166666667,65417.83882060958
2025-07,通用电源管理,TMI3359,96890.37,103832.92833333333,88052.76716191959
2025-08,通用电源管理,TMI3359,155709.49,95316.78499999999,94041.01445296523
2025-09,通用电源管理,TMI3359,71097.26000000001,94519.73666666665,121366.70031461146
2025-10,通用电源管理,TMI3359,266574.76,99950.705,104818.13355374054
2025-11,通用电源管理,TMI3359,61890.200000000004,130462.15666666666,159632.9809753711
2025-12,通用电源管理,TMI3359,125240.54,127400.23666666665,129534.91965291572
2026-01,通用电源管理,TMI3359,163220.91999999998,129567.10333333333,149386.4704038747
2026-02,通用电源管理,TMI3359,90729.97,140622.19499999998,104695.65223637577
2026-03,通用电源管理,TMI3359,157844.88999999998,129792.27499999998,115759.73427617544
2026-04,通用电源管理,TMI3359,273299.61,144250.21333333332,128672.68795134916
2026-05,通用电源管理,TMI3359,189663.3,145371.02166666667,182320.00321604253
2026-06,通用电源管理,TMI3359,126721.87,166666.53833333333,210960.07797552133
2026-07,通用电源管理,TMI3359,96238.84,166913.42666666667,194067.3780872596
2026-08,通用电源管理,TMI3359,54796.35,155749.74666666667,135710.4299148436
2025-01,通用电源管理,TMI3408,262795.74,332195.5383333334,335645.80749572837
2025-02,通用电源管理,TMI3408,176419.54,315860.8766666667,334264.0952021115
2025-03,通用电源管理,TMI3408,250051.29,298510.1866666667,273036.8088537592
2025-04,通用电源管理,TMI3408,343179.96,272751.76,241015.56366280493
2025-05,通用电源管理,TMI3408,297371.56,287327.875,266362.35210061877
2025-06,通用电源管理,TMI3408,167530.68,276773.5716666667,288024.20277160435
2025-07,通用电源管理,TMI3408,257100.13,249558.12833333333,257797.24951394097
2025-08,通用电源管理,TMI3408,247412.17,248608.86000000002,234622.8266408758
2025-09,通用电源管理,TMI3408,250176.69,260440.965,223560.51365148928
2025-10,通用电源管理,TMI3408,314921.0,260461.865,244379.96651115574
2025-11,通用电源管理,TMI3408,239205.75,255752.03833333333,262886.5662673119
2025-12,通用电源管理,TMI3408,322344.98,246057.73666666666,260748.83024967604
2026-01,通用电源管理,TMI3408,437132.99,271860.12,288585.917855256
2026-02,通用电源管理,TMI3408,213383.05000000002,301865.5966666666,298436.8432655637
2026-03,通用电源管理,TMI3408,328154.7,296194.07666666666,296995.45995237556
2026-04,通用电源管理,TMI3408,200953.39,309190.4116666667,305802.5381783562
2026-05,通用电源管理,TMI3408,273301.41000000003,290195.81,259393.7715188158
2026-06,通用电源管理,TMI3408,162985.83,295878.42,272671.14022777916
2026-07,通用电源管理,TMI3408,261544.96,269318.5616666667,209718.17904944654
2026-08,通用电源管理,TMI3408,119765.04000000001,240053.89,229514.29285567056
2025-02,通用电源管理,TMI3408      CVT,0.0,22964.684999999998,21773.99671535558
2025-03,通用电源管理,TMI3408      CVT,597.35,16599.661666666663,14303.854744635586
2025-04,通用电源管理,TMI3408      CVT,6929.23,13699.241666666667,5347.210415751154
2025-05,通用电源管理,TMI3408      CVT,20429.29,11615.141666666668,2604.814518638349
2025-06,通用电源管理,TMI3408      CVT,38708.05,11382.776666666667,9041.030501056483
2025-07,通用电源管理,TMI3408      CVT,59854.11,13559.791666666666,21076.791483366727
2025-08,通用电源管理,TMI3408      CVT,85181.59,21086.338333333337,38667.61593192062
2025-09,通用电源管理,TMI3408      CVT,82433.84,35283.27,61123.839326840134
2025-10,通用电源管理,TMI3408      CVT,74309.79000000001,48922.685,73658.15495401357
2025-11,通用电源管理,TMI3408      CVT,69599.99,60152.77833333334,78274.60749739582
2025-12,通用电源管理,TMI3408      CVT,109250.23999999999,68347.895,73378.8160218203
2026-01,通用电源管理,TMI3408      CVT,94980.4,80104.92666666667,83355.13198578004
2026-02,通用电源管理,TMI3408      CVT,128657.26,85959.30833333333,81828.85849648232
2026-03,通用电源管理,TMI3408      CVT,72947.65,93205.25333333334,101624.17132621924
2026-04,通用电源管理,TMI3408      CVT,31622.09,91624.22166666668,92673.19117399442
2026-05,通用电源管理,TMI3408      CVT,49773.44,84509.60500000001,81479.26337547791
2026-06,通用电源管理,TMI3408      CVT,60732.74,81205.18,52448.19618534097
2026-07,通用电源管理,TMI3408      CVT,85733.6,73118.93,46774.923902526556
2026-08,通用电源管理,TMI3408      CVT,93496.45,71577.79666666665,64542.49938144494
2025-01,通用电源管理,TMI3408C,374760.92000000004,378916.79833333334,411774.9620889093
2025-02,通用电源管理,TMI3408C,250923.68000000002,355865.50333333336,428601.3896518642
2025-03,通用电源管理,TMI3408C,321722.77,347384.0833333334,394645.03802084265
2025-04,通用电源管理,TMI3408C,445553.74,351583.2533333334,331279.5531326082
2025-05,通用电源管理,TMI3408C,378218.2,373641.25,352380.8473160885
2025-06,通用电源管理,TMI3408C,275926.43,376416.9766666666,370457.1745364694
2025-07,通用电源管理,TMI3408C,384597.68,341184.29,350829.67435857904
2025-08,通用电源管理,TMI3408C,414488.11,342823.75,337551.0483762995
2025-09,通用电源管理,TMI3408C,495305.11,370084.4883333333,357611.479082525
2025-10,通用电源管理,TMI3408C,511569.2,399014.87833333324,419143.7916622379
2025-11,通用电源管理,TMI3408C,418413.43,410017.455,459880.0635049485
2025-12,通用电源管理,TMI3408C,724905.73,416716.66,462067.04148151405
2026-01,通用电源管理,TMI3408C,975809.99,491546.5433333333,544886.3437028133
2026-02,通用电源管理,TMI3408C,231116.97,590081.9283333333,633259.7611564522
2026-03,通用电源管理,TMI3408C,667819.11,559520.0716666667,589750.7727440709
2026-04,通用电源管理,TMI3408C,1249619.91,588272.4049999999,585796.7171327695
2026-05,通用电源管理,TMI3408C,251550.1,711280.8566666666,750611.0329686129
2026-06,通用电源管理,TMI3408C,666965.0700000001,683470.3016666666,737056.0000748336
2026-07,通用电源管理,TMI3408C,955902.42,673813.5249999999,713541.0385097794
2026-08,通用电源管理,TMI3408C,332730.42,670495.5966666667,616488.6453864988
2025-01,通用电源管理,TMI3408D,127751.92,55156.39666666666,78651.26758345173
2025-02,通用电源管理,TMI3408D,27568.82,70304.39166666666,106000.10453456502
2025-03,通用电源管理,TMI3408D,32611.64,68058.10166666667,89074.48983102746
2025-04,通用电源管理,TMI3408D,20525.469999999998,68316.38833333334,65714.23955203927
2025-05,通用电源管理,TMI3408D,110123.35,63888.97333333333,27930.876733418136
2025-06,通用电源管理,TMI3408D,93411.26000000001,69079.15499999998,52799.02927279717
2025-07,通用电源管理,TMI3408D,41216.75,68665.41,71480.44140790822
2025-08,通用电源管理,TMI3408D,44123.84,54242.881666666675,79534.71940458947
2025-09,通用电源管理,TMI3408D,71627.6,57002.05166666667,59463.24355944313
2025-10,通用电源管理,TMI3408D,79789.36,63504.71166666667,50828.72749411215
2025-11,通用电源管理,TMI3408D,56903.37,73382.02666666667,63266.98543346069
2025-12,通用电源管理,TMI3408D,33862.79,64512.03,67535.80758615989
2026-01,通用电源管理,TMI3408D,102351.28,54587.284999999996,56156.88401550668
2026-02,通用电源管理,TMI3408D,76566.73,64776.37333333333,57709.320797906774
2026-03,通用电源管理,TMI3408D,118552.93,70183.52166666667,64957.82055800163
2026-04,通用电源管理,TMI3408D,157672.17,78004.41,92949.92152958564
2026-05,通用电源管理,TMI3408D,136334.9,90984.87833333334,123249.96005302486
2026-06,通用电源管理,TMI3408D,225911.55,104223.46666666667,140194.25943034393
2026-07,通用电源管理,TMI3408D,94868.11,136231.59333333335,171107.08436827254
2026-08,通用电源管理,TMI3408D,49309.58,134984.39833333335,150343.19854032385
2025-01,通用电源管理,TMI3408F,254211.3,428779.1766666667,413856.05016664247
2025-02,通用电源管理,TMI3408F,218063.94,386709.2933333333,435653.2701760043
2025-03,通用电源管理,TMI3408F,411021.84,349367.9633333333,339073.1082770999
2025-04,通用电源管理,TMI3408F,575647.73,341877.0633333333,308862.1338735603
2025-05,通用电源管理,TMI3408F,527643.48,408085.63000000006,416936.68810245005
2025-06,通用电源管理,TMI3408F,494218.62,411765.355,489734.37325319764
2025-07,通用电源管理,TMI3408F,510360.33,413467.81833333336,509643.2519432843
2025-08,通用电源管理,TMI3408F,665997.53,456159.3233333333,497912.9882484339
2025-09,通用电源管理,TMI3408F,558033.3200000001,530814.9216666667,555730.7301430288
2025-10,通用电源管理,TMI3408F,754389.41,555316.8350000001,561622.687096103
2025-11,通用电源管理,TMI3408F,419953.16000000003,585107.1150000001,640115.4427653131
2025-12,通用电源管理,TMI3408F,560659.13,567158.7283333334,561622.5971509478
2026-01,通用电源管理,TMI3408F,750571.68,578232.1466666667,571264.3556397759
2026-02,通用电源管理,TMI3408F,457771.67,618267.3716666667,517330.0302910179
2026-03,通用电源管理,TMI3408F,745973.04,583563.0616666666,540041.8912914129
2026-04,通用电源管理,TMI3408F,614295.12,614886.3483333334,610659.834854736
2026-05,通用电源管理,TMI3408F,662322.53,591537.3,635143.2129885438
2026-06,通用电源管理,TMI3408F,590077.99,631932.195,687307.5526353945
2026-07,通用电源管理,TMI3408F,995600.0700000001,636835.3383333334,614336.2366275063
2026-08,通用电源管理,TMI3408F,678101.61,677673.4033333334,739358.6391584971
2025-01,通用电源管理,TMI3410,493434.76999999996,682402.655,749651.5093380049
2025-02,通用电源管理,TMI3410,401194.25,654605.3566666667,643565.6816590559
2025-03,通用电源管理,TMI3410,923097.33,656008.5616666666,480006.1617372578
2025-04,通用电源管理,TMI3410,832697.25,655559.6633333333,635603.6400111252
2025-05,通用电源管理,TMI3410,873895.12,665725.725,746495.1971446188
2025-06,通用电源管理,TMI3410,870012.18,663906.4349999999,850451.2571425634
2025-07,通用电源管理,TMI3410,827059.5,732388.4833333334,821997.5221272114
2025-08,通用电源管理,TMI3410,975908.71,787992.6050000001,835464.7060450054
2025-09,通用电源管理,TMI3410,803404.4400000001,883778.3483333335,889188.4697147766
2025-10,通用电源管理,TMI3410,608107.21,863829.5333333333,843983.772603589
2025-11,通用电源管理,TMI3410,984311.97,826397.86,772446.9222774351
2025-12,通用电源管理,TMI3410,1427552.29,844800.6683333333,776707.1174027857
2026-01,通用电源管理,TMI3410,1592644.31,937724.02,994351.7956553336
2026-02,通用电源管理,TMI3410,882019.73,1065321.4883333333,1196668.0466771768
2026-03,通用电源管理,TMI3410,1245519.48,1049673.3250000002,1191270.3972475133
2026-04,通用电源管理,TMI3410,1157498.54,1123359.165,1162435.4508701176
2026-05,通用电源管理,TMI3410,1469712.8,1214924.3866666665,1147647.8110623443
2026-06,通用电源管理,TMI3410,1346374.7,1295824.5250000001,1316013.7417174922
2026-07,通用电源管理,TMI3410,1583394.87,1282294.9266666668,1307721.4310787139
2026-08,通用电源管理,TMI3410,1348540.37,1280753.3533333333,1446972.6176028273
2025-01,通用电源管理,TMI3411,611709.65,687409.4066666667,757888.2335308716
2025-02,通用电源管理,TMI3411,405426.96,687716.2133333334,693820.7683043043
2025-03,通用电源管理,TMI3411,597423.59,658180.55,607425.0993149995
2025-04,通用电源管理,TMI3411,771224.95,625572.855,564562.6142444875
2025-05,通用电源管理,TMI3411,378266.27,625819.6933333334,613975.7525410728
2025-06,通用电源管理,TMI3411,404191.15,576670.0066666666,564958.6323000247
2025-07,通用电源管理,TMI3411,528601.27,528040.4283333333,495661.260208802
2025-08,通用电源管理,TMI3411,591117.24,514189.0316666667,426043.3324337754
2025-09,通用电源管理,TMI3411,713957.16,545137.4116666666,506940.8304035353
2025-10,通用电源管理,TMI3411,489089.1,564559.6733333333,593772.5404300931
2025-11,通用电源管理,TMI3411,510913.74,517537.0316666667,580499.3946007526
2025-12,通用电源管理,TMI3411,845607.51,539644.9433333334,555652.3108924348
2026-01,通用电源管理,TMI3411,842270.84,613214.3366666666,607683.2128492157
2026-02,通用电源管理,TMI3411,430098.7,665492.5983333333,657065.452450643
2026-03,通用电源管理,TMI3411,513428.25,638656.1749999999,646577.0086392459
2026-04,通用电源管理,TMI3411,920939.29,605234.6900000001,558003.2941981071
2026-05,通用电源管理,TMI3411,872915.06,677209.7216666667,651362.5601823418
2026-06,通用电源管理,TMI3411,579941.31,737543.275,784050.2603342992
2026-07,通用电源管理,TMI3411,749207.6900000001,693265.5750000001,781224.6737165506
2026-08,通用电源管理,TMI3411,600826.92,677755.0499999999,724250.293342421
2025-01,通用电源管理,TMI3411P,27734.62,40634.84,19188.91017869013
2025-02,通用电源管理,TMI3411P,22390.42,31662.334999999995,24722.783560717042
2025-03,通用电源管理,TMI3411P,39166.020000000004,25249.0,26697.6185011607
2025-04,通用电源管理,TMI3411P,15300.99,23907.51833333333,31222.368953639132
2025-05,通用电源管理,TMI3411P,28510.5,24573.403333333332,26598.9798194174
2025-06,通用电源管理,TMI3411P,15052.34,26378.685,26835.229910988975
2025-07,通用电源管理,TMI3411P,22477.01,24692.481666666663,18778.94782220943
2025-08,通用电源管理,TMI3411P,15104.24,23816.213333333333,21460.395314130947
2025-09,通用电源管理,TMI3411P,7221.74,22601.850000000002,17508.987915805457
2025-10,通用电源管理,TMI3411P,1898.22,17277.803333333333,14507.90105709591
2025-11,通用电源管理,TMI3411P,35527.69,15044.008333333333,7837.710127693243
2025-12,通用电源管理,TMI3411P,8267.65,16213.539999999999,14474.415913099849
2026-01,通用电源管理,TMI3411P,27600.93,15082.758333333331,15045.000884026475
2026-02,通用电源管理,TMI3411P,9130.6,15936.745,21335.360748381747
2026-03,通用电源管理,TMI3411P,4684.650000000001,14941.138333333336,13737.370381619092
2026-04,通用电源管理,TMI3411P,12802.92,14518.29,12941.199167405039
2026-05,通用电源管理,TMI3411P,26218.1,16335.74,9299.218718258371
2026-06,通用电源管理,TMI3411P,12362.82,14784.141666666668,14851.861640869203
2026-07,通用电源管理,TMI3411P,6136.76,15466.669999999998,16910.606213806725
2026-08,通用电源管理,TMI3411P,17533.3,11889.308333333332,14707.470797916982
2025-01,通用电源管理,TMI3421,318434.26,348979.9783333334,387150.5786072167
2025-02,通用电源管理,TMI3421,191275.97,316591.12000000005,322037.82708013215
2025-03,通用电源管理,TMI3421,591485.74,337019.1216666667,210668.56079942538
2025-04,通用电源管理,TMI3421,361540.13,365632.38833333337,385054.7508966802
2025-05,通用电源管理,TMI3421,411504.0,343952.0966666667,396022.3695937035
2025-06,通用电源管理,TMI3421,656241.5,326445.49,441293.9455746732
2025-07,通用电源管理,TMI3421,995765.86,421746.93333333335,455975.7710091873
2025-08,通用电源管理,TMI3421,757283.1900000001,534635.5333333333,670561.3280587401
2025-09,通用电源管理,TMI3421,2336.28,628970.07,801469.919221058
2025-10,通用电源管理,TMI3421,74526.08,530778.4933333333,568420.917548531
2025-11,通用电源管理,TMI3421,29827.36,482942.8183333333,269886.76716693427
2025-12,通用电源管理,TMI3421,6504.410000000001,419330.0449999999,34587.96556889707
2026-01,通用电源管理,TMI3421,1408254.32,311040.53,36500.90847049944
2026-02,通用电源管理,TMI3421,13141.58,379788.6066666667,431685.93208362657
2026-03,通用电源管理,TMI3421,763560.0,255765.00500000003,435910.06383891264
2026-04,通用电源管理,TMI3421,312113.18,382635.625,682727.1243725696
2026-05,通用电源管理,TMI3421,437381.94,422233.47500000003,380384.02327838447
2026-06,通用电源管理,TMI3421,509040.0,490159.23833333334,514159.4968627355
2026-07,通用电源管理,TMI3421,398291.81,573915.17,414188.4261776854
2026-08,通用电源管理,TMI3421,367974.59,405588.08499999996,442271.1153548761
2025-10,通用电源管理,TMI3492,45511.700000000004,48936.52833333333,53105.65860598759
2025-11,通用电源管理,TMI3492,29946.870000000003,40803.53333333333,66126.48358372954
2025-12,通用电源管理,TMI3492,32345.1,44246.005000000005,68702.31564063793
2026-01,通用电源管理,TMI3492,62070.700000000004,45300.57166666666,35495.29321968563
2026-02,通用电源管理,TMI3492,97539.67,54790.23166666667,37163.31998971308
2026-03,通用电源管理,TMI3492,105968.85999999999,67312.33333333333,58600.25423058314
2026-04,通用电源管理,TMI3492,189928.88999999998,62230.48333333334,82984.80714918833
2026-05,通用电源管理,TMI3492,92681.34,86300.015,137449.7428082877
2026-06,通用电源管理,TMI3492,117477.76,96755.76,132045.17585967362
2026-07,通用电源管理,TMI3492,151725.51,110944.53666666667,131670.39383906385
2026-08,通用电源管理,TMI3492,112513.13,125887.00499999999,119022.43886066038
2025-01,通用电源管理,TMI3493,12597.34,38818.855,45954.0205919446
2025-02,通用电源管理,TMI3493,44601.75,34546.73333333333,23681.65450319376
2025-03,通用电源管理,TMI3493,21840.7,38579.915,31127.31926331955
2025-04,通用电源管理,TMI3493,25613.97,34788.18166666667,27637.811505408903
2025-05,通用电源管理,TMI3493,33876.08,26611.168333333335,31859.078007523956
2025-06,通用电源管理,TMI3493,5115.049999999999,28186.38666666667,26302.661710181063
2025-07,通用电源管理,TMI3493,28809.73,23940.815,20610.54814049005
2025-08,通用电源管理,TMI3493,100415.87,26642.88,22032.655407879465
2025-09,通用电源管理,TMI3493,68466.31999999999,35945.23333333333,44689.499945784635
2025-10,通用电源管理,TMI3493,12769.909999999998,43716.170000000006,64015.70107591748
2025-11,通用电源管理,TMI3493,19247.77,41575.49333333333,58773.31362384498
2025-12,通用电源管理,TMI3493,122883.12,39137.44166666666,32576.12010065312
2026-01,通用电源管理,TMI3493,109871.59000000001,58765.45333333333,51002.43169795498
2026-02,通用电源管理,TMI3493,113097.24,72275.76333333334,75305.94833997429
2026-03,通用电源管理,TMI3493,131915.49,74389.325,105581.84247702308
2026-04,通用电源管理,TMI3493,141608.37,84964.18666666666,110889.72151726943
2026-05,通用电源管理,TMI3493,48469.08,106437.26333333332,135068.42018041215
2026-06,通用电源管理,TMI3493,199557.43,111307.48166666667,109418.17375678488
2026-07,通用电源管理,TMI3493,142141.46,124086.53333333333,128230.23781102849
2026-08,通用电源管理,TMI3493,63672.71000000001,129464.84499999999,128324.72581443287
2025-01,通用电源管理,TMI3494,54960.14,102401.13333333335,125351.41343075698
2025-02,通用电源管理,TMI3494,49645.97,101177.68166666669,110335.12999127716
2025-03,通用电源管理,TMI3494,223539.69,97416.61833333333,66790.36799285377
2025-04,通用电源管理,TMI3494,85752.16,113651.12166666666,114742.60959817338
2025-05,通用电源管理,TMI3494,173097.24,112323.68833333334,124221.95005226789
2025-06,通用电源管理,TMI3494,78716.77,111792.705,156006.39422299791
2025-07,通用电源管理,TMI3494,65514.11,110951.995,107691.5568180507
2025-08,通用电源管理,TMI3494,99291.97,112710.99,103119.35747113272
2025-09,通用电源管理,TMI3494,44601.75,120985.32333333332,81009.8387336396
2025-10,通用电源管理,TMI3494,195107.87,91162.33333333333,67809.49392487334
2025-11,通用电源管理,TMI3494,126902.56999999999,109388.28499999999,109683.54766089743
2025-12,通用电源管理,TMI3494,110035.35,101689.17333333332,118852.77986349529
2026-01,通用电源管理,TMI3494,354982.95,106908.93666666666,142254.82305361886
2026-02,通用电源管理,TMI3494,32389.37,155153.74333333332,176883.82454638003
2026-03,通用电源管理,TMI3494,229592.77,144003.31,151848.8424333102
2026-04,通用电源管理,TMI3494,291185.67,174835.14666666664,192781.3745503804
2026-05,通用电源管理,TMI3494,73274.27,190848.1133333333,193252.52085661748
2026-06,通用电源管理,TMI3494,87079.57,181910.06333333335,201868.2851973988
2026-07,通用电源管理,TMI3494,129568.05,178084.1,148603.2737838442
2026-08,通用电源管理,TMI3494,110973.42000000001,140514.94999999998,95354.18051320863
2025-08,通用电源管理,TMI36010,46104.4,47617.17333333334,59663.8592766114
2025-09,通用电源管理,TMI36010,42039.63,52629.915,64396.63909371346
2025-10,通用电源管理,TMI36010,57504.02,55593.28166666667,61204.276918737414
2025-11,通用电源管理,TMI36010,80564.18000000001,54875.170000000006,47124.24751132222
2025-12,通用电源管理,TMI36010,47940.5,62281.651666666665,58389.53764925775
2026-01,通用电源管理,TMI36010,99573.34,62503.073333333334,61244.977540305794
2026-02,通用电源管理,TMI36010,60049.88,62287.67833333332,68156.5974731821
2026-03,通用电源管理,TMI36010,109802.05,64611.92500000001,63365.14797440038
2026-04,通用电源管理,TMI36010,114371.1,75905.66166666667,84186.56862612336
2026-05,通用电源管理,TMI36010,158012.27,85383.50833333335,99295.0349605593
2026-06,通用电源管理,TMI36010,115300.82,98291.52333333333,129872.50805210142
2026-07,通用电源管理,TMI36010,78215.01,109518.24333333333,127588.25872898225
2026-08,通用电源管理,TMI36010,99360.99,105958.52166666668,115616.2230553383
2026-06,通用电源管理,TMI36010S,92389.32,41575.19166666667,61220.86828033603
2026-07,通用电源管理,TMI36010S,0.0,49274.301666666666,89696.68651773865
2026-08,通用电源管理,TMI36010S,0.0,47477.84333333333,60772.97507113104
2025-01,通用电源管理,TMI36030,62505.78,73123.59166666667,96797.49174198239
2025-02,通用电源管理,TMI36030,68509.37,76688.95166666668,86319.02801490162
2025-03,通用电源管理,TMI36030,109018.09000000001,80529.13666666667,61133.151759230524
2025-04,通用电源管理,TMI36030,152463.98,85535.10333333335,83932.3262644369
2025-05,通用电源管理,TMI36030,178298.2,96071.72000000002,114204.1264343667
2025-06,通用电源管理,TMI36030,272679.12,102032.085,142226.54615409413
2025-07,通用电源管理,TMI36030,60079.46,140579.09,192511.98378471512
2025-08,通用电源管理,TMI36030,120854.07,140174.70333333334,166073.6741038457
2025-09,通用电源管理,TMI36030,79872.73,148898.81999999998,150897.90392991417
2025-10,通用电源管理,TMI36030,135963.4,144041.26,84453.10045493016
2025-11,通用电源管理,TMI36030,162449.17,141291.16333333336,108935.70026812289
2025-12,通用电源管理,TMI36030,70299.54,138649.65833333335,122637.11003852948
2026-01,通用电源管理,TMI36030,204603.3,104919.72833333335,121401.65968467473
2026-02,通用电源管理,TMI36030,204889.31,129007.03499999999,130693.983136372
2026-03,通用电源管理,TMI36030,88088.47,143012.90833333333,146471.16838003148
2026-04,通用电源管理,TMI36030,239981.35,144382.19833333333,155477.78327727228
2026-05,通用电源管理,TMI36030,108595.89,161718.52333333335,186192.49624458392
2026-06,通用电源管理,TMI36030,122362.81,152742.97666666665,148385.75196838114
2026-07,通用电源管理,TMI36030,105767.23,161420.18833333332,154988.06114647037
2026-08,通用电源管理,TMI36030,97948.9,144947.51,110747.84698974628
2025-05,通用电源管理,TMI4056E,72185.52,29107.434999999998,46190.79062119889
2025-06,通用电源管理,TMI4056E,48106.04,39569.776666666665,55805.28291461749
2025-07,通用电源管理,TMI4056E,113610.7,44014.44666666666,57243.10003636742
2025-08,通用电源管理,TMI4056E,55672.37,61228.331666666665,76009.18179657646
2025-09,通用电源管理,TMI4056E,62599.93,64990.87333333333,72316.23949682519
2025-10,通用电源管理,TMI4056E,54424.55,68552.535,75087.30155783289
2025-11,通用电源管理,TMI4056E,49167.88,67766.51833333333,55875.85349632684
2025-12,通用电源管理,TMI4056E,69769.61,63930.244999999995,53878.252051779185
2026-01,通用电源管理,TMI4056E,57676.71,67540.84,57080.9550636158
2026-02,通用电源管理,TMI4056E,15545.2,58218.50833333334,52777.65449493151
2026-03,通用电源管理,TMI4056E,41937.840000000004,51530.646666666675,43652.517038548125
2026-04,通用电源管理,TMI4056E,100486.37,48086.965,35983.64843929528
2026-05,通用电源管理,TMI4056E,77243.12,55763.935,55187.56903213974
2026-06,通用电源管理,TMI4056E,122773.89,60443.14166666666,74646.35119834925
2026-07,通用电源管理,TMI4056E,58437.57,69277.18833333334,98896.74117578454
2026-08,通用电源管理,TMI4056E,40780.409999999996,69403.99833333334,85004.7048044062
2025-01,通用电源管理,TMI5101,236504.88,229711.02333333335,276549.72003355477
2025-02,通用电源管理,TMI5101,257793.28,243021.18166666664,270838.06047481694
2025-03,通用电源管理,TMI5101,284675.69,231549.07166666666,280209.2253698547
2025-04,通用电源管理,TMI5101,434800.69999999995,259906.60166666665,272383.4720960503
2025-05,通用电源管理,TMI5101,422344.78,291751.03833333333,338215.5275092948
2025-06,通用电源管理,TMI5101,366028.61,322014.6616666667,369269.1382783651
2025-07,通用电源管理,TMI5101,424708.13,333691.3233333333,390221.33649116097
2025-08,通用电源管理,TMI5101,498532.31,365058.5316666667,394204.54418759054
2025-09,通用电源管理,TMI5101,454610.74,405181.7033333333,428885.7403926273
2025-10,通用电源管理,TMI5101,329005.92,433504.2116666666,446169.5210708671
2025-11,通用电源管理,TMI5101,225463.78,415871.74833333335,414837.72291264345
2025-12,通用电源管理,TMI5101,253253.49,383058.2483333333,327135.9182024988
2026-01,通用电源管理,TMI5101,500533.57,364262.395,265949.8648737083
2026-02,通用电源管理,TMI5101,199352.88999999998,376899.9683333333,292629.71209218435
2026-03,通用电源管理,TMI5101,264118.31,327036.73166666663,290975.00262600125
2026-04,通用电源管理,TMI5101,441435.97,295287.99333333335,301219.90311270824
2026-05,通用电源管理,TMI5101,187485.98,314026.335,316134.79414814047
2026-06,通用电源管理,TMI5101,439782.83,307696.70166666666,303468.8721450984
2026-07,通用电源管理,TMI5101,369438.27,338784.925,351714.5797860368
2026-08,通用电源管理,TMI5101,397527.2,316935.7083333333,327813.0769122438
2026-02,通用电源管理,TMI5101定制丝印,55155.08,36601.59333333333,49185.5602499081
2026-03,通用电源管理,TMI5101定制丝印,0.0,36624.793333333335,50288.044277835856
2026-04,通用电源管理,TMI5101定制丝印,0.0,36624.793333333335,34217.11181266974
2026-05,通用电源管理,TMI5101定制丝印,0.0,36624.793333333335,19268.76086308856
2026-06,通用电源管理,TMI5101定制丝印,65920.21,27454.559999999998,0.0
2026-07,通用电源管理,TMI5101定制丝印,65557.94,29237.74166666667,21694.577766890223
2026-08,通用电源管理,TMI5101定制丝印,0.0,31105.538333333334,43242.65149017456
2025-01,通用电源管理,TMI5102,117079.56,66234.47166666666,63263.64248877754
2025-02,通用电源管理,TMI5102,2123.88,78973.40333333334,83505.70283408952
2025-03,通用电源管理,TMI5102,19.47,60473.40833333333,47086.314592837625
2025-04,通用电源管理,TMI5102,74468.97,49627.10333333333,41688.62687649259
2025-05,通用电源管理,TMI5102,61839.630000000005,52503.20333333333,26514.151638933905
2025-06,通用电源管理,TMI5102,98203.20000000001,44854.06333333333,44088.99594325497
2025-07,通用电源管理,TMI5102,65282.8,58955.785,74814.78619200303
2025-08,通用电源管理,TMI5102,83495.08,50322.99166666667,73222.10898731001
2025-09,通用电源管理,TMI5102,83229.65,63884.85833333334,82160.24681486825
2025-10,通用电源管理,TMI5102,43619.34,77753.22166666668,75127.62629773619
2025-11,通用电源管理,TMI5102,51902.46,72611.61666666665,68056.56524216346
2025-12,通用电源管理,TMI5102,61061.73,70955.42166666666,57949.80995348404
2026-01,通用电源管理,TMI5102,94155.51000000001,64765.176666666666,51556.48514307018
2026-02,通用电源管理,TMI5102,49061.81,69577.295,61893.618778636526
2026-03,通用电源管理,TMI5102,61831.66,63838.416666666664,62362.402405005734
2026-04,通用电源管理,TMI5102,57238.780000000006,60272.085,64071.08741688037
2026-05,通用电源管理,TMI5102,22300.800000000003,62541.991666666676,58738.018667056975
2026-06,通用电源管理,TMI5102,64167.98,57608.381666666675,48040.130639299525
2026-07,通用电源管理,TMI5102,22831.800000000003,58126.09,47294.673911233636
2026-08,通用电源管理,TMI5102,11415.9,46238.805,35948.535088255674
2025-01,通用电源管理,TMI5111,266445.81,158860.6,178034.67820013795
2025-02,通用电源管理,TMI5111,161676.45,188891.98666666666,251184.098004522
2025-03,通用电源管理,TMI5111,189968.15,187356.05833333332,246144.05328611654
2025-04,通用电源管理,TMI5111,351556.42,186755.26666666663,216127.42448937308
2025-05,通用电源管理,TMI5111,276755.49,236720.9933333333,243365.27698068658
2025-06,通用电源管理,TMI5111,124739.23,252078.95666666667,264634.7611741766
2025-07,通用电源管理,TMI5111,261103.96000000002,228523.59166666667,240241.04557102936
2025-08,通用电源管理,TMI5111,92349.76,227633.28333333333,215318.92648789106
2025-09,通用电源管理,TMI5111,213868.05,216078.835,159074.7388307232
2025-10,通用电源管理,TMI5111,178420.14,220062.15166666664,183707.56297060807
2025-11,通用电源管理,TMI5111,116324.48999999999,191206.10499999998,156804.01288709187
2025-12,通用电源管理,TMI5111,184708.87,164467.605,164888.21850637964
2026-01,通用电源管理,TMI5111,408712.97,174462.545,157864.2226902344
2026-02,通用电源管理,TMI5111,32789.369999999995,199064.04666666663,212093.62884629687
2026-03,通用电源管理,TMI5111,234071.12,189137.31500000003,191170.04640733125
2026-04,通用电源管理,TMI5111,367276.47,192504.49333333332,211094.56975686655
2026-05,通用电源管理,TMI5111,85686.14,223980.54833333334,221539.58323849685
2026-06,通用电源管理,TMI5111,235313.07,218874.15666666662,233464.67175930014
2026-07,通用电源管理,TMI5111,188860.07,227308.18999999997,226513.99722208478
2026-08,通用电源管理,TMI5111,155557.69,190666.04,167690.73153274003
2025-01,通用电源管理,TMI5130A,27053.06,52057.47,48814.12015891554
2025-02,通用电源管理,TMI5130A,29654.83,45230.045000000006,37810.042716066324
2025-03,通用电源管理,TMI5130A,62814.08,44756.59166666667,44601.16246337389
2025-04,通用电源管理,TMI5130A,30132.710000000003,42880.48500000001,41793.199066130335
2025-05,通用电源管理,TMI5130A,43831.81,38424.740000000005,42430.224588668665
2025-06,通用电源管理,TMI5130A,40619.43,43761.01666666666,44234.69899136762
2025-07,通用电源管理,TMI5130A,51809.7,39017.65333333333,36554.97813024831
2025-08,通用电源管理,TMI5130A,57358.340000000004,43143.76,44279.53180201165
2025-09,通用电源管理,TMI5130A,34141.58,47761.011666666665,49828.00911298418
2025-10,通用电源管理,TMI5130A,12637.150000000001,42982.261666666665,46405.87129318854
2025-11,通用电源管理,TMI5130A,5814.16,40066.335,33693.420967763646
2025-12,通用电源管理,TMI5130A,33320.78,33730.06,17050.200042598208
2026-01,通用电源管理,TMI5130A,44190.23,32513.618333333332,17046.40959946868
2026-02,通用电源管理,TMI5130A,7699.11,31243.70666666667,24900.076171629647
2026-03,通用电源管理,TMI5130A,36889.33,22967.16833333333,26012.984652213854
2026-04,通用电源管理,TMI5130A,37194.66,23425.126666666667,27740.42536726774
2026-05,通用电源管理,TMI5130A,66225.61,27518.045000000002,28571.420738435296
2026-06,通用电源管理,TMI5130A,23176.989999999998,37586.62,47679.36897170784
2026-07,通用电源管理,TMI5130A,38495.520000000004,35895.988333333335,41663.61275465022
2026-08,通用电源管理,TMI5130A,30796.420000000002,34946.87,42065.19356568771
2026-08,通用电源管理,TMI5202,218229.99,98626.06,159908.90825185517
2025-06,通用电源管理,TMI5302,212840.46000000002,77035.73333333332,79602.45890251538
2025-07,通用电源管理,TMI5302,273008.55,88934.71666666667,139976.3282093262
2025-08,通用电源管理,TMI5302,99052.97,127356.50166666666,200229.14718256614
2025-09,通用电源管理,TMI5302,235433.30000000002,138506.93666666668,194572.3576854759
2025-10,通用电源管理,TMI5302,397552.54,174376.61666666667,196716.21785194005
2025-11,通用电源管理,TMI5302,128680.98,224700.31166666668,236850.2569744928
2025-12,通用电源管理,TMI5302,297954.92,224428.13333333333,246926.37439793936
2026-01,通用电源管理,TMI5302,704732.76,238613.87666666668,271371.1912226668
2026-02,通用电源管理,TMI5302,204680.95,310567.9116666667,338087.1087595088
2026-03,通用电源管理,TMI5302,119043.48999999999,328172.575,368586.0510671087
2026-04,通用电源管理,TMI5302,334492.56,308774.2733333333,321359.17557707435
2026-05,通用电源管理,TMI5302,659076.9400000001,298264.2766666667,229952.09088663384
2026-06,通用电源管理,TMI5302,576924.08,386663.60333333333,378083.0768024788
2026-07,通用电源管理,TMI5302,564747.08,433158.4633333334,516855.07530561305
2026-08,通用电源管理,TMI5302,412134.35,409827.51666666666,592259.0370331039
2026-07,通用电源管理,TMI6011,89202.84,72565.58666666667,105978.02033911043
2026-08,通用电源管理,TMI6011,109214.11,83695.65166666667,115459.12911951878
2025-01,通用电源管理,TMI6030,77472.24,66764.395,81776.69290265546
2025-02,通用电源管理,TMI6030,92798.77,71490.87,85855.54624838752
2025-03,通用电源管理,TMI6030,64648.01,78335.99166666667,97803.35084875653
2025-04,通用电源管理,TMI6030,50148.44,77617.56666666667,82144.03901876997
2025-05,通用电源管理,TMI6030,60922.08,75451.81166666668,71844.98710648423
2025-06,通用电源管理,TMI6030,68468.43000000001,75258.46333333333,56828.01462915691
2025-07,通用电源管理,TMI6030,107420.42,69076.32833333334,57277.15260974808
2025-08,通用电源管理,TMI6030,104999.34,74067.69166666667,76954.38697251724
2025-09,通用电源管理,TMI6030,132722.21,76101.12,93439.72023193684
2025-10,通用电源管理,TMI6030,88788.01,87446.81999999999,111762.30763641365
2025-11,通用电源管理,TMI6030,56087.58,93886.74833333334,105641.76671265364
2025-12,通用电源管理,TMI6030,121548.85,93080.99833333334,89995.01684324951
2026-01,通用电源管理,TMI6030,158900.5,101927.735,87722.55729967765
2026-02,通用电源管理,TMI6030,102749.98,110507.74833333334,100567.39388070127
2026-03,通用电源管理,TMI6030,86800.87,110132.855,116983.26783284229
2026-04,通用电源管理,TMI6030,181197.65,102479.29833333334,108879.6291811838
2026-05,通用电源管理,TMI6030,43588.86,117880.90500000001,129523.23134784299
2026-06,通用电源管理,TMI6030,143263.73,115797.78499999999,105882.20376900611
2026-07,通用电源管理,TMI6030,61073.04,119416.93166666666,121126.6552974059
2026-08,通用电源管理,TMI6030,75425.08,103112.355,81541.77415465585
2025-01,通用电源管理,TMI6030-12,31291.3,41854.22833333333,46660.1196757856
2025-02,通用电源管理,TMI6030-12,20716.99,41730.306666666664,38723.37041468148
2025-03,通用电源管理,TMI6030-12,28532.730000000003,38042.009999999995,27553.694888851816
2025-04,通用电源管理,TMI6030-12,41443.21,35370.50666666666,28162.74599430703
2025-05,通用电源管理,TMI6030-12,46907.49,33541.21333333333,31387.19854194753
2025-06,通用电源管理,TMI6030-12,45165.16,32432.066666666666,37800.5283218909
2025-07,通用电源管理,TMI6030-12,36943.14,35676.14666666667,42594.70320530313
2025-08,通用电源管理,TMI6030-12,62098.12,36618.119999999995,41925.13846056438
2025-09,通用电源管理,TMI6030-12,129068.44,43514.975,47971.427849811625
2025-10,通用电源管理,TMI6030-12,-57292.299999999996,60270.926666666666,73865.44866232881
2025-11,通用电源管理,TMI6030-12,81764.89,43815.00833333333,43314.85223204227
2025-12,通用电源管理,TMI6030-12,59679.62,49624.575000000004,49776.79066973831
2026-01,通用电源管理,TMI6030-12,72862.31,52043.65166666667,27707.84490949669
2026-02,通用电源管理,TMI6030-12,51836.55,58030.18,64041.34719556796
2026-03,通用电源管理,TMI6030-12,76611.91,56319.918333333335,56287.14723601514
2026-04,通用电源管理,TMI6030-12,44894.12,47577.16333333333,62903.01928168332
2026-05,通用电源管理,TMI6030-12,56096.18,64608.23333333334,60558.278972867
2026-06,通用电源管理,TMI6030-12,64159.51,60330.115,60351.9737835525
2026-07,通用电源管理,TMI6030-12,53519.67,61076.763333333336,54351.39536467107
2026-08,通用电源管理,TMI6030-12,47313.7,57852.99,57154.0391316703
2026-06,通用电源管理,TMI6030-15,29878.62,19726.681666666667,22316.159323968594
2026-07,通用电源管理,TMI6030-15,18456.760000000002,21553.273333333334,26540.173967207847
2026-08,通用电源管理,TMI6030-15,21047.53,20983.763333333336,25724.80622745982
2025-01,通用电源管理,TMI6030-18,212980.52000000002,257635.77333333335,286731.79907768226
2025-02,通用电源管理,TMI6030-18,84927.27,258495.68833333335,278986.7342436091
2025-03,通用电源管理,TMI6030-18,233941.89,240691.59,217233.30941355854
2025-04,通用电源管理,TMI6030-18,310508.52,223508.47166666668,185971.66319713203
2025-05,通用电源管理,TMI6030-18,135158.01,237646.42,217816.34136233467
2025-06,通用电源管理,TMI6030-18,179087.46,215377.6466666667,219787.84613016172
2025-07,通用电源管理,TMI6030-18,175293.52,192767.27833333335,199311.23373941434
2025-08,通用电源管理,TMI6030-18,222499.94,186486.11166666666,159081.22515542357
2025-09,通用电源管理,TMI6030-18,227827.0,209414.89,191904.08743045523
2025-10,通用电源管理,TMI6030-18,243812.22,208395.74166666667,202585.58040378176
2025-11,通用电源管理,TMI6030-18,322086.01,197279.69166666665,224587.87181250483
2025-12,通用电源管理,TMI6030-18,270604.93,228434.3583333333,257319.45801718204
2026-01,通用电源管理,TMI6030-18,519713.24,243687.27,275425.9195757769
2026-02,通用电源管理,TMI6030-18,222297.72,301090.5566666667,332419.9496459378
2026-03,通用电源管理,TMI6030-18,255281.85,301056.85333333333,309131.8449634606
2026-04,通用电源管理,TMI6030-18,438697.35,305632.6616666667,311621.3248646068
2026-05,通用电源管理,TMI6030-18,166274.63,338113.51666666666,320106.88509285677
2026-06,通用电源管理,TMI6030-18,318435.29,312144.9533333333,292327.5368890997
2026-07,通用电源管理,TMI6030-18,428911.21,320116.68,303896.6476218264
2026-08,通用电源管理,TMI6030-18,205610.72,304983.0083333333,300486.43153747945
2025-01,通用电源管理,TMI6030-25,51286.3,62849.56833333333,68987.4346235977
2025-02,通用电源管理,TMI6030-25,31996.02,65409.75,67601.18151414179
2025-03,通用电源管理,TMI6030-25,104447.28,61741.549999999996,60563.83828631436
2025-04,通用电源管理,TMI6030-25,76615.39,63737.121666666666,65643.33355118746
2025-05,通用电源管理,TMI6030-25,48608.8,67676.42333333332,73735.79620944269
2025-06,通用电源管理,TMI6030-25,90385.13,66746.34833333334,74276.59255435366
2025-07,通用电源管理,TMI6030-25,66897.74,67223.15333333334,68784.4499799292
2025-08,通用电源管理,TMI6030-25,57854.18,69825.06,66906.82413855568
2025-09,通用电源管理,TMI6030-25,132001.59,74134.75333333333,71567.0735872669
2025-10,通用电源管理,TMI6030-25,39573.05,78727.13833333332,83140.75732762669
2025-11,通用电源管理,TMI6030-25,74067.32,72553.415,74231.41264102467
2025-12,通用电源管理,TMI6030-25,97364.81,76796.50166666666,79635.18560885146
2026-01,通用电源管理,TMI6030-25,88426.18,77959.78166666666,69475.28534949268
2026-02,通用电源管理,TMI6030-25,48272.85,81547.855,77653.50749156527
2026-03,通用电源管理,TMI6030-25,50840.57,79950.96666666666,71455.11680488466
2026-04,通用电源管理,TMI6030-25,51900.61,66424.12999999999,58599.97989615348
2026-05,通用电源管理,TMI6030-25,53278.6,68478.72333333333,52757.664952009516
2026-06,通用电源管理,TMI6030-25,41784.840000000004,65013.936666666654,53017.930758156836
2026-07,通用电源管理,TMI6030-25,79005.86,55750.60833333334,48366.396461148135
2026-08,通用电源管理,TMI6030-25,36501.79,54180.555,57250.71485291389
2025-01,通用电源管理,TMI6030-28,220860.38,293564.79000000004,344900.86396611505
2025-02,通用电源管理,TMI6030-28,114721.40000000001,281276.93333333335,317185.04272100434
2025-03,通用电源管理,TMI6030-28,222834.88,263279.39166666666,247683.5313513087
2025-04,通用电源管理,TMI6030-28,364935.98,255296.63999999998,195261.32838359024
2025-05,通用电源管理,TMI6030-28,226892.01,268008.06833333336,243119.98784030273
2025-06,通用电源管理,TMI6030-28,153932.05,252199.71666666667,263464.9487119597
2025-07,通用电源管理,TMI6030-28,239602.95,217362.78333333333,237915.0129892808
2025-08,通用电源管理,TMI6030-28,293099.78,220486.545,201614.76590519628
2025-09,通用电源管理,TMI6030-28,291108.85,250216.275,228414.59352462448
2025-10,通用电源管理,TMI6030-28,278988.74,261595.27000000002,266762.93016001506
2025-11,通用电源管理,TMI6030-28,279872.73000000004,247270.73,279286.44781033724
2025-12,通用电源管理,TMI6030-28,257787.8,256100.85,275553.67248826247
2026-01,通用电源管理,TMI6030-28,514714.82,273410.14166666666,268888.85412057134
2026-02,通用电源管理,TMI6030-28,249152.83,319262.12000000005,314481.5231237501
2026-03,通用电源管理,TMI6030-28,423583.01,311937.62833333336,311891.44600078766
2026-04,通用电源管理,TMI6030-28,356160.4,334016.655,371039.4220936495
2026-05,通用电源管理,TMI6030-28,323188.23,346878.5983333334,359451.12583448284
2026-06,通用电源管理,TMI6030-28,365427.89,354097.8483333333,374793.20455714245
2026-07,通用电源管理,TMI6030-28,387485.02,372037.86333333334,343839.70351673535
2026-08,通用电源管理,TMI6030-28,396200.8,350832.89666666667,353925.4740441627
2025-01,通用电源管理,TMI6030-33,159065.51,119012.04666666668,129471.75274069136
2025-02,通用电源管理,TMI6030-33,76027.57,132923.31333333332,139229.78885943178
2025-03,通用电源管理,TMI6030-33,135102.76,129182.03499999999,129038.78017416559
2025-04,通用电源管理,TMI6030-33,157054.66,122597.5,129446.23013303192
2025-05,通用电源管理,TMI6030-33,152371.25,127613.81666666667,127422.22994995273
2025-06,通用电源管理,TMI6030-33,106479.82,134742.23166666666,143762.19606344114
2025-07,通用电源管理,TMI6030-33,55766.27,131016.92833333334,132683.72110051152
2025-08,通用电源管理,TMI6030-33,185963.28,113800.38833333335,102238.45888626859
2025-09,通用电源管理,TMI6030-33,115053.20999999999,132123.00666666668,115834.65333640043
2025-10,通用电源管理,TMI6030-33,55579.3,128781.415,115531.77546761045
2025-11,通用电源管理,TMI6030-33,103241.79000000001,111868.855,115376.12943980697
2025-12,通用电源管理,TMI6030-33,143676.32,103680.61166666665,88787.88751723961
2026-01,通用电源管理,TMI6030-33,139243.66,109880.02833333332,99599.89549655835
2026-02,通用电源管理,TMI6030-33,80419.78,123792.92666666665,115396.794120808
2026-03,通用电源管理,TMI6030-33,129027.08,106202.34333333334,110920.52916272229
2026-04,通用电源管理,TMI6030-33,159837.24,108531.32166666667,108954.36196930836
2026-05,通用电源管理,TMI6030-33,121735.38,125907.645,129011.6343488375
2026-06,通用电源管理,TMI6030-33,116952.58,128989.91000000002,139528.11921616585
2026-07,通用电源管理,TMI6030-33,75511.2,124535.95333333332,131156.07403959238
2026-08,通用电源管理,TMI6030-33,63387.51,113913.87666666665,103338.88006779524
2025-10,通用电源管理,TMI6030C-18,44269.86,38930.183333333334,40576.25385156708
2025-11,通用电源管理,TMI6030C-18,31871.61,42758.14666666667,43151.61217083383
2025-12,通用电源管理,TMI6030C-18,51066.15,39696.299999999996,41644.279190285546
2026-01,通用电源管理,TMI6030C-18,51371.49,42085.723333333335,41884.212028016715
2026-02,通用电源管理,TMI6030C-18,33427.32,44613.16333333333,40135.658355745916
2026-03,通用电源管理,TMI6030C-18,40194.57,44053.420000000006,41476.917521694006
2026-04,通用电源管理,TMI6030C-18,69899.86,42033.5,39056.33559606757
2026-05,通用电源管理,TMI6030C-18,14336.28,46305.166666666664,50140.1916088596
2026-06,通用电源管理,TMI6030C-18,33876.08,43382.61166666667,42283.476921761416
2026-07,通用电源管理,TMI6030C-18,63584.06,40517.6,38871.15562905589
2026-08,通用电源管理,TMI6030C-18,45225.630000000005,42553.02833333333,36769.40714414661
2026-05,通用电源管理,TMI6030C-28,16526.43,49502.12166666667,60755.4136045242
2026-06,通用电源管理,TMI6030C-28,3862.78,46017.62666666667,55027.43957861718
2026-07,通用电源管理,TMI6030C-28,18398.11,44086.210000000014,38784.60467591247
2026-08,通用电源管理,TMI6030C-28,11150.380000000001,35449.03,12756.998489846997
2026-05,通用电源管理,TMI6030C-33,20283.120000000003,23560.775000000005,24582.225321531576
2026-06,通用电源管理,TMI6030C-33,25884.93,24324.045000000002,25724.243167685858
2026-07,通用电源管理,TMI6030C-33,31465.46,23778.25333333333,26337.554759930732
2026-08,通用电源管理,TMI6030C-33,27968.730000000003,24666.316666666666,25533.35909342336
2026-05,通用电源管理,TMI6038-28,40194.08,34717.03833333333,34604.41192947302
2026-06,通用电源管理,TMI6038-28,39349.81,35543.60166666666,36519.1229862703
2026-07,通用电源管理,TMI6038-28,35150.24,37686.22,38060.69854616281
2026-08,通用电源管理,TMI6038-28,24397.89,35624.35333333333,37722.45267794515
2026-06,通用电源管理,TMI6038D-18,35149.98,28871.408333333336,31801.07099622666
2026-07,通用电源管理,TMI6038D-18,23694.52,23181.215,35172.975804360925
2026-08,通用电源管理,TMI6038D-18,31606.2,26686.350000000002,34808.81799187219
2025-01,通用电源管理,TMI6050,1538801.13,954203.0416666666,1059731.4289295922
2025-02,通用电源管理,TMI6050,783482.16,1079414.9366666668,1172021.1553603227
2025-03,通用电源管理,TMI6050,1170193.54,1109315.5683333334,1135514.5496889765
2025-04,通用电源管理,TMI6050,925528.17,1080533.5983333334,1221212.9651982628
2025-05,通用电源管理,TMI6050,882883.62,1037549.6433333332,996440.8858599418
2025-06,通用电源管理,TMI6050,920860.28,1030177.92,963291.8467262657
2025-07,通用电源管理,TMI6050,651285.84,1036958.15,870702.0558319688
2025-08,通用电源管理,TMI6050,928206.98,889038.935,797789.6486492342
2025-09,通用电源管理,TMI6050,1229056.34,913159.7383333333,831762.6104004444
2025-10,通用电源管理,TMI6050,1011235.99,922970.2050000001,909451.6532773781
2025-11,通用电源管理,TMI6050,1198369.67,937254.8416666667,1025164.0562568032
2025-12,通用电源管理,TMI6050,1270730.61,989835.8500000001,1114787.0934432552
2026-01,通用电源管理,TMI6050,1457126.35,1048147.5716666668,1145930.8983335814
2026-02,通用电源管理,TMI6050,1034518.18,1182454.3233333335,1173275.039871875
2026-03,通用电源管理,TMI6050,1029262.4,1200172.8566666667,1148579.6144013288
2026-04,通用电源管理,TMI6050,1284923.7,1166873.866666667,1100168.0461845258
2026-05,通用电源管理,TMI6050,533843.92,1212488.485,1169890.0984736339
2026-06,通用电源管理,TMI6050,1324374.69,1101734.1933333334,967804.5847617015
2026-07,通用电源管理,TMI6050,1198462.87,1110674.8733333333,1034419.418213291
2026-08,通用电源管理,TMI6050,1082681.43,1067564.2933333335,1005330.6344522716
2025-01,通用电源管理,TMI6050-18,324659.66,191250.45333333334,187216.53170687155
2025-02,通用电源管理,TMI6050-18,148382.13999999998,222617.38999999998,245077.0305413241
2025-03,通用电源管理,TMI6050-18,267310.78,220315.7583333333,250869.13314707385
2025-04,通用电源管理,TMI6050-18,183153.7,211451.06166666668,258878.78818482647
2025-05,通用电源管理,TMI6050-18,150396.57,216422.66999999995,207250.0883819082
2025-06,通用电源管理,TMI6050-18,182854.49,218063.45833333334,194320.65895094036
2025-07,通用电源管理,TMI6050-18,142028.8,209459.55666666667,164745.27809659313
2025-08,通用电源管理,TMI6050-18,144226.33,179021.08000000005,154447.55977557207
2025-09,通用电源管理,TMI6050-18,197510.73,178328.44500000004,156053.09589879942
2025-10,通用电源管理,TMI6050-18,208287.41999999998,166695.10333333333,156650.8670890249
2025-11,通用电源管理,TMI6050-18,150961.57,170884.05666666664,177959.74427948947
2025-12,通用电源管理,TMI6050-18,184951.68,170978.22333333336,180497.10905145097
2026-01,通用电源管理,TMI6050-18,318345.05,171327.755,179182.7898994475
2026-02,通用电源管理,TMI6050-18,130178.98,200713.79666666666,195512.1304393489
2026-03,通用电源管理,TMI6050-18,222391.59,198372.57166666666,193387.75631087334
2026-04,通用电源管理,TMI6050-18,256851.78,202519.38166666668,209639.14738015516
2026-05,通用电源管理,TMI6050-18,71144.6,210613.44166666665,212905.38472197767
2026-06,通用电源管理,TMI6050-18,240490.58000000002,197310.6133333333,187030.332202638
2026-07,通用电源管理,TMI6050-18,310268.97,206567.09666666668,187091.09942433448
2026-08,通用电源管理,TMI6050-18,244191.64,205221.08333333334,204541.85291429213
2025-01,通用电源管理,TMI6050-25,98805.56,78112.355,76008.76780339856
2025-02,通用电源管理,TMI6050-25,66093.99,84212.84499999999,80535.92457962519
2025-03,通用电源管理,TMI6050-25,101636.77,80719.63333333333,90576.87575586149
2025-04,通用电源管理,TMI6050-25,92880.66,80174.12166666666,93199.6475636556
2025-05,通用电源管理,TMI6050-25,59933.17,81756.61166666668,90192.94427734199
2025-06,通用电源管理,TMI6050-25,73850.97,84983.70166666668,82290.25373247631
2025-07,通用电源管理,TMI6050-25,74639.89,82200.18666666666,72311.40842061305
2025-08,通用电源管理,TMI6050-25,70553.88,78172.57500000001,67729.74312879707
2025-09,通用电源管理,TMI6050-25,93935.13,78915.89,72866.99815993453
2025-10,通用电源管理,TMI6050-25,73932.15,77632.28333333334,77433.6360384024
2025-11,通用电源管理,TMI6050-25,65315.130000000005,74474.19833333335,77140.87319244271
2025-12,通用电源管理,TMI6050-25,96407.22,75371.19166666667,75595.89778989428
2026-01,通用电源管理,TMI6050-25,105541.64,79130.56666666667,77591.28771811206
2026-02,通用电源管理,TMI6050-25,85771.73,84280.85833333334,79866.54823426898
2026-03,通用电源管理,TMI6050-25,71546.77,86817.16666666667,87835.47414081701
2026-04,通用电源管理,TMI6050-25,73935.8,83085.77333333333,82135.1806205201
2026-05,通用电源管理,TMI6050-25,42438.72,83086.38166666667,80790.08869647075
2026-06,通用电源管理,TMI6050-25,65651.85,79273.64666666667,63858.55653176483
2026-07,通用电源管理,TMI6050-25,132708.68,74147.75166666666,59905.53184811961
2026-08,通用电源管理,TMI6050-25,96026.64,78675.59166666666,79197.93552651459
2026-07,通用电源管理,TMI6050-28,37242.02,29779.849999999995,42121.14243862518
2026-08,通用电源管理,TMI6050-28,7306.12,34779.77999999999,31122.297191697227
2025-01,通用电源管理,TMI6050-33,111173.88,107462.815,124938.02698651384
2025-02,通用电源管理,TMI6050-33,104804.23,114610.88,136854.74384518465
2025-03,通用电源管理,TMI6050-33,237353.59,119305.605,137492.8593823936
2025-04,通用电源管理,TMI6050-33,181269.85,134320.99833333332,158516.312784062
2025-05,通用电源管理,TMI6050-33,102179.47,152357.48,181148.9407238138
2025-06,通用电源管理,TMI6050-33,51556.840000000004,151428.40833333333,168429.56396452605
2025-07,通用电源管理,TMI6050-33,122960.1,131389.6433333333,106874.85334812131
2025-08,通用电源管理,TMI6050-33,150666.79,133354.01333333334,89915.62428746972
2025-09,通用电源管理,TMI6050-33,140252.24,140997.77333333335,108174.98861442939
2025-10,通用电源管理,TMI6050-33,39209.53,124814.21500000001,134020.46309045303
2025-11,通用电源管理,TMI6050-33,71577.51,101137.49500000001,106812.6897132944
2025-12,通用电源管理,TMI6050-33,91552.65000000001,96037.16833333333,81384.9541744107
2026-01,通用电源管理,TMI6050-33,256964.28,102703.13666666667,66622.09761996313
2026-02,通用电源管理,TMI6050-33,103693.1,125037.16666666669,125536.90025808648
2026-03,通用电源管理,TMI6050-33,172354.31,117208.21833333332,138050.88609154837
2026-04,通用电源管理,TMI6050-33,206860.19,122558.56333333331,166548.6879486508
2026-05,通用电源管理,TMI6050-33,36444.54,150500.34,168706.69144833123
2026-06,通用电源管理,TMI6050-33,203505.24,144644.845,141247.36108281874
2026-07,通用电源管理,TMI6050-33,199344.46,163303.61,147046.76519062798
2026-08,通用电源管理,TMI6050-33,110795.24,153700.30666666667,144482.16469398982
2025-02,通用电源管理,TMI6050U,53601.38,43361.276666666665,48489.240834775075
2025-03,通用电源管理,TMI6050U,36096.99,46427.59333333333,51952.12900526737
2025-04,通用电源管理,TMI6050U,43109.11,46288.920000000006,44238.900120858736
2025-05,通用电源管理,TMI6050U,67280.81,45207.195,45962.28992288292
2025-06,通用电源管理,TMI6050U,19589.27,48834.35833333333,47374.40191686097
2025-07,通用电源管理,TMI6050U,36806.88,42749.24666666666,41466.422198199565
2025-08,通用电源管理,TMI6050U,80157.34999999999,42747.40666666666,40190.22533894249
2025-09,通用电源管理,TMI6050U,72833.11,47173.401666666665,45425.62233282854
2025-10,通用电源管理,TMI6050U,19306.09,53296.088333333326,61459.31397926771
2025-11,通用电源管理,TMI6050U,26460.92,49328.918333333335,55746.33692347343
2025-12,通用电源管理,TMI6050U,48175.8,42525.60333333333,38449.22328999514
2026-01,通用电源管理,TMI6050U,43473.16,47290.024999999994,30931.484863467213
2026-02,通用电源管理,TMI6050U,32203.36,48401.071666666656,35294.797581835555
2026-03,通用电源管理,TMI6050U,68282.31,40408.74,37809.69325358396
2026-04,通用电源管理,TMI6050U,75207.64,39650.27333333334,44982.417280797104
2026-05,通用电源管理,TMI6050U,35303.229999999996,48967.198333333334,61379.52071929703
2026-06,通用电源管理,TMI6050U,22231.74,50440.916666666664,60756.68378247086
2026-07,通用电源管理,TMI6050U,49364.310000000005,46116.90666666667,43686.0695016745
2026-08,通用电源管理,TMI6050U,56022.67,47098.76499999999,35158.756870176425
2026-07,通用电源管理,TMI62033,93967.36,34666.90833333333,43001.501124041795
2026-08,通用电源管理,TMI62033,14332.220000000001,45362.72833333333,61291.73960933709
2025-11,通用电源管理,TMI6220,30849.480000000003,31577.350000000006,27255.360173080036
2025-12,通用电源管理,TMI6220,57106.08,25345.076666666664,28660.816312698833
2026-01,通用电源管理,TMI6220,43765.380000000005,33318.51666666666,42587.90695437724
2026-02,通用电源管理,TMI6220,33915.87,35993.29,39362.193193229105
2026-03,通用电源管理,TMI6220,43245.05,37199.036666666674,41147.93813930651
2026-04,通用电源管理,TMI6220,93642.38,41711.855,37785.50636194289
2026-05,通用电源管理,TMI6220,108599.92,50420.706666666665,59671.166143288596
2026-06,通用电源管理,TMI6220,130353.87000000001,63379.113333333335,83420.39274958221
2026-07,通用电源管理,TMI6220,104827.34,75587.07833333332,109458.59357903805
2026-08,通用电源管理,TMI6220,141504.29,85764.07166666667,113068.27479309976
2025-01,通用电源管理,TMI6240,795272.77,667829.7883333334,699750.5383039528
2025-02,通用电源管理,TMI6240,693600.65,686938.775,665443.1958288794
2025-03,通用电源管理,TMI6240,766514.0,687066.4149999999,698958.5452394553
2025-04,通用电源管理,TMI6240,871935.7,705031.8083333332,788640.4099205033
2025-05,通用电源管理,TMI6240,1331742.27,705312.6133333333,807080.8534388317
2025-06,通用电源管理,TMI6240,641676.84,823574.4333333332,960570.9353621632
2025-07,通用电源管理,TMI6240,757591.49,850123.7050000001,907735.1832638585
2025-08,通用电源管理,TMI6240,1124714.49,843843.4916666667,887472.7468805873
2025-09,通用电源管理,TMI6240,742956.7,915695.7983333333,839623.2272030199
2025-10,通用电源管理,TMI6240,563353.83,911769.5816666667,850100.6564590096
2025-11,通用电源管理,TMI6240,742434.14,860339.27,786555.1564109307
2025-12,通用电源管理,TMI6240,1532197.07,762121.2483333334,664186.8598532397
2026-01,通用电源管理,TMI6240,1484066.73,910541.2866666666,934431.185393607
2026-02,通用电源管理,TMI6240,632139.82,1031620.4933333335,1123212.410033456
2026-03,通用电源管理,TMI6240,536146.83,949524.7150000002,1113786.336319459
2026-04,通用电源管理,TMI6240,1415840.57,915056.4033333333,828773.5216748609
2026-05,通用电源管理,TMI6240,1515943.42,1057137.5266666666,902780.47719227
2026-06,通用电源管理,TMI6240,654714.16,1186055.74,1178456.4501298363
2026-07,通用电源管理,TMI6240,645487.67,1039808.5883333334,1180329.41682047
2026-08,通用电源管理,TMI6240,625792.25,900045.4116666666,926219.2051794193
2025-04,通用电源管理,TMI6240I,204522.74000000002,78528.95333333332,103837.44290064195
2025-05,通用电源管理,TMI6240I,214059.13,103191.51000000001,141928.71747866977
2025-06,通用电源管理,TMI6240I,212872.51,131593.03666666665,164834.5507370631
2025-07,通用电源管理,TMI6240I,91128.26000000001,154735.52,201448.81592185906
2025-08,通用电源管理,TMI6240I,112756.42,154693.535,168349.41706256373
2025-09,通用电源管理,TMI6240I,151101.35,154407.32,138637.63812301308
2025-10,通用电源管理,TMI6240I,229588.07,164406.73500000002,114949.96650650506
2025-11,通用电源管理,TMI6240I,269491.7,168584.29,159653.79486778093
2025-12,通用电源管理,TMI6240I,369361.54,177823.05166666667,210783.5899476251
2026-01,通用电源管理,TMI6240I,187208.38999999998,203904.55666666667,285941.8324305462
2026-02,通用电源管理,TMI6240I,174594.77,219917.91166666665,246852.15175031198
2026-03,通用电源管理,TMI6240I,199028.43,230224.30333333334,223210.2961401832
2026-04,通用电源管理,TMI6240I,242520.9,238212.15,175241.49512491116
2026-05,通用电源管理,TMI6240I,242890.62,240367.62166666667,215253.6687482444
2026-06,通用电源管理,TMI6240I,301573.24,235934.1083333333,232583.26525788155
2026-07,通用电源管理,TMI6240I,142829.56,224636.05833333335,258999.50981918044
2026-08,通用电源管理,TMI6240I,337112.19,217239.58666666667,226048.12915720337
2026-05,通用电源管理,TMI6240S,4014.1499999999996,28145.22333333333,20198.23660723908
2026-06,通用电源管理,TMI6240S,22790.89,21082.656666666666,14691.614872109345
2026-07,通用电源管理,TMI6240S,21190.53,19965.463333333337,13368.543259116877
2026-08,通用电源管理,TMI6240S,30488.3,17635.198333333334,15785.556053095339
2025-07,通用电源管理,TMI6260A,127051.62,63710.013333333336,94939.56674855495
2025-08,通用电源管理,TMI6260A,35614.399999999994,80243.245,129651.74870989032
2025-09,通用电源管理,TMI6260A,91636.39,84886.505,109879.05613704657
2025-10,通用电源管理,TMI6260A,129064.12,91982.77333333333,82347.05324044306
2025-11,通用电源管理,TMI6260A,153529.71,109215.14666666667,82930.37400557219
2025-12,通用电源管理,TMI6260A,56707.77,117422.755,121322.48509229168
2026-01,通用电源管理,TMI6260A,90989.98999999999,98934.00166666666,111717.99421957048
2026-02,通用电源管理,TMI6260A,108849.3,92923.73,90015.86132962324
2026-03,通用电源管理,TMI6260A,99994.99999999999,105129.54666666668,78318.8045545598
2026-04,通用电源管理,TMI6260A,167715.33,106522.64833333333,93688.39096477465
2026-05,通用电源管理,TMI6260A,40353.84,112964.51666666666,131553.38476824088
2026-06,通用电源管理,TMI6260A,71521.85999999999,94101.87166666666,104684.96259980019
2026-07,通用电源管理,TMI6260A,46645.85,96570.88666666666,92014.41171470685
2026-08,通用电源管理,TMI6260A,81238.65,89180.19666666666,52137.12042900116
2025-01,通用电源管理,TMI6260C,40970.93,154171.27333333335,122839.81014522474
2025-02,通用电源管理,TMI6260C,95681.27,119154.21833333334,102757.4905015826
2025-03,通用电源管理,TMI6260C,187105.69,105529.45333333335,98697.93767870261
2025-04,通用电源管理,TMI6260C,131878.94999999998,111738.44833333335,113208.29087740378
2025-05,通用电源管理,TMI6260C,256428.94,118006.03833333333,143508.4437755771
2025-06,通用电源管理,TMI6260C,295452.10000000003,142294.80166666667,186090.85417488727
2025-07,通用电源管理,TMI6260C,225280.62,167919.6466666667,218135.537139266
2025-08,通用电源管理,TMI6260C,161563.5,198637.92833333337,252547.46106458802
2025-09,通用电源管理,TMI6260C,112360.53,209618.30000000005,226971.33657384463
2025-10,通用电源管理,TMI6260C,100132.4,197160.77333333332,161650.1860577206
2025-11,通用电源管理,TMI6260C,190631.41,191869.68166666664,121025.49804492113
2025-12,通用电源管理,TMI6260C,476328.83,180903.42666666667,130689.73085602207
2026-01,通用电源管理,TMI6260C,167267.56,211049.54833333334,252571.90393854628
2026-02,通用电源管理,TMI6260C,88160.9,201380.70500000005,249292.44986228077
2026-03,通用电源管理,TMI6260C,107291.22,189146.93833333332,223391.2022881273
2026-04,通用电源管理,TMI6260C,137548.12,188302.05333333334,113338.01477628843
2026-05,通用电源管理,TMI6260C,62416.46,194538.00666666668,116335.64835571079
2026-06,通用电源管理,TMI6260C,286748.99,173168.84833333333,104410.26598962059
2026-07,通用电源管理,TMI6260C,412021.79,141572.20833333334,160179.1832059662
2026-08,通用电源管理,TMI6260C,282159.74,182364.58,250351.5187739396
2026-03,通用电源管理,TMI6260D,45725.149999999994,20926.778333333332,20604.074302241563
2026-04,通用电源管理,TMI6260D,26044.22,24568.676666666666,31830.37459855825
2026-05,通用电源管理,TMI6260D,19608.6,25289.92,33721.93854823304
2026-06,通用电源管理,TMI6260D,17628.31,26478.375,31051.645414965544
2026-07,通用电源管理,TMI6260D,24751.95,27524.834999999995,20826.04706449949
2026-08,通用电源管理,TMI6260D,57393.5,26419.141666666666,20387.894636890018
2025-01,通用电源管理,TMI6261B,47231.87,97736.25166666669,83887.23012269576
2025-02,通用电源管理,TMI6261B,221195.1,77745.64333333333,96444.27430106622
2025-03,通用电源管理,TMI6261B,159490.84,94723.075,150574.26553909137
2025-04,通用电源管理,TMI6261B,248001.28,110776.74166666665,149629.8481130502
2025-05,通用电源管理,TMI6261B,218166.26,150672.24166666667,217577.38552415327
2025-06,通用电源管理,TMI6261B,309370.98,175053.17833333334,202340.20607556077
2025-07,通用电源管理,TMI6261B,226234.25,200576.05500000002,247415.0492958668
2025-08,通用电源管理,TMI6261B,216271.58,230409.785,244946.561082763
2025-09,通用电源管理,TMI6261B,191221.87,229589.19833333333,250117.8806246041
2025-10,通用电源管理,TMI6261B,294089.06,234877.70333333337,205210.8300972984
2025-11,通用电源管理,TMI6261B,413435.0,242559.0,226996.15855381996
2025-12,通用电源管理,TMI6261B,319003.54,275103.79,291366.3404686635
2026-01,通用电源管理,TMI6261B,327034.65,276709.2166666667,337993.1143355338
2026-02,通用电源管理,TMI6261B,278521.12,293509.2833333334,316602.57198154466
2026-03,通用电源管理,TMI6261B,451530.16000000003,303884.2066666667,282249.8916923416
2026-04,通用电源管理,TMI6261B,520467.11,347268.9216666667,330304.71562542906
2026-05,通用电源管理,TMI6261B,415744.98,384998.5966666667,436876.16465798824
2026-06,通用电源管理,TMI6261B,714794.88,385383.5933333333,471576.24834920786
2026-07,通用电源管理,TMI6261B,500746.11,451348.81666666665,543352.3210005367
2026-08,通用电源管理,TMI6261B,275056.2,480300.7266666666,536523.6024504552
2025-01,通用电源管理,TMI6262AL,164593.87,167943.57499999998,186284.63342385212
2025-02,通用电源管理,TMI6262AL,217850.41,172121.41,175181.37207437088
2025-03,通用电源管理,TMI6262AL,223265.04,175844.24333333332,209722.21304175278
2025-04,通用电源管理,TMI6262AL,249057.44,188572.19166666668,211798.13374035285
2025-05,通用电源管理,TMI6262AL,189962.48,198385.29333333333,238856.4745531952
2025-06,通用电源管理,TMI6262AL,157801.13,208959.845,214185.3758710057
2025-07,通用电源管理,TMI6262AL,165722.12,200421.72833333336,190399.9681493074
2025-08,通用电源管理,TMI6262AL,136567.43,200609.77000000002,166862.98884635733
2025-09,通用电源管理,TMI6262AL,404174.91,187062.60666666666,153052.8728193292
2025-10,通用电源管理,TMI6262AL,202170.57,217214.25166666668,228764.1178866565
2025-11,通用电源管理,TMI6262AL,188338.11,209399.77333333332,240368.55866039154
2025-12,通用电源管理,TMI6262AL,203411.56,209129.045,257630.1507688605
2026-01,通用电源管理,TMI6262AL,286381.23,216730.78333333335,195553.38948948638
2026-02,通用电源管理,TMI6262AL,191107.01,236840.63499999998,202645.98397261908
2026-03,通用电源管理,TMI6262AL,214423.12,245930.56499999997,207865.40433337595
2026-04,通用电源管理,TMI6262AL,138211.44,214305.2666666667,216199.6281634397
2026-05,通用电源管理,TMI6262AL,69071.98,203645.41166666662,189959.40688782115
2026-06,通用电源管理,TMI6262AL,134779.76,183767.72333333336,143302.39497826426
2026-07,通用电源管理,TMI6262AL,251447.84999999998,172329.09,112574.22055693946
2026-08,通用电源管理,TMI6262AL,36726.659999999996,166506.86000000002,149746.26197576828
2025-01,通用电源管理,TMI6263AH,144309.86000000002,246789.77000000002,282047.05389802944
2025-02,通用电源管理,TMI6263AH,142025.53,222550.5216666667,248882.50015487993
2025-03,通用电源管理,TMI6263AH,204694.31,216055.14500000002,210965.5354878579
2025-04,通用电源管理,TMI6263AH,149362.55,214501.63,171698.1572465904
2025-05,通用电源管理,TMI6263AH,130626.29000000001,201106.05333333334,171685.22913631576
2025-06,通用电源管理,TMI6263AH,180786.54,179943.96166666667,156748.3016088619
2025-07,通用电源管理,TMI6263AH,297463.58999999997,158634.18000000002,146998.19598518687
2025-08,通用电源管理,TMI6263AH,219796.3,184159.80166666667,197861.27119690352
2025-09,通用电源管理,TMI6263AH,195142.75,197121.59666666668,232210.77086972672
2025-10,通用电源管理,TMI6263AH,249986.1,195529.67,230686.9924068442
2025-11,通用电源管理,TMI6263AH,234282.7,212300.2616666667,215135.7147940055
2025-12,通用电源管理,TMI6263AH,281334.36,229576.33,220259.86476026924
2026-01,通用电源管理,TMI6263AH,760126.29,246334.29999999996,252081.47973179288
2026-02,通用电源管理,TMI6263AH,302623.86,323444.75,381230.62443736964
2026-03,通用电源管理,TMI6263AH,259878.6,337249.3433333333,410322.7378380452
2026-04,通用电源管理,TMI6263AH,371166.38,348038.6516666667,413278.14584266266
2026-05,通用电源管理,TMI6263AH,257832.03,368235.365,326182.8575586744
2026-06,通用电源管理,TMI6263AH,464444.99,372160.25333333336,302054.1354993417
2026-07,通用电源管理,TMI6263AH,607154.42,402678.69166666665,359856.1484405594
2026-08,通用电源管理,TMI6263AH,240594.35,377183.37999999995,437244.8231132009
2026-05,通用电源管理,TMI6263AL,46305.19,35536.585,59627.09138407354
2026-06,通用电源管理,TMI6263AL,9312.86,37743.575000000004,69724.90607266611
2026-07,通用电源管理,TMI6263AL,0.0,38479.55833333334,47750.14669777087
2026-08,通用电源管理,TMI6263AL,4778.76,37715.865,18292.56003916318
2025-01,通用电源管理,TMI6263BH,791365.8,813217.0016666668,807842.6176765993
2025-02,通用电源管理,TMI6263BH,808299.18,827728.9883333333,817215.8647661769
2025-03,通用电源管理,TMI6263BH,985320.74,816976.7949999999,851778.8159336685
2025-04,通用电源管理,TMI6263BH,1297984.98,810806.9316666666,903890.9146081198
2025-05,通用电源管理,TMI6263BH,1016989.14,904122.9633333333,1069949.0777236754
2025-06,通用电源管理,TMI6263BH,958677.48,950424.0883333334,1067327.4160932903
2025-07,通用电源管理,TMI6263BH,943537.48,976439.5533333333,1044371.9442736296
2025-08,通用电源管理,TMI6263BH,868328.68,1001801.5,948628.3507402252
2025-09,通用电源管理,TMI6263BH,1161214.59,1011806.4166666666,921643.6711417874
2025-10,通用电源管理,TMI6263BH,1221392.3,1041122.0583333332,962729.5266623166
2025-11,通用电源管理,TMI6263BH,1066901.54,1028356.6116666667,1051836.2068290059
2025-12,通用电源管理,TMI6263BH,986971.18,1036675.3450000001,1118303.4204838122
2026-01,通用电源管理,TMI6263BH,1625280.04,1041390.9616666666,1078409.4108955613
2026-02,通用电源管理,TMI6263BH,951275.28,1155014.7216666667,1099441.9089821412
2026-03,通用电源管理,TMI6263BH,1012168.0,1168839.155,1087875.010060511
2026-04,通用电源管理,TMI6263BH,1291173.22,1143998.0566666669,1121358.4459221263
2026-05,通用电源管理,TMI6263BH,767198.31,1155628.21,1137019.963339048
2026-06,通用电源管理,TMI6263BH,1344857.61,1105677.6716666666,1043416.7526176708
2026-07,通用电源管理,TMI6263BH,1293650.72,1165325.41,1120014.9276872287
2026-08,通用电源管理,TMI6263BH,1081631.15,1110053.8566666667,1120123.65028937
2025-01,通用电源管理,TMI6263BH定制丝印,0.0,41979.55333333334,89250.04260123095
2025-02,通用电源管理,TMI6263BH定制丝印,127114.22,41979.55333333334,43948.686610611214
2025-03,通用电源管理,TMI6263BH定制丝印,10000.76,63165.256666666675,89561.05957127977
2025-04,通用电源管理,TMI6263BH定制丝印,0.0,64832.05000000001,47944.93978043099
2025-05,通用电源管理,TMI6263BH定制丝印,309861.72000000003,43764.581666666665,47453.03851507681
2025-06,通用电源管理,TMI6263BH定制丝印,7061.9,95408.20166666666,103444.69472148674
2025-07,通用电源管理,TMI6263BH定制丝印,0.0,75673.10000000002,101106.09730297416
2025-08,通用电源管理,TMI6263BH定制丝印,5660.42,75673.10000000002,102987.91062646902
2025-09,通用电源管理,TMI6263BH定制丝印,126370.86,55430.80000000001,4232.182283994121
2025-10,通用电源管理,TMI6263BH定制丝印,117943.52999999998,74825.81666666667,42753.770377417364
2025-11,通用电源管理,TMI6263BH定制丝印,247808.68,94483.07166666667,80879.04244537256
2025-12,通用电源管理,TMI6263BH定制丝印,29734.33,84140.89833333333,159542.41702780663
2026-01,通用电源管理,TMI6263BH定制丝印,0.0,87919.63666666666,130217.37294972356
2026-02,通用电源管理,TMI6263BH定制丝印,358401.39,87919.63666666666,82938.2297078226
2026-03,通用电源管理,TMI6263BH定制丝印,114477.13,146709.79833333334,118490.25124405381
2026-04,通用电源管理,TMI6263BH定制丝印,266296.23000000004,144727.50999999998,147759.04270523565
2026-05,通用电源管理,TMI6263BH定制丝印,0.0,169452.96,258235.170609548
2026-06,通用电源管理,TMI6263BH定制丝印,186.34,128151.51333333335,129392.66825674749
2026-07,通用电源管理,TMI6263BH定制丝印,0.0,123226.84833333333,87700.3704688709
2026-08,通用电源管理,TMI6263BH定制丝印,237375.52000000002,123226.84833333333,61.286500294376864
2025-07,通用电源管理,TMI6263CH,20661.4,69489.98666666666,72405.06735346951
2025-08,通用电源管理,TMI6263CH,98362.45,71203.47166666666,61806.08538720341
2025-09,通用电源管理,TMI6263CH,59203.3,73269.835,72006.192205596
2025-10,通用电源管理,TMI6263CH,100791.62,67530.92166666666,57712.7075199265
2025-11,通用电源管理,TMI6263CH,0.0,74758.765,83591.2094274812
2025-12,通用电源管理,TMI6263CH,22300.31,62742.0,51869.090894215864
2026-01,通用电源管理,TMI6263CH,37008.75,50219.84666666667,40529.08540430041
2026-02,通用电源管理,TMI6263CH,41269.759999999995,52944.405,17723.337518156313
2026-03,通用电源管理,TMI6263CH,24424.68,43428.956666666665,30704.748461776366
2026-04,通用电源管理,TMI6263CH,53882.99,37632.52,32091.381602983216
2026-05,通用电源管理,TMI6263CH,65628.12999999999,29814.414999999997,41775.098563771666
2026-06,通用电源管理,TMI6263CH,101893.41,40752.43666666667,48911.60773345476
2026-07,通用电源管理,TMI6263CH,150742.77,54017.95333333333,72865.02567310963
2026-08,通用电源管理,TMI6263CH,155468.43,72973.62333333334,104675.89207097053
2025-01,通用电源管理,TMI6401,115419.76000000001,185875.56833333336,189136.05167706392
2025-02,通用电源管理,TMI6401,143871.49000000002,183125.51,164099.72244314576
2025-03,通用电源管理,TMI6401,213086.49000000002,169119.14833333335,152066.29076856872
2025-04,通用电源管理,TMI6401,143113.0,167691.45166666666,165176.13391269205
2025-05,通用电源管理,TMI6401,210201.30000000002,161428.665,173065.60868996376
2025-06,通用电源管理,TMI6401,175385.48,165878.23333333334,183176.0849586326
2025-07,通用电源管理,TMI6401,86495.34,166846.25333333333,168667.67898442224
2025-08,通用电源管理,TMI6401,92755.54000000001,162025.51666666666,153408.41803748804
2025-09,通用电源管理,TMI6401,211757.04,153506.19166666668,117972.64335845673
2025-10,通用电源管理,TMI6401,89936.31,153284.61666666667,126614.41158058589
2025-11,通用电源管理,TMI6401,88956.38,144421.835,127623.4534065256
2025-12,通用电源管理,TMI6401,246216.04,124214.34833333333,126645.56070387039
2026-01,通用电源管理,TMI6401,163857.71,136019.44166666668,139970.73589051436
2026-02,通用电源管理,TMI6401,101611.93,148913.17,149125.26729844348
2026-03,通用电源管理,TMI6401,136778.23,150389.235,156207.63989767423
2026-04,通用电源管理,TMI6401,155967.76,137892.76666666663,125689.27893239913
2026-05,通用电源管理,TMI6401,150286.49,148898.00833333333,137771.32505192648
2026-06,通用电源管理,TMI6401,260933.23,159119.69333333333,150549.27874051934
2026-07,通用电源管理,TMI6401,153128.16,161572.55833333332,186663.43589115524
2026-08,通用电源管理,TMI6401,111650.24,159784.30000000002,185611.81986557346
2025-01,通用电源管理,TMI6601A,56548.31,62085.11666666666,52153.392811457044
2025-02,通用电源管理,TMI6601A,32920.16,69132.13833333332,54845.63425872062
2025-03,通用电源管理,TMI6601A,27238.76,50167.818333333336,44826.84266120506
2025-04,通用电源管理,TMI6601A,137527.96000000002,43982.01833333333,40808.97006505715
2025-05,通用电源管理,TMI6601A,84596.16,59044.98833333334,68415.88811496284
2025-06,通用电源管理,TMI6601A,28141.210000000003,62631.14333333335,80644.86649534742
2025-07,通用电源管理,TMI6601A,238.94,61162.09333333333,79840.53320652129
2025-08,通用电源管理,TMI6601A,2389.38,51777.19833333334,36712.92823547912
2025-09,通用电源管理,TMI6601A,56282.409999999996,46688.73500000001,10235.73214263009
2025-10,通用电源管理,TMI6601A,0.0,51529.34333333333,19076.205450602552
2025-11,通用电源管理,TMI6601A,0.0,28608.016666666666,18983.18552079701
2025-12,通用电源管理,TMI6601A,59625.090000000004,14508.656666666668,18246.313320669957
2026-01,通用电源管理,TMI6601A,0.0,19755.97,19632.077950594306
2026-02,通用电源管理,TMI6601A,0.0,19716.146666666667,17817.776822300788
2026-03,通用电源管理,TMI6601A,0.0,19317.916666666668,18202.37491810679
2026-04,通用电源管理,TMI6601A,16805.06,9937.515000000001,0.0
2026-05,通用电源管理,TMI6601A,16566.12,12738.358333333335,5870.949374560875
2026-06,通用电源管理,TMI6601A,27610.199999999997,15499.378333333334,11340.042336670314
2026-07,通用电源管理,TMI6601A,27610.199999999997,10163.563333333334,20069.191083315476
2026-08,通用电源管理,TMI6601A,43209.97,14765.26333333333,23610.306853666898
2025-01,通用电源管理,TMI6809-263,11555.07,64182.016666666685,83073.51463878182
2025-02,通用电源管理,TMI6809-263,11908.61,48503.20166666667,59988.67660041754
2025-03,通用电源管理,TMI6809-263,80058.13,48842.325000000004,34743.06365836981
2025-04,通用电源管理,TMI6809-263,33764.29,56328.003333333334,36198.429569192354
2025-05,通用电源管理,TMI6809-263,25244.27,49499.55833333333,43513.25733432101
2025-06,通用电源管理,TMI6809-263,53519.94,39508.60833333334,44974.67565741887
2025-07,通用电源管理,TMI6809-263,22304.06,36008.385,35899.24118106983
2025-08,通用电源管理,TMI6809-263,31247.44,37799.88333333333,32843.27611154965
2025-09,通用电源管理,TMI6809-263,41446.4,41023.02166666667,35618.17746210907
2025-10,通用电源管理,TMI6809-263,16673.920000000002,34587.73333333333,30761.789198263144
2025-11,通用电源管理,TMI6809-263,83664.91,31739.338333333333,28914.828875308947
2025-12,通用电源管理,TMI6809-263,32733.670000000002,41476.11166666667,45965.65304902995
2026-01,通用电源管理,TMI6809-263,65749.96,38011.73333333333,43815.274628188585
2026-02,通用电源管理,TMI6809-263,35375.87,45252.71666666667,54431.482354625005
2026-03,通用电源管理,TMI6809-263,25398.510000000002,45940.78833333334,40864.6897698656
2026-04,通用电源管理,TMI6809-263,58982.81,43266.14000000001,39534.71043115208
2026-05,通用电源管理,TMI6809-263,72718.27,50317.621666666666,41837.89880724423
2026-06,通用电源管理,TMI6809-263,59945.05,48493.18166666667,53384.86687235958
2026-07,通用电源管理,TMI6809-263,48523.73,53028.411666666674,63071.42939939895
2026-08,通用电源管理,TMI6809-263,34276.840000000004,50157.37333333333,59591.715107664895
2025-05,通用电源管理,TMI6809-293,36686.340000000004,35356.965000000004,41601.55871655702
2025-06,通用电源管理,TMI6809-293,16227.96,36884.78333333333,40733.94175878279
2025-07,通用电源管理,TMI6809-293,30300.82,31108.441666666666,32991.5457274639
2025-08,通用电源管理,TMI6809-293,13017.140000000001,33903.72,27041.6933308123
2025-09,通用电源管理,TMI6809-293,25721.78,30916.631666666668,19808.430200476894
2025-10,通用电源管理,TMI6809-293,18772.18,28742.31333333334,22356.135537552887
2025-11,通用电源管理,TMI6809-293,24697.79,23454.37,18607.64569830082
2025-12,通用电源管理,TMI6809-293,32153.210000000003,21456.278333333335,22431.41950931855
2026-01,通用电源管理,TMI6809-293,56108.04,24110.486666666664,24899.58781834668
2026-02,通用电源管理,TMI6809-293,5262.8,28411.690000000002,33755.57109903478
2026-03,通用电源管理,TMI6809-293,22080.7,27119.3,28551.065029164154
2026-04,通用电源管理,TMI6809-293,27202.699999999997,26512.453333333335,26075.87179615958
2026-05,通用电源管理,TMI6809-293,15520.240000000002,27917.539999999997,19056.044951620068
2026-06,通用电源管理,TMI6809-293,20747.47,26387.948333333334,22021.277676436428
2026-07,通用电源管理,TMI6809-293,21562.0,24486.99166666667,20888.339792021394
2026-08,通用电源管理,TMI6809-293,17585.31,18729.318333333333,19019.966399799985
2025-01,通用电源管理,TMI7003C,98548.53,195839.03,214451.64490365222
2025-02,通用电源管理,TMI7003C,72004.29,187392.15166666664,195433.77709611945
2025-03,通用电源管理,TMI7003C,233601.43,175043.36666666667,145835.3926921869
2025-04,通用电源管理,TMI7003C,72132.59,168228.285,141320.45366782867
2025-05,通用电源管理,TMI7003C,219310.54,155949.55666666667,130728.46287874616
2025-06,通用电源管理,TMI7003C,143282.93,156056.72166666665,169801.32907234802
2025-07,通用电源管理,TMI7003C,126057.31,139813.385,138687.84952821938
2025-08,通用电源管理,TMI7003C,110538.22,144398.18166666667,158792.59128175542
2025-09,通用电源管理,TMI7003C,216875.61,150820.50333333333,126369.63136306657
2025-10,通用电源管理,TMI7003C,118831.62,148032.86666666667,146840.9682337828
2025-11,通用电源管理,TMI7003C,127048.48000000001,155816.03833333333,144382.16671353555
2025-12,通用电源管理,TMI7003C,210185.5,140439.02833333332,150021.75058937745
2026-01,通用电源管理,TMI7003C,259831.45,151589.45666666667,150163.55379563474
2026-02,通用电源管理,TMI7003C,217831.59,173885.14666666664,178421.17437560353
2026-03,通用电源管理,TMI7003C,215150.2,191767.375,209986.718878787
2026-04,通用电源管理,TMI7003C,316035.0,191479.80666666667,216481.4361115677
2026-05,通用电源管理,TMI7003C,174125.27,224347.03666666665,261673.54682375985
2026-06,通用电源管理,TMI7003C,83840.54000000001,232193.16833333333,239675.39027079166
2026-07,通用电源管理,TMI7003C,334105.7,211135.67500000002,188905.72725425143
2026-08,通用电源管理,TMI7003C,55937.93,223514.71666666667,194730.01380222794
2025-01,通用电源管理,TMI7205B,0.0,147743.35833333334,100751.52542743867
2025-02,通用电源管理,TMI7205B,0.0,114292.03166666668,0.0
2025-03,通用电源管理,TMI7205B,0.0,84557.51833333333,0.0
2025-04,通用电源管理,TMI7205B,167256.63999999998,47389.378333333334,0.0
2025-05,通用电源管理,TMI7205B,378.56,27876.106666666663,57884.52713060481
2025-06,通用电源管理,TMI7205B,5407.96,27939.199999999997,54213.83617289333
2025-07,通用电源管理,TMI7205B,5407.96,28840.52666666666,55204.84264496953
2025-08,通用电源管理,TMI7205B,5575.22,29741.85333333333,3637.772740794121
2025-09,通用电源管理,TMI7205B,0.0,30671.05666666666,5452.644825980434
2025-10,通用电源管理,TMI7205B,21799.11,30671.05666666666,3556.523543010738
2025-11,通用电源管理,TMI7205B,27876.100000000002,6428.134999999999,8856.930816283591
2025-12,通用电源管理,TMI7205B,5407.96,11011.058333333334,16104.311203626099
2026-01,通用电源管理,TMI7205B,5575.22,11011.058333333334,18136.611403116338
2026-02,通用电源管理,TMI7205B,23893.800000000003,11038.935,11612.325927144038
2026-03,通用电源管理,TMI7205B,29999.989999999998,14092.031666666668,10647.2605067986
2026-04,通用电源管理,TMI7205B,23893.8,19092.03,18582.117005923817
2026-05,通用电源管理,TMI7205B,0.0,19441.145,27175.56514877648
2026-06,通用电源管理,TMI7205B,15132.740000000002,14795.128333333334,18313.94215858172
2026-07,通用电源管理,TMI7205B,0.0,16415.925,12843.774420661764
2026-08,通用电源管理,TMI7205B,0.0,15486.721666666666,4977.099251179181
2025-01,通用电源管理,TMI8037,246111.28,264162.51499999996,187309.45719802802
2025-02,通用电源管理,TMI8037,163102.51,257723.56166666668,209817.3021737446
2025-03,通用电源管理,TMI8037,259978.18,205251.59833333336,234979.6523392765
2025-04,通用电源管理,TMI8037,173592.93,199634.66833333333,233996.08637362585
2025-05,通用电源管理,TMI8037,126978.12,199282.88166666668,206498.05200562556
2025-06,通用电源管理,TMI8037,500406.94,203876.03999999995,181283.66907464247
2025-07,通用电源管理,TMI8037,178616.53999999998,245028.32666666666,255530.83924284548
2025-08,通用电源管理,TMI8037,265289.94,233779.20333333334,261919.3253743316
2025-09,通用电源管理,TMI8037,209852.16999999998,250810.44166666665,314133.469890861
2025-10,通用电源管理,TMI8037,121390.09999999999,242456.10666666666,211697.16149347607
2025-11,通用电源管理,TMI8037,138423.88,233755.635,193007.26314232178
2025-12,通用电源管理,TMI8037,200105.04,235663.26166666663,152262.0607222181
2026-01,通用电源管理,TMI8037,390351.44,185612.94499999998,151432.32574744863
2026-02,通用电源管理,TMI8037,130697.71,220902.095,217811.4546181525
2026-03,通用电源管理,TMI8037,249093.02,198470.05666666664,220154.28303996887
2026-04,通用电源管理,TMI8037,244423.06000000003,205010.19833333333,240644.19290208587
2026-05,通用电源管理,TMI8037,0.0,225515.69166666668,218072.86376798255
2026-06,通用电源管理,TMI8037,23118.81,202445.045,167704.38567133597
2026-07,通用电源管理,TMI8037,53745.7,172947.34000000003,88048.98990179544
2026-08,通用电源管理,TMI8037,0.0,116846.38333333335,25280.437988312402
2025-08,音频功放,TMS8007SP-TR,28306.760000000002,61613.704999999994,76232.1689219501
2025-09,音频功放,TMS8007SP-TR,92019.2,63774.86833333334,64725.963507019354
2025-10,音频功放,TMS8007SP-TR,74681.68,73353.895,62893.37716131376
2025-11,音频功放,TMS8007SP-TR,72844.49,75536.54833333334,52472.85334308694
2025-12,音频功放,TMS8007SP-TR,189346.83,78350.95666666667,68379.53092219935
2026-01,音频功放,TMS8007SP-TR,112135.81,93431.67833333333,90185.85163016367
2026-02,音频功放,TMS8007SP-TR,72545.06,94889.12833333334,94956.11222620569
2026-03,音频功放,TMS8007SP-TR,60292.35,102262.17833333334,94570.81650952864
2026-04,音频功放,TMS8007SP-TR,107973.47,96974.37,69424.31992938352
2026-05,音频功放,TMS8007SP-TR,132624.51,102523.00166666666,79237.23576026341
2026-06,音频功放,TMS8007SP-TR,109749.36,112486.33833333333,106232.98048093134
2026-07,音频功放,TMS8007SP-TR,202685.14,99220.09333333334,129648.76431276559
2026-08,音频功放,TMS8007SP-TR,238461.92,114311.64833333333,178755.01846946764
2025-12,音频功放,TMS8525GM-TR,276035.29,91924.45,114460.77231999337
2026-01,音频功放,TMS8525GM-TR,464955.61,130585.20333333332,167025.47528900547
2026-02,音频功放,TMS8525GM-TR,328390.59,199753.32333333333,236727.02987939055
2026-03,音频功放,TMS8525GM-TR,290442.36,245059.57499999998,270387.14156592236
2026-04,音频功放,TMS8525GM-TR,395294.58,284613.6883333334,307140.8528868824
2026-05,音频功放,TMS8525GM-TR,287752.16000000003,324555.125,333691.99176375923
2026-06,音频功放,TMS8525GM-TR,69203.51,340478.4316666667,343702.1341254117
2026-07,音频功放,TMS8525GM-TR,75221.2,306006.4683333334,278376.0692074014
2026-08,音频功放,TMS8525GM-TR,105982.26000000001,241050.7333333333,173580.9918305591
2026-02,音频功放,TMS8601BGM-TR,6725.66,49175.405000000006,34981.87114134239
2026-03,音频功放,TMS8601BGM-TR,62664.07,41237.36666666667,36228.25632372012
2026-04,音频功放,TMS8601BGM-TR,127316.79000000001,38460.16333333334,43723.16351068687
2026-05,音频功放,TMS8601BGM-TR,69120.0,55768.131666666675,64724.98626648834
2026-06,音频功放,TMS8601BGM-TR,4320.0,67063.94333333334,91478.70123633591
2026-07,音频功放,TMS8601BGM-TR,34560.0,59173.32666666667,74291.61514654964
2026-08,音频功放,TMS8601BGM-TR,50196.09,50784.420000000006,43377.48829015393
2025-04,音频功放,TMS8609DTF-TR,0.0,78258.81833333333,61436.49254063585
2025-05,音频功放,TMS8609DTF-TR,33451.32,65747.76,31212.88531323098
2025-06,音频功放,TMS8609DTF-TR,57982.28,57517.674999999996,35582.43523099936
2025-07,音频功放,TMS8609DTF-TR,35123.87,37845.11666666667,23447.811411520437
2025-08,音频功放,TMS8609DTF-TR,35123.869999999995,36796.443333333336,37363.73022431262
2025-09,音频功放,TMS8609DTF-TR,17840.71,42650.42166666667,35998.43110515637
2025-10,音频功放,TMS8609DTF-TR,48683.61,29920.341666666664,24764.226124566747
2025-11,音频功放,TMS8609DTF-TR,51132.68,38034.276666666665,27351.597950009742
2025-12,音频功放,TMS8609DTF-TR,63736.65,40981.16999999999,33585.83165148719
2026-01,音频功放,TMS8609DTF-TR,98000.36,41940.23166666667,43785.52505103425
2026-02,音频功放,TMS8609DTF-TR,90191.06,52419.64666666667,53998.9665541945
2026-03,音频功放,TMS8609DTF-TR,57225.6,61597.511666666665,63698.60649777994
2026-04,音频功放,TMS8609DTF-TR,24072.98,68161.65999999999,69550.09087358984
2026-05,音频功放,TMS8609DTF-TR,14814.14,64059.88833333333,56427.53780527981
2026-06,音频功放,TMS8609DTF-TR,37449.52,58006.79833333333,33933.761539392835
2026-07,音频功放,TMS8609DTF-TR,18641.57,53625.61000000001,28248.968717126358
2026-08,音频功放,TMS8609DTF-TR,0.0,40399.145000000004,28478.618370700664
