产品线,月,方法,预测,实际,误差
POE电源管理,2025-01,naive,2253923.65,1313692.78,940230.8699999999
POE电源管理,2025-01,ma3,1277372.7666666666,1313692.78,-36320.01333333342
POE电源管理,2025-01,ma6,1150592.9016666666,1313692.78,-163099.8783333334
POE电源管理,2025-01,ma12,872909.0475,1313692.78,-440783.73250000004
POE电源管理,2025-01,snaive,675465.34,1313692.78,-638227.4400000001
POE电源管理,2025-01,yoy_adj,675465.34,1313692.78,-638227.4400000001
POE电源管理,2025-01,trend6,1759587.2986666658,1313692.78,445894.51866666577
POE电源管理,2025-01,trend12,1491214.1459090912,1313692.78,177521.3659090912
POE电源管理,2025-02,naive,1313692.78,722860.49,590832.29
POE电源管理,2025-02,ma3,1500335.1433333333,722860.49,777474.6533333333
POE电源管理,2025-02,ma6,1265352.0633333332,722860.49,542491.5733333332
POE电源管理,2025-02,ma12,926094.6675,722860.49,203234.1775
POE电源管理,2025-02,snaive,132424.97,722860.49,-590435.52
POE电源管理,2025-02,yoy_adj,132424.97,722860.49,-590435.52
POE电源管理,2025-02,trend6,1588077.8353333331,722860.49,865217.3453333331
POE电源管理,2025-02,trend12,1596260.058181818,722860.49,873399.5681818181
POE电源管理,2025-03,naive,722860.49,1704299.35,-981438.8600000001
POE电源管理,2025-03,ma3,1430158.9733333334,1704299.35,-274140.3766666667
POE电源管理,2025-03,ma6,1131440.7633333334,1704299.35,-572858.5866666667
POE电源管理,2025-03,ma12,975297.6275,1704299.35,-729001.7225000001
POE电源管理,2025-03,snaive,788849.48,1704299.35,-915449.8700000001
POE电源管理,2025-03,yoy_adj,788849.48,1704299.35,-915449.8700000001
POE电源管理,2025-03,trend6,1365604.1073333332,1704299.35,-338695.24266666686
POE电源管理,2025-03,trend12,1360161.1540909093,1704299.35,-344138.1959090908
POE电源管理,2025-04,naive,1704299.35,1737893.52,-33594.169999999925
POE电源管理,2025-04,ma3,1246950.8733333333,1737893.52,-490942.6466666667
POE电源管理,2025-04,ma6,1262161.82,1737893.52,-475731.69999999995
POE电源管理,2025-04,ma12,1051585.1166666665,1737893.52,-686308.4033333336
POE电源管理,2025-04,snaive,782305.04,1737893.52,-955588.48
POE电源管理,2025-04,yoy_adj,782305.04,1737893.52,-955588.48
POE电源管理,2025-04,trend6,1634727.0299999998,1737893.52,-103166.49000000022
POE电源管理,2025-04,trend12,1563612.1212121216,1737893.52,-174281.39878787845
POE电源管理,2025-05,naive,1737893.52,2176876.46,-438982.93999999994
POE电源管理,2025-05,ma3,1388351.1199999999,2176876.46,-788525.3400000001
POE电源管理,2025-05,ma6,1444343.1316666666,2176876.46,-732533.3283333334
POE电源管理,2025-05,ma12,1131217.49,2176876.46,-1045658.97
POE电源管理,2025-05,snaive,529071.37,2176876.46,-1647805.0899999999
POE电源管理,2025-05,yoy_adj,529071.37,2176876.46,-1647805.0899999999
POE电源管理,2025-05,trend6,1622624.8726666667,2176876.46,-554251.5873333332
POE电源管理,2025-05,trend12,1735261.5727272728,2176876.46,-441614.8872727272
POE电源管理,2025-06,naive,2176876.46,2867697.15,-690820.69
POE电源管理,2025-06,ma3,1873023.11,2867697.15,-994674.0399999998
POE电源管理,2025-06,ma6,1651591.0416666667,2867697.15,-1216106.1083333332
POE电源管理,2025-06,ma12,1268534.5808333333,2867697.15,-1599162.5691666666
POE电源管理,2025-06,snaive,663234.96,2867697.15,-2204462.19
POE电源管理,2025-06,yoy_adj,663234.96,2867697.15,-2204462.19
POE电源管理,2025-06,trend6,1838471.5546666663,2867697.15,-1029225.5953333336
POE电源管理,2025-06,trend12,1956086.597878788,2867697.15,-911610.552121212
POE电源管理,2025-07,naive,2867697.15,2917463.7600000002,-49766.610000000335
POE电源管理,2025-07,ma3,2260822.3766666665,2917463.7600000002,-656641.3833333338
POE电源管理,2025-07,ma6,1753886.625,2917463.7600000002,-1163577.1350000002
POE电源管理,2025-07,ma12,1452239.763333333,2917463.7600000002,-1465223.9966666673
POE电源管理,2025-07,snaive,625137.8099999999,2917463.7600000002,-2292325.95
POE电源管理,2025-07,yoy_adj,625137.8099999999,2917463.7600000002,-2292325.95
POE电源管理,2025-07,trend6,2970453.0179999988,2917463.7600000002,52989.25799999852
POE电源管理,2025-07,trend12,2360743.8983333334,2917463.7600000002,-556719.8616666668
POE电源管理,2025-08,naive,2917463.7600000002,3643105.14,-725641.3799999999
POE电源管理,2025-08,ma3,2654012.4566666665,3643105.14,-989092.6833333336
POE电源管理,2025-08,ma6,2021181.7883333333,3643105.14,-1621923.3516666668
POE电源管理,2025-08,ma12,1643266.9258333333,3643105.14,-1999838.2141666668
POE电源管理,2025-08,snaive,1526328.29,3643105.14,-2116776.85
POE电源管理,2025-08,yoy_adj,1526328.29,3643105.14,-2116776.85
POE电源管理,2025-08,trend6,3511401.0573333316,3643105.14,-131704.08266666858
POE电源管理,2025-08,trend12,2673706.028333334,3643105.14,-969399.1116666663
POE电源管理,2025-09,naive,3643105.14,3049535.7199999997,593569.4200000004
POE电源管理,2025-09,ma3,3142755.35,3049535.7199999997,93219.63000000035
POE电源管理,2025-09,ma6,2507889.23,3049535.7199999997,-541646.4899999998
POE电源管理,2025-09,ma12,1819664.9966666668,3049535.7199999997,-1229870.723333333
POE电源管理,2025-09,snaive,919973.01,3049535.7199999997,-2129562.71
POE电源管理,2025-09,yoy_adj,919973.01,3049535.7199999997,-2129562.71
POE电源管理,2025-09,trend6,3900245.265999999,3049535.7199999997,850709.5459999992
POE电源管理,2025-09,trend12,3315513.6012121215,3049535.7199999997,265977.8812121218
POE电源管理,2025-10,naive,3049535.7199999997,2774441.52,275094.1999999997
POE电源管理,2025-10,ma3,3203368.206666667,2774441.52,428926.686666667
POE电源管理,2025-10,ma6,2732095.2916666665,2774441.52,-42346.22833333351
POE电源管理,2025-10,ma12,1997128.5558333334,2774441.52,-777312.9641666666
POE电源管理,2025-10,snaive,644805.65,2774441.52,-2129635.87
POE电源管理,2025-10,yoy_adj,644805.65,2774441.52,-2129635.87
POE电源管理,2025-10,trend6,3832761.6566666653,2774441.52,1058320.1366666653
POE电源管理,2025-10,trend12,3534626.7542424244,2774441.52,760185.2342424244
POE电源管理,2025-11,naive,2774441.52,3936413.86,-1161972.3399999999
POE电源管理,2025-11,ma3,3155694.1266666665,3936413.86,-780719.7333333334
POE电源管理,2025-11,ma6,2904853.2916666665,3936413.86,-1031560.5683333334
POE电源管理,2025-11,ma12,2174598.2116666664,3936413.86,-1761815.6483333334
POE电源管理,2025-11,snaive,933389.0,3936413.86,-3003024.86
POE电源管理,2025-11,yoy_adj,933389.0,3936413.86,-3003024.86
POE电源管理,2025-11,trend6,3330751.530666666,3936413.86,-605662.3293333338
POE电源管理,2025-11,trend12,3506874.7016666667,3936413.86,-429539.1583333332
POE电源管理,2025-12,naive,3936413.86,3907488.56,28925.299999999814
POE电源管理,2025-12,ma3,3253463.6999999997,3907488.56,-654024.8600000003
POE电源管理,2025-12,ma6,3198109.525,3907488.56,-709379.0350000001
POE电源管理,2025-12,ma12,2424850.283333333,3907488.56,-1482638.2766666668
POE电源管理,2025-12,snaive,2253923.65,3907488.56,-1653564.9100000001
POE电源管理,2025-12,yoy_adj,2253923.65,3907488.56,-1653564.9100000001
POE电源管理,2025-12,trend6,3630204.2659999984,3907488.56,-277284.2940000016
POE电源管理,2025-12,trend12,3830859.7819696963,3907488.56,-76628.77803030377
POE电源管理,2026-01,naive,3907488.56,4866673.95,-959185.3900000001
POE电源管理,2026-01,ma3,3539447.98,4866673.95,-1327225.9700000002
POE电源管理,2026-01,ma6,3371408.0933333333,4866673.95,-1495265.856666667
POE电源管理,2026-01,ma12,2562647.3591666664,4866673.95,-2304026.590833334
POE电源管理,2026-01,snaive,1313692.78,4866673.95,-3552981.17
POE电源管理,2026-01,yoy_adj,3856680.5362655106,4866673.95,-1009993.4137344896
POE电源管理,2026-01,trend6,3926903.689333333,4866673.95,-939770.260666667
POE电源管理,2026-01,trend12,4288815.376212122,4866673.95,-577858.5737878783
POE电源管理,2026-02,naive,4866673.95,3004545.39,1862128.56
POE电源管理,2026-02,ma3,4236858.79,3004545.39,1232313.4
POE电源管理,2026-02,ma6,3696276.4583333326,3004545.39,691731.0683333324
POE电源管理,2026-02,ma12,2858729.123333333,3004545.39,-145816.26666666707
POE电源管理,2026-02,snaive,722860.49,3004545.39,-2281684.9000000004
POE电源管理,2026-02,yoy_adj,2231372.6742952047,3004545.39,-773172.7157047954
POE电源管理,2026-02,trend6,4681643.9493333325,3004545.39,1677098.5593333323
POE电源管理,2026-02,trend12,4791894.4806060605,3004545.39,1787349.0906060603
POE电源管理,2026-03,naive,3004545.39,3662912.14,-658366.75
POE电源管理,2026-03,ma3,3926235.966666667,3662912.14,263323.82666666666
POE电源管理,2026-03,ma6,3589849.8333333335,3662912.14,-73062.30666666664
POE电源管理,2026-03,ma12,3048869.5316666667,3662912.14,-614042.6083333334
POE电源管理,2026-03,snaive,1704299.35,3662912.14,-1958612.79
POE电源管理,2026-03,yoy_adj,5327795.551368042,3662912.14,1664883.4113680418
POE电源管理,2026-03,trend6,4192131.8673333325,3662912.14,529219.7273333324
POE电源管理,2026-03,trend12,4387436.859393939,3662912.14,724524.7193939392
POE电源管理,2026-04,naive,3662912.14,3075145.09,587767.0500000003
POE电源管理,2026-04,ma3,3844710.4933333336,3075145.09,769565.4033333338
POE电源管理,2026-04,ma6,3692079.236666667,3075145.09,616934.146666667
POE电源管理,2026-04,ma12,3212087.264166666,3075145.09,136942.17416666634
POE电源管理,2026-04,snaive,1737893.52,3075145.09,-1337251.5699999998
POE电源管理,2026-04,yoy_adj,5308429.677822509,3075145.09,2233284.587822509
POE电源管理,2026-04,trend6,3952672.5446666665,3075145.09,877527.4546666667
POE电源管理,2026-04,trend12,4306905.872121214,3075145.09,1231760.782121214
POE电源管理,2026-05,naive,3075145.09,4652545.17,-1577400.08
POE电源管理,2026-05,ma3,3247534.206666667,4652545.17,-1405010.963333333
POE电源管理,2026-05,ma6,3742196.4983333335,4652545.17,-910348.6716666664
POE电源管理,2026-05,ma12,3323524.8949999996,4652545.17,-1329020.2750000004
POE电源管理,2026-05,snaive,2176876.46,4652545.17,-2475668.71
POE电源管理,2026-05,yoy_adj,6395678.260021838,4652545.17,1743133.0900218384
POE电源管理,2026-05,trend6,3051976.3313333327,4652545.17,-1600568.8386666672
POE电源管理,2026-05,trend12,3948550.7168181823,4652545.17,-703994.4531818177
POE电源管理,2026-06,naive,4652545.17,4905017.81,-252472.63999999966
POE电源管理,2026-06,ma3,3796867.466666667,4905017.81,-1108150.3433333328
POE电源管理,2026-06,ma6,3861551.7166666673,4905017.81,-1043466.0933333323
POE电源管理,2026-06,ma12,3529830.6208333336,4905017.81,-1375187.189166666
POE电源管理,2026-06,snaive,2867697.15,4905017.81,-2037320.6599999997
POE电源管理,2026-06,yoy_adj,7979668.323032044,4905017.81,3074650.5130320443
POE电源管理,2026-06,trend6,3762458.0386666646,4905017.81,-1142559.771333335
POE电源管理,2026-06,trend12,4148329.0192424227,4905017.81,-756688.7907575769
POE电源管理,2026-07,naive,4905017.81,5657696.48,-752678.6700000009
POE电源管理,2026-07,ma3,4210902.69,5657696.48,-1446793.79
POE电源管理,2026-07,ma6,4027806.591666667,5657696.48,-1629889.8883333337
POE电源管理,2026-07,ma12,3699607.3425,5657696.48,-1958089.1375000007
POE电源管理,2026-07,snaive,2917463.7600000002,5657696.48,-2740232.72
POE电源管理,2026-07,yoy_adj,7432292.256754735,5657696.48,1774595.776754734
POE电源管理,2026-07,trend6,4482601.750666664,5657696.48,-1175094.7293333365
POE电源管理,2026-07,trend12,4466272.194545455,5657696.48,-1191424.2854545452
POE电源管理,2026-08,naive,5657696.48,4380726.64,1276969.8400000008
POE电源管理,2026-08,ma3,5071753.153333333,4380726.64,691026.5133333337
POE电源管理,2026-08,ma6,4159643.68,4380726.64,-221082.9599999995
POE电源管理,2026-08,ma12,3927960.0691666664,4380726.64,-452766.5708333333
POE电源管理,2026-08,snaive,3643105.14,4380726.64,-737621.4999999995
POE电源管理,2026-08,yoy_adj,8708245.320789238,4380726.64,4327518.680789239
POE电源管理,2026-08,trend6,6016590.933999997,4380726.64,1635864.293999997
POE电源管理,2026-08,trend12,4953059.328939395,4380726.64,572332.6889393954
dTOF模组,2025-01,naive,44159.29,48938.04,-4778.75
dTOF模组,2025-01,ma3,21943.373333333333,48938.04,-26994.666666666668
dTOF模组,2025-01,ma6,30813.868333333332,48938.04,-18124.17166666667
dTOF模组,2025-01,ma12,24315.4875,48938.04,-24622.5525
dTOF模组,2025-01,snaive,10884.95,48938.04,-38053.09
dTOF模组,2025-01,yoy_adj,10884.95,48938.04,-38053.09
dTOF模组,2025-01,trend6,4381.493333333325,48938.04,-44556.546666666676
dTOF模组,2025-01,trend12,25080.219545454544,48938.04,-23857.820454545457
dTOF模组,2025-02,naive,48938.04,23716.81,25221.23
dTOF模组,2025-02,ma3,32562.84,23716.81,8846.029999999999
dTOF模组,2025-02,ma6,22431.861666666668,23716.81,-1284.9483333333337
dTOF模组,2025-02,ma12,27486.578333333327,23716.81,3769.768333333326
dTOF模组,2025-02,snaive,10619.47,23716.81,-13097.340000000002
dTOF模组,2025-02,yoy_adj,10619.47,23716.81,-13097.340000000002
dTOF模组,2025-02,trend6,52952.92066666665,23716.81,29236.11066666665
dTOF模组,2025-02,trend12,30438.83515151515,23716.81,6722.02515151515
dTOF模组,2025-03,naive,23716.81,21238.93,2477.880000000001
dTOF模组,2025-03,ma3,38938.04666666667,21238.93,17699.11666666667
dTOF模组,2025-03,ma6,26384.663333333334,21238.93,5145.733333333334
dTOF模组,2025-03,ma12,28578.02333333333,21238.93,7339.0933333333305
dTOF模组,2025-03,snaive,84955.74,21238.93,63716.810000000005
dTOF模组,2025-03,yoy_adj,84955.74,21238.93,63716.810000000005
dTOF模组,2025-03,trend6,41845.893333333326,21238.93,20606.963333333326
dTOF模组,2025-03,trend12,25604.374242424226,21238.93,4365.444242424226
dTOF模组,2025-04,naive,21238.93,37964.58,-16725.65
dTOF模组,2025-04,ma3,31297.926666666666,37964.58,-6666.6533333333355
dTOF模组,2025-04,ma6,26620.649999999998,37964.58,-11343.930000000004
dTOF模组,2025-04,ma12,23268.28916666667,37964.58,-14696.290833333333
dTOF模组,2025-04,snaive,0.0,37964.58,-37964.58
dTOF模组,2025-04,yoy_adj,0.0,37964.58,-37964.58
dTOF模组,2025-04,trend6,34915.85599999999,37964.58,-3048.7240000000093
dTOF模组,2025-04,trend12,35116.9193939394,37964.58,-2847.660606060599
dTOF模组,2025-05,naive,37964.58,0.0,37964.58
dTOF模组,2025-05,ma3,27640.10666666667,0.0,27640.10666666667
dTOF模组,2025-05,ma6,30101.47333333334,0.0,30101.47333333334
dTOF模组,2025-05,ma12,26432.00416666667,0.0,26432.00416666667
dTOF模组,2025-05,snaive,442.48,0.0,442.48
dTOF模组,2025-05,yoy_adj,442.48,0.0,442.48
dTOF模组,2025-05,trend6,37389.93733333333,0.0,37389.93733333333
dTOF模组,2025-05,trend12,35079.98530303032,0.0,35079.98530303032
dTOF模组,2025-06,naive,0.0,2270.4,-2270.4
dTOF模组,2025-06,ma3,19734.503333333334,2270.4,17464.103333333333
dTOF模组,2025-06,ma6,29336.275000000005,2270.4,27065.875000000004
dTOF模组,2025-06,ma12,26395.130833333333,2270.4,24124.73083333333
dTOF模组,2025-06,snaive,0.0,2270.4,-2270.4
dTOF模组,2025-06,yoy_adj,0.0,2270.4,-2270.4
dTOF模组,2025-06,trend6,3716.804000000011,2270.4,1446.404000000011
dTOF模组,2025-06,trend12,20756.38787878787,2270.4,18485.98787878787
dTOF模组,2025-07,naive,2270.4,30829.2,-28558.8
dTOF模组,2025-07,ma3,13411.660000000002,30829.2,-17417.54
dTOF模组,2025-07,ma6,22354.79333333333,30829.2,-8474.40666666667
dTOF模组,2025-07,ma12,26584.330833333337,30829.2,-4244.869166666664
dTOF模组,2025-07,snaive,99230.08,30829.2,68400.88
dTOF模组,2025-07,yoy_adj,99230.08,30829.2,68400.88
dTOF模组,2025-07,trend6,0.0,30829.2,-30829.2
dTOF模组,2025-07,trend12,7115.843787878759,30829.2,-23713.35621212124
dTOF模组,2025-08,naive,30829.2,54690.1,-23860.899999999998
dTOF模组,2025-08,ma3,11033.199999999999,54690.1,-43656.9
dTOF模组,2025-08,ma6,19336.653333333332,54690.1,-35353.44666666667
dTOF模组,2025-08,ma12,20884.2575,54690.1,-33805.8425
dTOF模组,2025-08,snaive,0.0,54690.1,-54690.1
dTOF模组,2025-08,yoy_adj,0.0,54690.1,-54690.1
dTOF模组,2025-08,trend6,13405.831333333337,54690.1,-41284.26866666666
dTOF模组,2025-08,trend12,23940.50454545455,54690.1,-30749.595454545448
dTOF模组,2025-09,naive,54690.1,95504.35,-40814.25000000001
dTOF模组,2025-09,ma3,29263.233333333334,95504.35,-66241.11666666667
dTOF模组,2025-09,ma6,24498.868333333332,95504.35,-71005.48166666667
dTOF模组,2025-09,ma12,25441.765833333335,95504.35,-70062.58416666667
dTOF模组,2025-09,snaive,19823.01,95504.35,-75681.34000000001
dTOF模组,2025-09,yoy_adj,19823.01,95504.35,-75681.34000000001
dTOF模组,2025-09,trend6,39310.879333333316,95504.35,-56193.47066666669
dTOF模组,2025-09,trend12,30779.124696969702,95504.35,-64725.2253030303
dTOF模组,2025-10,naive,95504.35,6991.15,88513.20000000001
dTOF模组,2025-10,ma3,60341.216666666674,6991.15,53350.06666666667
dTOF模组,2025-10,ma6,36876.43833333333,6991.15,29885.28833333333
dTOF模组,2025-10,ma12,31748.54416666667,6991.15,24757.394166666672
dTOF模组,2025-10,snaive,17079.64,6991.15,10088.49
dTOF模组,2025-10,yoy_adj,17079.64,6991.15,10088.49
dTOF模组,2025-10,trend6,84909.23333333332,6991.15,77918.08333333333
dTOF模组,2025-10,trend12,52941.46212121213,6991.15,45950.312121212126
dTOF模组,2025-11,naive,6991.15,34867.22,-27876.07
dTOF模组,2025-11,ma3,52395.200000000004,34867.22,17527.980000000003
dTOF模组,2025-11,ma6,31714.199999999997,34867.22,-3153.020000000004
dTOF模组,2025-11,ma12,30907.83666666667,34867.22,-3959.3833333333314
dTOF模组,2025-11,snaive,4591.19,34867.22,-30276.030000000002
dTOF模组,2025-11,yoy_adj,4591.19,34867.22,-30276.030000000002
dTOF模组,2025-11,trend6,65566.05,34867.22,30698.83
dTOF模组,2025-11,trend12,41577.41166666668,34867.22,6710.19166666668
dTOF模组,2025-12,naive,34867.22,123451.25,-88584.03
dTOF模组,2025-12,ma3,45787.573333333334,123451.25,-77663.67666666667
dTOF模组,2025-12,ma6,37525.40333333333,123451.25,-85925.84666666668
dTOF模组,2025-12,ma12,33430.839166666665,123451.25,-90020.41083333333
dTOF模组,2025-12,snaive,44159.29,123451.25,-79291.95999999999
dTOF模组,2025-12,yoy_adj,44159.29,123451.25,-79291.95999999999
dTOF模组,2025-12,trend6,50753.82333333333,123451.25,-72697.42666666667
dTOF模组,2025-12,trend12,37314.887121212116,123451.25,-86136.36287878788
dTOF模组,2026-01,naive,123451.25,98584.05,24867.199999999997
dTOF模组,2026-01,ma3,55103.206666666665,98584.05,-43480.84333333334
dTOF模组,2026-01,ma6,57722.21166666667,98584.05,-40861.83833333333
dTOF模组,2026-01,ma12,40038.5025,98584.05,-58545.5475
dTOF模组,2026-01,snaive,48938.04,98584.05,-49646.01
dTOF模组,2026-01,yoy_adj,80582.6260684718,98584.05,-18001.423931528203
dTOF模组,2026-01,trend6,89235.05266666664,98584.05,-9348.997333333362
dTOF模组,2026-01,trend12,69597.42272727273,98584.05,-28986.627272727274
dTOF模组,2026-02,naive,98584.05,49646.0,48938.05
dTOF模组,2026-02,ma3,85634.17333333334,49646.0,35988.17333333334
dTOF模组,2026-02,ma6,69014.68666666666,49646.0,19368.68666666666
dTOF模组,2026-02,ma12,44175.670000000006,49646.0,-5470.3299999999945
dTOF模组,2026-02,snaive,23716.81,49646.0,-25929.19
dTOF模组,2026-02,yoy_adj,38117.002389567475,49646.0,-11528.997610432525
dTOF模组,2026-02,trend6,102133.33866666662,49646.0,52487.33866666662
dTOF模组,2026-02,trend12,91000.38590909092,49646.0,41354.385909090925
dTOF模组,2026-03,naive,49646.0,69366.34999999999,-19720.34999999999
dTOF模组,2026-03,ma3,90560.43333333333,69366.34999999999,21194.083333333343
dTOF模组,2026-03,ma6,68174.00333333334,69366.34999999999,-1192.34666666665
dTOF模组,2026-03,ma12,46336.43583333333,69366.34999999999,-23029.914166666662
dTOF模组,2026-03,snaive,21238.93,69366.34999999999,-48127.41999999999
dTOF模组,2026-03,yoy_adj,34436.82250639653,69366.34999999999,-34929.52749360346
dTOF模组,2026-03,trend6,81581.10133333332,69366.34999999999,12214.751333333334
dTOF模组,2026-03,trend12,88484.07106060609,69366.34999999999,19117.721060606098
dTOF模组,2026-04,naive,69366.34999999999,73805.27,-4438.920000000013
dTOF模组,2026-04,ma3,72532.13333333332,73805.27,-1273.1366666666872
dTOF模组,2026-04,ma6,63817.66999999999,73805.27,-9987.600000000013
dTOF模组,2026-04,ma12,50347.05416666667,73805.27,-23458.215833333335
dTOF模组,2026-04,snaive,37964.58,73805.27,-35840.69
dTOF模组,2026-04,yoy_adj,82146.33882120397,73805.27,8341.068821203968
dTOF模组,2026-04,trend6,96952.18399999998,73805.27,23146.913999999975
dTOF模组,2026-04,trend12,90836.99575757576,73805.27,17031.725757575754
dTOF模组,2026-05,naive,73805.27,75619.45,-1814.179999999993
dTOF模组,2026-05,ma3,64272.54,75619.45,-11346.909999999996
dTOF模组,2026-05,ma6,74953.35666666667,75619.45,-666.0933333333232
dTOF模组,2026-05,ma12,53333.77833333333,75619.45,-22285.67166666667
dTOF模组,2026-05,snaive,0.0,75619.45,-75619.45
dTOF模组,2026-05,yoy_adj,0.0,75619.45,-75619.45
dTOF模组,2026-05,trend6,73303.10666666664,75619.45,-2316.3433333333523
dTOF模组,2026-05,trend12,96029.81560606061,75619.45,20410.365606060615
dTOF模组,2026-06,naive,75619.45,18362.829999999998,57256.619999999995
dTOF模组,2026-06,ma3,72930.35666666667,18362.829999999998,54567.52666666667
dTOF模组,2026-06,ma6,81745.395,18362.829999999998,63382.565
dTOF模组,2026-06,ma12,59635.39916666666,18362.829999999998,41272.56916666667
dTOF模组,2026-06,snaive,2270.4,18362.829999999998,-16092.429999999998
dTOF模组,2026-06,yoy_adj,5129.590420404874,18362.829999999998,-13233.239579595123
dTOF模组,2026-06,trend6,52367.89599999998,18362.829999999998,34005.06599999998
dTOF模组,2026-06,trend12,92145.14712121213,18362.829999999998,73782.31712121212
dTOF模组,2026-07,naive,18362.829999999998,32345.129999999997,-13982.3
dTOF模组,2026-07,ma3,55929.18333333333,32345.129999999997,23584.05333333333
dTOF模组,2026-07,ma6,64230.65833333333,32345.129999999997,31885.528333333335
dTOF模组,2026-07,ma12,60976.435,32345.129999999997,28631.305
dTOF模组,2026-07,snaive,30829.2,32345.129999999997,-1515.9299999999967
dTOF模组,2026-07,yoy_adj,70712.88428087509,32345.129999999997,38367.754280875095
dTOF模组,2026-07,trend6,32355.97533333332,32345.129999999997,10.845333333323651
dTOF模组,2026-07,trend12,66219.29090909091,32345.129999999997,33874.16090909091
dTOF模组,2026-08,naive,32345.129999999997,34601.77,-2256.6399999999994
dTOF模组,2026-08,ma3,42109.136666666665,34601.77,7507.366666666669
dTOF模组,2026-08,ma6,53190.83833333334,34601.77,18589.068333333344
dTOF模组,2026-08,ma12,61102.76249999999,34601.77,26500.992499999993
dTOF模组,2026-08,snaive,54690.1,34601.77,20088.33
dTOF模组,2026-08,yoy_adj,160011.2520831181,34601.77,125409.48208311811
dTOF模组,2026-08,trend6,29420.76533333333,34601.77,-5181.004666666668
dTOF模组,2026-08,trend12,50280.65454545452,34601.77,15678.884545454523
充电与控制电源管理,2025-01,naive,2580462.29,1657028.14,923434.1500000001
充电与控制电源管理,2025-01,ma3,2694196.86,1657028.14,1037168.72
充电与控制电源管理,2025-01,ma6,2431985.1816666666,1657028.14,774957.0416666667
充电与控制电源管理,2025-01,ma12,2059307.6583333332,1657028.14,402279.5183333333
充电与控制电源管理,2025-01,snaive,1397177.68,1657028.14,-259850.45999999996
充电与控制电源管理,2025-01,yoy_adj,1397177.68,1657028.14,-259850.45999999996
充电与控制电源管理,2025-01,trend6,2906949.008666666,1657028.14,1249920.8686666663
充电与控制电源管理,2025-01,trend12,2970088.9392424254,1657028.14,1313060.7992424255
充电与控制电源管理,2025-02,naive,1657028.14,1958474.05,-301445.91000000015
充电与控制电源管理,2025-02,ma3,2535860.5266666664,1958474.05,577386.4766666663
充电与控制电源管理,2025-02,ma6,2274211.3366666664,1958474.05,315737.2866666664
充电与控制电源管理,2025-02,ma12,2080961.8633333333,1958474.05,122487.81333333324
充电与控制电源管理,2025-02,snaive,466681.09,1958474.05,-1491792.96
充电与控制电源管理,2025-02,yoy_adj,466681.09,1958474.05,-1491792.96
充电与控制电源管理,2025-02,trend6,2481876.862666665,1958474.05,523402.81266666506
充电与控制电源管理,2025-02,trend12,2695543.952878788,1958474.05,737069.9028787881
充电与控制电源管理,2025-03,naive,1958474.05,2243126.79,-284652.74
充电与控制电源管理,2025-03,ma3,2065321.4933333332,2243126.79,-177805.29666666687
充电与控制电源管理,2025-03,ma6,2311375.476666667,2243126.79,68248.686666667
充电与控制电源管理,2025-03,ma12,2205277.9433333334,2243126.79,-37848.84666666668
充电与控制电源管理,2025-03,snaive,1953987.62,2243126.79,-289139.1699999999
充电与控制电源管理,2025-03,yoy_adj,1953987.62,2243126.79,-289139.1699999999
充电与控制电源管理,2025-03,trend6,1984066.8706666664,2243126.79,-259059.91933333362
充电与控制电源管理,2025-03,trend12,2312291.4874242423,2243126.79,69164.69742424227
充电与控制电源管理,2025-04,naive,2243126.79,2587718.66,-344591.8700000001
充电与控制电源管理,2025-04,ma3,1952876.326666667,2587718.66,-634842.3333333333
充电与控制电源管理,2025-04,ma6,2323536.5933333337,2587718.66,-264182.0666666664
充电与控制电源管理,2025-04,ma12,2229372.8741666665,2587718.66,-358345.7858333336
充电与控制电源管理,2025-04,snaive,2280321.43,2587718.66,-307397.23
充电与控制电源管理,2025-04,yoy_adj,2280321.43,2587718.66,-307397.23
充电与控制电源管理,2025-04,trend6,1863252.8733333335,2587718.66,-724465.7866666666
充电与控制电源管理,2025-04,trend12,2271603.7616666667,2587718.66,-316114.89833333343
充电与控制电源管理,2025-05,naive,2587718.66,2160773.54,426945.1200000001
充电与控制电源管理,2025-05,ma3,2263106.5,2160773.54,102332.95999999996
充电与控制电源管理,2025-05,ma6,2399483.513333333,2160773.54,238709.97333333315
充电与控制电源管理,2025-05,ma12,2254989.31,2160773.54,94215.77000000002
充电与控制电源管理,2025-05,snaive,1778255.34,2160773.54,-382518.19999999995
充电与控制电源管理,2025-05,yoy_adj,1778255.34,2160773.54,-382518.19999999995
充电与控制电源管理,2025-05,trend6,1937241.2093333332,2160773.54,-223532.33066666685
充电与控制电源管理,2025-05,trend12,2401859.6263636374,2160773.54,241086.08636363735
充电与控制电源管理,2025-06,naive,2160773.54,2645550.73,-484777.18999999994
充电与控制电源管理,2025-06,ma3,2330539.6633333336,2645550.73,-315011.0666666664
充电与控制电源管理,2025-06,ma6,2197930.578333333,2645550.73,-447620.15166666685
充电与控制电源管理,2025-06,ma12,2286865.8266666667,2645550.73,-358684.9033333333
充电与控制电源管理,2025-06,snaive,2243357.65,2645550.73,-402193.0800000001
充电与控制电源管理,2025-06,yoy_adj,2243357.65,2645550.73,-402193.0800000001
充电与控制电源管理,2025-06,trend6,2295758.633333333,2645550.73,-349792.09666666714
充电与控制电源管理,2025-06,trend12,2269328.982121212,2645550.73,-376221.74787878804
充电与控制电源管理,2025-07,naive,2645550.73,2116427.97,529122.7599999998
充电与控制电源管理,2025-07,ma3,2464680.9766666666,2116427.97,348253.00666666636
充电与控制电源管理,2025-07,ma6,2208778.651666667,2116427.97,92350.68166666664
充电与控制电源管理,2025-07,ma12,2320381.9166666665,2116427.97,203953.9466666663
充电与控制电源管理,2025-07,snaive,2603671.21,2116427.97,487243.23999999976
充电与控制电源管理,2025-07,yoy_adj,2603671.21,2116427.97,487243.23999999976
充电与控制电源管理,2025-07,trend6,2798188.9806666663,2116427.97,681761.0106666661
充电与控制电源管理,2025-07,trend12,2379661.60939394,2116427.97,263233.63939393964
充电与控制电源管理,2025-08,naive,2116427.97,2364950.09,-248522.11999999965
充电与控制电源管理,2025-08,ma3,2307584.08,2364950.09,-57366.00999999978
充电与控制电源管理,2025-08,ma6,2285345.29,2364950.09,-79604.79999999981
充电与控制电源管理,2025-08,ma12,2279778.313333333,2364950.09,-85171.77666666685
充电与控制电源管理,2025-08,snaive,1735489.21,2364950.09,-629460.8799999999
充电与控制电源管理,2025-08,yoy_adj,1735489.21,2364950.09,-629460.8799999999
充电与控制电源管理,2025-08,trend6,2442354.919999999,2364950.09,77404.82999999914
充电与控制电源管理,2025-08,trend12,2371768.62878788,2364950.09,6818.538787879981
充电与控制电源管理,2025-09,naive,2364950.09,2963292.78,-598342.69
充电与控制电源管理,2025-09,ma3,2375642.93,2963292.78,-587649.8499999996
充电与控制电源管理,2025-09,ma6,2353091.296666667,2963292.78,-610201.4833333329
充电与控制电源管理,2025-09,ma12,2332233.3866666667,2963292.78,-631059.3933333331
充电与控制电源管理,2025-09,snaive,2170160.09,2963292.78,-793132.69
充电与控制电源管理,2025-09,yoy_adj,2170160.09,2963292.78,-793132.69
充电与控制电源管理,2025-09,trend6,2321093.458666666,2963292.78,-642199.3213333338
充电与控制电源管理,2025-09,trend12,2284703.9566666665,2963292.78,-678588.8233333332
充电与控制电源管理,2025-10,naive,2963292.78,2661607.26,301685.52
充电与控制电源管理,2025-10,ma3,2481556.946666667,2661607.26,-180050.313333333
充电与控制电源管理,2025-10,ma6,2473118.9616666664,2661607.26,-188488.29833333334
充电与控制电源管理,2025-10,ma12,2398327.7775,2661607.26,-263279.4824999999
充电与控制电源管理,2025-10,snaive,2132037.14,2661607.26,-529570.1199999996
充电与控制电源管理,2025-10,yoy_adj,2132037.14,2661607.26,-529570.1199999996
充电与控制电源管理,2025-10,trend6,2669246.710666666,2661607.26,7639.450666666031
充电与控制电源管理,2025-10,trend12,2460677.903636363,2661607.26,-200929.3563636369
充电与控制电源管理,2025-11,naive,2661607.26,3366729.66,-705122.4000000004
充电与控制电源管理,2025-11,ma3,2663283.3766666665,3366729.66,-703446.2833333337
充电与控制电源管理,2025-11,ma6,2485433.728333333,3366729.66,-881295.9316666671
充电与控制电源管理,2025-11,ma12,2442458.620833333,3366729.66,-924271.039166667
充电与控制电源管理,2025-11,snaive,3370091.15,3366729.66,3361.489999999758
充电与控制电源管理,2025-11,yoy_adj,3370091.15,3366729.66,3361.489999999758
充电与控制电源管理,2025-11,trend6,2856025.4153333316,3366729.66,-510704.2446666686
充电与控制电源管理,2025-11,trend12,2491951.8383333324,3366729.66,-874777.8216666677
充电与控制电源管理,2025-12,naive,3366729.66,3673147.64,-306417.98
充电与控制电源管理,2025-12,ma3,2997209.9,3673147.64,-675937.7400000002
充电与控制电源管理,2025-12,ma6,2686426.415,3673147.64,-986721.2250000001
充电与控制电源管理,2025-12,ma12,2442178.496666667,3673147.64,-1230969.143333333
充电与控制电源管理,2025-12,snaive,2580462.29,3673147.64,-1092685.35
充电与控制电源管理,2025-12,yoy_adj,2580462.29,3673147.64,-1092685.35
充电与控制电源管理,2025-12,trend6,3270403.935999999,3673147.64,-402743.7040000013
充电与控制电源管理,2025-12,trend12,2996812.7212121207,3673147.64,-676334.9187878794
充电与控制电源管理,2026-01,naive,3673147.64,3328807.74,344339.8999999999
充电与控制电源管理,2026-01,ma3,3233828.186666667,3328807.74,-94979.55333333323
充电与控制电源管理,2026-01,ma6,2857692.5666666664,3328807.74,-471115.1733333338
充电与控制电源管理,2026-01,ma12,2533235.6091666664,3328807.74,-795572.1308333338
充电与控制电源管理,2026-01,snaive,1657028.14,3328807.74,-1671779.6000000003
充电与控制电源管理,2026-01,yoy_adj,2038375.7000333313,3328807.74,-1290432.039966669
充电与控制电源管理,2026-01,trend6,3906417.720666665,3328807.74,577609.9806666649
充电与控制电源管理,2026-01,trend12,3436468.694848485,3328807.74,107660.9548484846
充电与控制电源管理,2026-02,naive,3328807.74,2108327.85,1220479.8900000001
充电与控制电源管理,2026-02,ma3,3456228.346666667,2108327.85,1347900.496666667
充电与控制电源管理,2026-02,ma6,3059755.861666667,2108327.85,951428.0116666667
充电与控制电源管理,2026-02,ma12,2672550.575833333,2108327.85,564222.7258333331
充电与控制电源管理,2026-02,snaive,1958474.05,2108327.85,-149853.80000000005
充电与控制电源管理,2026-02,yoy_adj,2515241.1691476186,2108327.85,406913.3191476185
充电与控制电源管理,2026-02,trend6,3825153.3846666664,2108327.85,1716825.5346666663
充电与控制电源管理,2026-02,trend12,3515797.21469697,2108327.85,1407469.3646969697
充电与控制电源管理,2026-03,naive,2108327.85,2395475.23,-287147.3799999999
充电与控制电源管理,2026-03,ma3,3036761.0766666667,2395475.23,641285.8466666667
充电与控制电源管理,2026-03,ma6,3016985.4883333333,2395475.23,621510.2583333333
充电与控制电源管理,2026-03,ma12,2685038.3925,2395475.23,289563.1625000001
充电与控制电源管理,2026-03,snaive,2243126.79,2395475.23,-152348.43999999994
充电与控制电源管理,2026-03,yoy_adj,2731121.294076677,2395475.23,335646.06407667696
充电与控制电源管理,2026-03,trend6,2820304.965333333,2395475.23,424829.7353333328
充电与控制电源管理,2026-03,trend12,3176252.194545455,2395475.23,780776.9645454548
充电与控制电源管理,2026-04,naive,2395475.23,3902232.5,-1506757.27
充电与控制电源管理,2026-04,ma3,2610870.2733333334,3902232.5,-1291362.2266666666
充电与控制电源管理,2026-04,ma6,2922349.23,3902232.5,-979883.27
充电与控制电源管理,2026-04,ma12,2697734.0958333337,3902232.5,-1204498.4041666663
充电与控制电源管理,2026-04,snaive,2587718.66,3902232.5,-1314513.8399999999
充电与控制电源管理,2026-04,yoy_adj,3131363.506033335,3902232.5,-770868.9939666651
充电与控制电源管理,2026-04,trend6,2377328.682000001,3902232.5,-1524903.817999999
充电与控制电源管理,2026-04,trend12,2985992.3156060604,3902232.5,-916240.1843939396
充电与控制电源管理,2026-05,naive,3902232.5,3853398.69,48833.810000000056
充电与控制电源管理,2026-05,ma3,2802011.86,3853398.69,-1051386.83
充电与控制电源管理,2026-05,ma6,3129120.1033333335,3853398.69,-724278.5866666664
充电与控制电源管理,2026-05,ma12,2807276.915833334,3853398.69,-1046121.774166666
充电与控制电源管理,2026-05,snaive,2160773.54,3853398.69,-1692625.15
充电与控制电源管理,2026-05,yoy_adj,2689986.0022775345,3853398.69,-1163412.6877224655
充电与控制电源管理,2026-05,trend6,2891521.8113333327,3853398.69,-961876.8786666673
充电与控制电源管理,2026-05,trend12,3364155.1760606067,3853398.69,-489243.5139393932
充电与控制电源管理,2026-06,naive,3853398.69,4275025.6899999995,-421626.99999999953
充电与控制电源管理,2026-06,ma3,3383702.14,4275025.6899999995,-891323.5499999993
充电与控制电源管理,2026-06,ma6,3210231.608333334,4275025.6899999995,-1064794.0816666656
充电与控制电源管理,2026-06,ma12,2948329.0116666667,4275025.6899999995,-1326696.6783333328
充电与控制电源管理,2026-06,snaive,2645550.73,4275025.6899999995,-1629474.9599999995
充电与控制电源管理,2026-06,yoy_adj,3410761.522666214,4275025.6899999995,-864264.1673337854
充电与控制电源管理,2026-06,trend6,3501099.2993333316,4275025.6899999995,-773926.3906666678
充电与控制电源管理,2026-06,trend12,3575725.3543939386,4275025.6899999995,-699300.3356060609
充电与控制电源管理,2026-07,naive,4275025.6899999995,4905881.38,-630855.6900000004
充电与控制电源管理,2026-07,ma3,4010218.9599999995,4905881.38,-895662.4200000004
充电与控制电源管理,2026-07,ma6,3310544.6166666667,4905881.38,-1595336.7633333332
充电与控制电源管理,2026-07,ma12,3084118.591666667,4905881.38,-1821762.788333333
充电与控制电源管理,2026-07,snaive,2116427.97,4905881.38,-2789453.4099999997
充电与控制电源管理,2026-07,yoy_adj,2813034.7005880503,4905881.38,-2092846.6794119496
充电与控制电源管理,2026-07,trend6,4457850.570666665,4905881.38,-448030.8093333347
充电与控制电源管理,2026-07,trend12,3953731.8843939393,4905881.38,-952149.4956060606
充电与控制电源管理,2026-08,naive,4905881.38,4457968.5200000005,447912.8599999994
充电与控制电源管理,2026-08,ma3,4344768.586666666,4457968.5200000005,-113199.93333333451
充电与控制电源管理,2026-08,ma6,3573390.223333333,4457968.5200000005,-884578.2966666673
充电与控制电源管理,2026-08,ma12,3316573.0425000004,4457968.5200000005,-1141395.4775
充电与控制电源管理,2026-08,snaive,2364950.09,4457968.5200000005,-2093018.4300000006
充电与控制电源管理,2026-08,yoy_adj,3440479.13320295,4457968.5200000005,-1017489.3867970505
充电与控制电源管理,2026-08,trend6,5531148.745333333,4457968.5200000005,1073180.225333332
充电与控制电源管理,2026-08,trend12,4355718.439545455,4457968.5200000005,-102250.0804545451
新显示MLED驱动,2025-01,naive,485361.85000000003,344803.56,140558.29000000004
新显示MLED驱动,2025-01,ma3,495724.58666666667,344803.56,150921.02666666667
新显示MLED驱动,2025-01,ma6,308581.5966666666,344803.56,-36221.96333333338
新显示MLED驱动,2025-01,ma12,260192.74833333338,344803.56,-84610.81166666662
新显示MLED驱动,2025-01,snaive,639227.84,344803.56,294424.27999999997
新显示MLED驱动,2025-01,yoy_adj,639227.84,344803.56,294424.27999999997
新显示MLED驱动,2025-01,trend6,612318.4626666665,344803.56,267514.9026666665
新显示MLED驱动,2025-01,trend12,378801.11196969694,344803.56,33997.55196969694
新显示MLED驱动,2025-02,naive,344803.56,743183.99,-398380.43
新显示MLED驱动,2025-02,ma3,324690.6966666667,743183.99,-418493.2933333333
新显示MLED驱动,2025-02,ma6,366048.85666666663,743183.99,-377135.13333333336
新显示MLED驱动,2025-02,ma12,235657.39166666663,743183.99,-507526.5983333334
新显示MLED驱动,2025-02,snaive,0.0,743183.99,-743183.99
新显示MLED驱动,2025-02,yoy_adj,0.0,743183.99,-743183.99
新显示MLED驱动,2025-02,trend6,471889.58666666655,743183.99,-271294.40333333344
新显示MLED驱动,2025-02,trend12,487406.09893939394,743183.99,-255777.89106060605
新显示MLED驱动,2025-03,naive,743183.99,758758.47,-15574.479999999981
新显示MLED驱动,2025-03,ma3,524449.7999999999,758758.47,-234308.67000000004
新显示MLED驱动,2025-03,ma6,463683.68500000006,758758.47,-295074.7849999999
新显示MLED驱动,2025-03,ma12,297589.39083333337,758758.47,-461169.0791666666
新显示MLED驱动,2025-03,snaive,0.0,758758.47,-758758.47
新显示MLED驱动,2025-03,yoy_adj,0.0,758758.47,-758758.47
新显示MLED驱动,2025-03,trend6,612020.2959999999,758758.47,-146738.17400000012
新显示MLED驱动,2025-03,trend12,606593.7001515152,758758.47,-152164.76984848478
新显示MLED驱动,2025-04,naive,758758.47,843126.57,-84368.09999999998
新显示MLED驱动,2025-04,ma3,615582.0066666667,843126.57,-227544.56333333324
新显示MLED驱动,2025-04,ma6,555653.2966666667,843126.57,-287473.2733333332
新显示MLED驱动,2025-04,ma12,360819.26333333337,843126.57,-482307.3066666666
新显示MLED驱动,2025-04,snaive,185573.82,843126.57,-657552.75
新显示MLED驱动,2025-04,yoy_adj,185573.82,843126.57,-657552.75
新显示MLED驱动,2025-04,trend6,671807.2806666666,843126.57,-171319.28933333338
新显示MLED驱动,2025-04,trend12,697191.7042424241,843126.57,-145934.86575757584
新显示MLED驱动,2025-05,naive,843126.57,1064911.91,-221785.33999999997
新显示MLED驱动,2025-05,ma3,781689.6766666666,1064911.91,-283222.2333333333
新显示MLED驱动,2025-05,ma6,553190.1866666666,1064911.91,-511721.72333333327
新显示MLED驱动,2025-05,ma12,415615.32583333337,1064911.91,-649296.5841666665
新显示MLED驱动,2025-05,snaive,261070.53,1064911.91,-803841.3799999999
新显示MLED驱动,2025-05,yoy_adj,261070.53,1064911.91,-803841.3799999999
新显示MLED驱动,2025-05,trend6,1024657.1606666665,1064911.91,-40254.74933333346
新显示MLED驱动,2025-05,trend12,820787.5306060605,1064911.91,-244124.3793939394
新显示MLED驱动,2025-06,naive,1064911.91,1360523.29,-295611.3800000001
新显示MLED驱动,2025-06,ma3,888932.3166666668,1360523.29,-471590.97333333327
新显示MLED驱动,2025-06,ma6,706691.0583333332,1360523.29,-653832.2316666668
新显示MLED驱动,2025-06,ma12,482602.1075,1360523.29,-877921.1825000001
新显示MLED驱动,2025-06,snaive,184951.21000000002,1360523.29,-1175572.08
新显示MLED驱动,2025-06,yoy_adj,184951.21000000002,1360523.29,-1175572.08
新显示MLED驱动,2025-06,trend6,1147520.439333333,1360523.29,-213002.8506666671
新显示MLED驱动,2025-06,trend12,1004437.495909091,1360523.29,-356085.79409090907
新显示MLED驱动,2025-07,naive,1360523.29,1539147.0,-178623.70999999996
新显示MLED驱动,2025-07,ma3,1089520.59,1539147.0,-449626.4099999999
新显示MLED驱动,2025-07,ma6,852551.2983333333,1539147.0,-686595.7016666667
新显示MLED驱动,2025-07,ma12,580566.4475,1539147.0,-958580.5525
新显示MLED驱动,2025-07,snaive,0.0,1539147.0,-1539147.0
新显示MLED驱动,2025-07,yoy_adj,0.0,1539147.0,-1539147.0
新显示MLED驱动,2025-07,trend6,1465366.3493333329,1539147.0,-73780.65066666715
新显示MLED驱动,2025-07,trend12,1233939.820909091,1539147.0,-305207.17909090896
新显示MLED驱动,2025-08,naive,1539147.0,905932.9600000001,633214.0399999999
新显示MLED驱动,2025-08,ma3,1321527.4000000001,905932.9600000001,415594.44000000006
新显示MLED驱动,2025-08,ma6,1051608.5383333333,905932.9600000001,145675.57833333325
新显示MLED驱动,2025-08,ma12,708828.6975000001,905932.9600000001,-197104.26249999995
新显示MLED驱动,2025-08,snaive,157375.02,905932.9600000001,-748557.9400000001
新显示MLED驱动,2025-08,yoy_adj,157375.02,905932.9600000001,-748557.9400000001
新显示MLED驱动,2025-08,trend6,1652298.0233333325,905932.9600000001,746365.0633333324
新显示MLED驱动,2025-08,trend12,1430316.2131818184,905932.9600000001,524383.2531818183
新显示MLED驱动,2025-09,naive,905932.9600000001,415350.0,490582.9600000001
新显示MLED驱动,2025-09,ma3,1268534.4166666667,415350.0,853184.4166666667
新显示MLED驱动,2025-09,ma6,1078733.3666666667,415350.0,663383.3666666667
新显示MLED驱动,2025-09,ma12,771208.5258333334,415350.0,355858.5258333334
新显示MLED驱动,2025-09,snaive,206940.8,415350.0,-208409.2
新显示MLED驱动,2025-09,yoy_adj,206940.8,415350.0,-208409.2
新显示MLED驱动,2025-09,trend6,1390687.8786666663,415350.0,975337.8786666663
新显示MLED驱动,2025-09,trend12,1379042.6115151518,415350.0,963692.6115151518
新显示MLED驱动,2025-10,naive,415350.0,608543.44,-193193.43999999994
新显示MLED驱动,2025-10,ma3,953476.6533333333,608543.44,344933.2133333334
新显示MLED驱动,2025-10,ma6,1021498.6216666666,608543.44,412955.18166666664
新显示MLED驱动,2025-10,ma12,788575.9591666666,608543.44,180032.51916666667
新显示MLED驱动,2025-10,snaive,857905.23,608543.44,249361.79000000004
新显示MLED驱动,2025-10,yoy_adj,857905.23,608543.44,249361.79000000004
新显示MLED驱动,2025-10,trend6,777779.0226666664,608543.44,169235.58266666648
新显示MLED驱动,2025-10,trend12,1140729.9489393942,608543.44,532186.5089393943
新显示MLED驱动,2025-11,naive,608543.44,404696.44,203846.99999999994
新显示MLED驱动,2025-11,ma3,643275.4666666667,404696.44,238579.02666666667
新显示MLED驱动,2025-11,ma6,982401.4333333332,404696.44,577704.9933333332
新显示MLED驱动,2025-11,ma12,767795.81,404696.44,363099.37000000005
新显示MLED驱动,2025-11,snaive,143906.68000000002,404696.44,-260789.75999999998
新显示MLED驱动,2025-11,yoy_adj,143906.68000000002,404696.44,-260789.75999999998
新显示MLED驱动,2025-11,trend6,407343.8073333332,404696.44,2647.3673333331826
新显示MLED驱动,2025-11,trend12,1095425.3181818184,404696.44,690728.8781818184
新显示MLED驱动,2025-12,naive,404696.44,401521.95,3174.4899999999907
新显示MLED驱动,2025-12,ma3,476196.62666666665,401521.95,74674.67666666664
新显示MLED驱动,2025-12,ma6,872365.5216666666,401521.95,470843.5716666666
新显示MLED驱动,2025-12,ma12,789528.2899999999,401521.95,388006.3399999999
新显示MLED驱动,2025-12,snaive,485361.85000000003,401521.95,83839.90000000002
新显示MLED驱动,2025-12,yoy_adj,485361.85000000003,401521.95,83839.90000000002
新显示MLED驱动,2025-12,trend6,66212.73266666685,401521.95,-335309.21733333316
新显示MLED驱动,2025-12,trend12,842052.0763636363,401521.95,440530.1263636363
新显示MLED驱动,2026-01,naive,401521.95,0.0,401521.95
新显示MLED驱动,2026-01,ma3,471587.2766666666,0.0,471587.2766666666
新显示MLED驱动,2026-01,ma6,712531.965,0.0,712531.965
新显示MLED驱动,2026-01,ma12,782541.6316666665,0.0,782541.6316666665
新显示MLED驱动,2026-01,snaive,344803.56,0.0,344803.56
新显示MLED驱动,2026-01,yoy_adj,1037012.5308073708,0.0,1037012.5308073708
新显示MLED驱动,2026-01,trend6,12667.827999999747,0.0,12667.827999999747
新显示MLED驱动,2026-01,trend12,648196.4757575758,0.0,648196.4757575758
新显示MLED驱动,2026-02,naive,0.0,0.0,0.0
新显示MLED驱动,2026-02,ma3,268739.4633333333,0.0,268739.4633333333
新显示MLED驱动,2026-02,ma6,456007.465,0.0,456007.465
新显示MLED驱动,2026-02,ma12,753808.0016666665,0.0,753808.0016666665
新显示MLED驱动,2026-02,snaive,743183.99,0.0,743183.99
新显示MLED驱动,2026-02,yoy_adj,2377256.3822864452,0.0,2377256.3822864452
新显示MLED驱动,2026-02,trend6,0.0,0.0,0.0
新显示MLED驱动,2026-02,trend12,294495.73484848463,0.0,294495.73484848463
新显示MLED驱动,2026-03,naive,0.0,265555.97,-265555.97
新显示MLED驱动,2026-03,ma3,133840.65,265555.97,-131715.31999999998
新显示MLED驱动,2026-03,ma6,305018.6383333333,265555.97,39462.668333333335
新显示MLED驱动,2026-03,ma12,691876.0025000001,265555.97,426320.0325000001
新显示MLED驱动,2026-03,snaive,758758.47,265555.97,493202.5
新显示MLED驱动,2026-03,yoy_adj,1764064.1543590068,265555.97,1498508.1843590068
新显示MLED驱动,2026-03,trend6,0.0,265555.97,-265555.97
新显示MLED驱动,2026-03,trend12,40972.82272727252,265555.97,-224583.14727272745
新显示MLED驱动,2026-04,naive,265555.97,0.0,265555.97
新显示MLED驱动,2026-04,ma3,88518.65666666666,0.0,88518.65666666666
新显示MLED驱动,2026-04,ma6,280052.9666666666,0.0,280052.9666666666
新显示MLED驱动,2026-04,ma12,650775.7941666666,0.0,650775.7941666666
新显示MLED驱动,2026-04,snaive,843126.57,0.0,843126.57
新显示MLED驱动,2026-04,yoy_adj,1520668.1542051656,0.0,1520668.1542051656
新显示MLED驱动,2026-04,trend6,0.0,0.0,0.0
新显示MLED驱动,2026-04,trend12,0.0,0.0,0.0
新显示MLED驱动,2026-05,naive,0.0,251571.52,-251571.52
新显示MLED驱动,2026-05,ma3,88518.65666666666,251571.52,-163052.86333333334
新显示MLED驱动,2026-05,ma6,178629.05999999997,251571.52,-72942.46000000002
新显示MLED驱动,2026-05,ma12,580515.2466666667,251571.52,328943.7266666667
新显示MLED驱动,2026-05,snaive,1064911.91,251571.52,813340.3899999999
新显示MLED驱动,2026-05,yoy_adj,1487427.3437159667,251571.52,1235855.8237159667
新显示MLED驱动,2026-05,trend6,0.0,251571.52,-251571.52
新显示MLED驱动,2026-05,trend12,0.0,251571.52,-251571.52
新显示MLED驱动,2026-06,naive,251571.52,0.0,251571.52
新显示MLED驱动,2026-06,ma3,172375.83,0.0,172375.83
新显示MLED驱动,2026-06,ma6,153108.24,0.0,153108.24
新显示MLED驱动,2026-06,ma12,512736.8808333333,0.0,512736.8808333333
新显示MLED驱动,2026-06,snaive,1360523.29,0.0,1360523.29
新显示MLED驱动,2026-06,yoy_adj,1445477.4589141316,0.0,1445477.4589141316
新显示MLED驱动,2026-06,trend6,104688.62199999994,0.0,104688.62199999994
新显示MLED驱动,2026-06,trend12,0.0,0.0,0.0
新显示MLED驱动,2026-07,naive,0.0,0.0,0.0
新显示MLED驱动,2026-07,ma3,83857.17333333332,0.0,83857.17333333332
新显示MLED驱动,2026-07,ma6,86187.915,0.0,86187.915
新显示MLED驱动,2026-07,ma12,399359.93999999994,0.0,399359.93999999994
新显示MLED驱动,2026-07,snaive,1539147.0,0.0,1539147.0
新显示MLED驱动,2026-07,yoy_adj,1058748.1522882527,0.0,1058748.1522882527
新显示MLED驱动,2026-07,trend6,135103.77399999998,0.0,135103.77399999998
新显示MLED驱动,2026-07,trend12,0.0,0.0,0.0
新显示MLED驱动,2026-08,naive,0.0,0.0,0.0
新显示MLED驱动,2026-08,ma3,83857.17333333332,0.0,83857.17333333332
新显示MLED驱动,2026-08,ma6,86187.915,0.0,86187.915
新显示MLED驱动,2026-08,ma12,271097.69,0.0,271097.69
新显示MLED驱动,2026-08,snaive,905932.9600000001,0.0,905932.9600000001
新显示MLED驱动,2026-08,yoy_adj,346481.9266164973,0.0,346481.9266164973
新显示MLED驱动,2026-08,trend6,31678.275999999983,0.0,31678.275999999983
新显示MLED驱动,2026-08,trend12,0.0,0.0,0.0
无刷直流电机驱动,2025-01,naive,9996.09,92414.73999999999,-82418.65
无刷直流电机驱动,2025-01,ma3,81818.74,92414.73999999999,-10595.999999999985
无刷直流电机驱动,2025-01,ma6,131897.8633333333,92414.73999999999,39483.12333333332
无刷直流电机驱动,2025-01,ma12,65948.93166666666,92414.73999999999,-26465.808333333334
无刷直流电机驱动,2025-01,snaive,0.0,92414.73999999999,-92414.73999999999
无刷直流电机驱动,2025-01,yoy_adj,0.0,92414.73999999999,-92414.73999999999
无刷直流电机驱动,2025-01,trend6,43762.997333333304,92414.73999999999,-48651.74266666669
无刷直流电机驱动,2025-01,trend12,153834.71393939393,92414.73999999999,61419.97393939394
无刷直流电机驱动,2025-02,naive,92414.73999999999,21571.32,70843.41999999998
无刷直流电机驱动,2025-02,ma3,34136.94333333333,21571.32,12565.62333333333
无刷直流电机驱动,2025-02,ma6,142355.63166666665,21571.32,120784.31166666665
无刷直流电机驱动,2025-02,ma12,73650.15999999999,21571.32,52078.83999999999
无刷直流电机驱动,2025-02,snaive,0.0,21571.32,-21571.32
无刷直流电机驱动,2025-02,yoy_adj,0.0,21571.32,-21571.32
无刷直流电机驱动,2025-02,trend6,0.0,21571.32,-21571.32
无刷直流电机驱动,2025-02,trend12,148667.48272727276,21571.32,127096.16272727275
无刷直流电机驱动,2025-03,naive,21571.32,0.0,21571.32
无刷直流电机驱动,2025-03,ma3,41327.38333333333,0.0,41327.38333333333
无刷直流电机驱动,2025-03,ma6,104102.03833333333,0.0,104102.03833333333
无刷直流电机驱动,2025-03,ma12,75447.77,0.0,75447.77
无刷直流电机驱动,2025-03,snaive,0.0,0.0,0.0
无刷直流电机驱动,2025-03,yoy_adj,0.0,0.0,0.0
无刷直流电机驱动,2025-03,trend6,0.0,0.0,0.0
无刷直流电机驱动,2025-03,trend12,115685.10818181818,0.0,115685.10818181818
无刷直流电机驱动,2025-04,naive,0.0,102424.67,-102424.67
无刷直流电机驱动,2025-04,ma3,37995.35333333333,102424.67,-64429.316666666666
无刷直流电机驱动,2025-04,ma6,59907.04666666666,102424.67,-42517.62333333334
无刷直流电机驱动,2025-04,ma12,75447.76999999999,102424.67,-26976.90000000001
无刷直流电机驱动,2025-04,snaive,0.0,102424.67,-102424.67
无刷直流电机驱动,2025-04,yoy_adj,0.0,102424.67,-102424.67
无刷直流电机驱动,2025-04,trend6,0.0,102424.67,-102424.67
无刷直流电机驱动,2025-04,trend12,74531.7790909091,102424.67,-27892.8909090909
无刷直流电机驱动,2025-05,naive,102424.67,10221.23,92203.44
无刷直流电机驱动,2025-05,ma3,41331.996666666666,10221.23,31110.766666666666
无刷直流电机驱动,2025-05,ma6,37734.47,10221.23,27513.24
无刷直流电机驱动,2025-05,ma12,83983.15916666666,10221.23,73761.92916666667
无刷直流电机驱动,2025-05,snaive,0.0,10221.23,-10221.23
无刷直流电机驱动,2025-05,yoy_adj,0.0,10221.23,-10221.23
无刷直流电机驱动,2025-05,trend6,78863.63599999997,10221.23,68642.40599999997
无刷直流电机驱动,2025-05,trend12,67520.00666666671,10221.23,57298.776666666716
无刷直流电机驱动,2025-06,naive,10221.23,66238.86,-56017.630000000005
无刷直流电机驱动,2025-06,ma3,37548.63333333333,66238.86,-28690.22666666667
无刷直流电机驱动,2025-06,ma6,39438.00833333334,66238.86,-26800.851666666662
无刷直流电机驱动,2025-06,ma12,84834.92833333333,66238.86,18596.06833333333
无刷直流电机驱动,2025-06,snaive,0.0,66238.86,-66238.86
无刷直流电机驱动,2025-06,yoy_adj,0.0,66238.86,-66238.86
无刷直流电机驱动,2025-06,trend6,40396.425333333325,66238.86,-25842.434666666675
无刷直流电机驱动,2025-06,trend12,25118.08742424246,66238.86,-41120.77257575754
无刷直流电机驱动,2025-07,naive,66238.86,0.0,66238.86
无刷直流电机驱动,2025-07,ma3,59628.253333333334,0.0,59628.253333333334
无刷直流电机驱动,2025-07,ma6,48811.80333333334,0.0,48811.80333333334
无刷直流电机驱动,2025-07,ma12,90354.83333333336,0.0,90354.83333333336
无刷直流电机驱动,2025-07,snaive,29668.129999999997,0.0,29668.129999999997
无刷直流电机驱动,2025-07,yoy_adj,29668.129999999997,0.0,29668.129999999997
无刷直流电机驱动,2025-07,trend6,42561.30333333331,0.0,42561.30333333331
无刷直流电机驱动,2025-07,trend12,924.1101515151386,0.0,924.1101515151386
无刷直流电机驱动,2025-08,naive,0.0,0.0,0.0
无刷直流电机驱动,2025-08,ma3,25486.696666666667,0.0,25486.696666666667
无刷直流电机驱动,2025-08,ma6,33409.34666666667,0.0,33409.34666666667
无刷直流电机驱动,2025-08,ma12,87882.48916666668,0.0,87882.48916666668
无刷直流电机驱动,2025-08,snaive,251092.88,0.0,251092.88
无刷直流电机驱动,2025-08,yoy_adj,251092.88,0.0,251092.88
无刷直流电机驱动,2025-08,trend6,33275.00066666666,0.0,33275.00066666666
无刷直流电机驱动,2025-08,trend12,0.0,0.0,0.0
无刷直流电机驱动,2025-09,naive,0.0,136725.49,-136725.49
无刷直流电机驱动,2025-09,ma3,22079.62,136725.49,-114645.87
无刷直流电机驱动,2025-09,ma6,29814.126666666667,136725.49,-106911.36333333333
无刷直流电机驱动,2025-09,ma12,66958.0825,136725.49,-69767.40749999999
无刷直流电机驱动,2025-09,snaive,265169.95,136725.49,128444.46000000002
无刷直流电机驱动,2025-09,yoy_adj,265169.95,136725.49,128444.46000000002
无刷直流电机驱动,2025-09,trend6,4688.488666666672,136725.49,-132037.00133333332
无刷直流电机驱动,2025-09,trend12,0.0,136725.49,-136725.49
无刷直流电机驱动,2025-10,naive,136725.49,221387.89,-84662.40000000002
无刷直流电机驱动,2025-10,ma3,45575.16333333333,221387.89,-175812.72666666668
无刷直流电机驱动,2025-10,ma6,52601.708333333336,221387.89,-168786.18166666667
无刷直流电机驱动,2025-10,ma12,56254.377499999995,221387.89,-165133.5125
无刷直流电机驱动,2025-10,snaive,235460.13,221387.89,14072.23999999999
无刷直流电机驱动,2025-10,yoy_adj,235460.13,221387.89,14072.23999999999
无刷直流电机驱动,2025-10,trend6,60061.86333333332,221387.89,-161326.0266666667
无刷直流电机驱动,2025-10,trend12,28559.8622727272,221387.89,-192828.02772727283
无刷直流电机驱动,2025-11,naive,221387.89,185070.53999999998,36317.350000000035
无刷直流电机驱动,2025-11,ma3,119371.12666666666,185070.53999999998,-65699.41333333332
无刷直流电机驱动,2025-11,ma6,72428.91166666667,185070.53999999998,-112641.62833333331
无刷直流电机驱动,2025-11,ma12,55081.690833333334,185070.53999999998,-129988.84916666665
无刷直流电机驱动,2025-11,snaive,0.0,185070.53999999998,-185070.53999999998
无刷直流电机驱动,2025-11,yoy_adj,0.0,185070.53999999998,-185070.53999999998
无刷直流电机驱动,2025-11,trend6,199158.2306666666,185070.53999999998,14087.690666666633
无刷直流电机驱动,2025-11,trend12,121617.70787878791,185070.53999999998,-63452.832121212065
无刷直流电机驱动,2025-12,naive,185070.53999999998,251629.49,-66558.95000000001
无刷直流电机驱动,2025-12,ma3,181061.30666666664,251629.49,-70568.18333333335
无刷直流电机驱动,2025-12,ma6,101570.46333333333,251629.49,-150059.02666666667
无刷直流电机驱动,2025-12,ma12,70504.23583333334,251629.49,-181125.25416666665
无刷直流电机驱动,2025-12,snaive,9996.09,251629.49,-241633.4
无刷直流电机驱动,2025-12,yoy_adj,9996.09,251629.49,-241633.4
无刷直流电机驱动,2025-12,trend6,241075.2193333333,251629.49,-10554.270666666678
无刷直流电机驱动,2025-12,trend12,153263.32924242425,251629.49,-98366.16075757574
无刷直流电机驱动,2026-01,naive,251629.49,300965.01,-49335.52000000002
无刷直流电机驱动,2026-01,ma3,219362.63999999998,300965.01,-81602.37000000002
无刷直流电机驱动,2026-01,ma6,132468.90166666664,300965.01,-168496.10833333337
无刷直流电机驱动,2026-01,ma12,90640.3525,300965.01,-210324.65750000003
无刷直流电机驱动,2026-01,snaive,92414.73999999999,300965.01,-208550.27000000002
无刷直流电机驱动,2026-01,yoy_adj,127015.01598440121,300965.01,-173949.9940155988
无刷直流电机驱动,2026-01,trend6,322271.04866666655,300965.01,21306.038666666544
无刷直流电机驱动,2026-01,trend12,200803.3527272727,300965.01,-100161.65727272732
无刷直流电机驱动,2026-02,naive,300965.01,0.0,300965.01
无刷直流电机驱动,2026-02,ma3,245888.34666666668,0.0,245888.34666666668
无刷直流电机驱动,2026-02,ma6,182629.73666666666,0.0,182629.73666666666
无刷直流电机驱动,2026-02,ma12,108019.54166666667,0.0,108019.54166666667
无刷直流电机驱动,2026-02,snaive,21571.32,0.0,21571.32
无刷直流电机驱动,2026-02,yoy_adj,31637.733027939114,0.0,31637.733027939114
无刷直流电机驱动,2026-02,trend6,363951.70666666655,0.0,363951.70666666655
无刷直流电机驱动,2026-02,trend12,271287.95712121215,0.0,271287.95712121215
无刷直流电机驱动,2026-03,naive,0.0,180875.88,-180875.88
无刷直流电机驱动,2026-03,ma3,184198.16666666666,180875.88,3322.2866666666523
无刷直流电机驱动,2026-03,ma6,182629.73666666666,180875.88,1753.8566666666593
无刷直流电机驱动,2026-03,ma12,106221.93166666666,180875.88,-74653.94833333335
无刷直流电机驱动,2026-03,snaive,0.0,180875.88,-180875.88
无刷直流电机驱动,2026-03,yoy_adj,0.0,180875.88,-180875.88
无刷直流电机驱动,2026-03,trend6,144796.02266666663,180875.88,-36079.85733333338
无刷直流电机驱动,2026-03,trend12,216943.94166666665,180875.88,36068.06166666665
无刷直流电机驱动,2026-04,naive,180875.88,363034.87,-182158.99
无刷直流电机驱动,2026-04,ma3,160613.63,363034.87,-202421.24
无刷直流电机驱动,2026-04,ma6,189988.135,363034.87,-173046.735
无刷直流电机驱动,2026-04,ma12,121294.92166666668,363034.87,-241739.9483333333
无刷直流电机驱动,2026-04,snaive,102424.67,363034.87,-260610.2
无刷直流电机驱动,2026-04,yoy_adj,164664.8048628102,363034.87,-198370.06513718978
无刷直流电机驱动,2026-04,trend6,119144.51999999999,363034.87,-243890.35
无刷直流电机驱动,2026-04,trend12,219296.6662121212,363034.87,-143738.2037878788
无刷直流电机驱动,2026-05,naive,363034.87,412034.91,-49000.03999999998
无刷直流电机驱动,2026-05,ma3,181303.58333333334,412034.91,-230731.32666666663
无刷直流电机驱动,2026-05,ma6,213595.965,412034.91,-198438.94499999998
无刷直流电机驱动,2026-05,ma12,143012.43833333332,412034.91,-269022.4716666667
无刷直流电机驱动,2026-05,snaive,10221.23,412034.91,-401813.68
无刷直流电机驱动,2026-05,yoy_adj,17405.43032163045,412034.91,-394629.47967836953
无刷直流电机驱动,2026-05,trend6,251255.54600000003,412034.91,-160779.36399999994
无刷直流电机驱动,2026-05,trend12,295873.8683333334,412034.91,-116161.04166666657
无刷直流电机驱动,2026-06,naive,412034.91,684645.22,-272610.31
无刷直流电机驱动,2026-06,ma3,318648.5533333333,684645.22,-365996.6666666667
无刷直流电机驱动,2026-06,ma6,251423.36,684645.22,-433221.86
无刷直流电机驱动,2026-06,ma12,176496.91166666665,684645.22,-508148.30833333335
无刷直流电机驱动,2026-06,snaive,66238.86,684645.22,-618406.36
无刷直流电机驱动,2026-06,yoy_adj,137808.26426097294,684645.22,-546836.955739027
无刷直流电机驱动,2026-06,trend6,368334.6159999999,684645.22,-316310.60400000005
无刷直流电机驱动,2026-06,trend12,357380.1934848485,684645.22,-327265.0265151515
无刷直流电机驱动,2026-07,naive,684645.22,262721.98,421923.24
无刷直流电机驱动,2026-07,ma3,486571.6666666667,262721.98,223849.6866666667
无刷直流电机驱动,2026-07,ma6,323592.6483333333,262721.98,60870.668333333335
无刷直流电机驱动,2026-07,ma12,228030.775,262721.98,-34691.20499999999
无刷直流电机驱动,2026-07,snaive,0.0,262721.98,-262721.98
无刷直流电机驱动,2026-07,yoy_adj,0.0,262721.98,-262721.98
无刷直流电机驱动,2026-07,trend6,657259.1253333332,262721.98,394537.1453333332
无刷直流电机驱动,2026-07,trend12,503374.8913636364,262721.98,240652.91136363643
无刷直流电机驱动,2026-08,naive,262721.98,248760.58000000002,13961.399999999965
无刷直流电机驱动,2026-08,ma3,453134.0366666666,248760.58000000002,204373.4566666666
无刷直流电机驱动,2026-08,ma6,317218.81,248760.58000000002,68458.22999999998
无刷直流电机驱动,2026-08,ma12,249924.27333333332,248760.58000000002,1163.6933333333
无刷直流电机驱动,2026-08,snaive,0.0,248760.58000000002,-248760.58000000002
无刷直流电机驱动,2026-08,yoy_adj,0.0,248760.58000000002,-248760.58000000002
无刷直流电机驱动,2026-08,trend6,604610.6059999998,248760.58000000002,355850.0259999998
无刷直流电机驱动,2026-08,trend12,466568.46196969703,248760.58000000002,217807.88196969702
有刷直流电机驱动,2025-01,naive,9960122.48,9880853.19,79269.29000000097
有刷直流电机驱动,2025-01,ma3,8923083.983333332,9880853.19,-957769.206666667
有刷直流电机驱动,2025-01,ma6,8072623.141666666,9880853.19,-1808230.0483333338
有刷直流电机驱动,2025-01,ma12,7054600.711666667,9880853.19,-2826252.4783333326
有刷直流电机驱动,2025-01,snaive,5721645.22,9880853.19,-4159207.9699999997
有刷直流电机驱动,2025-01,yoy_adj,5721645.22,9880853.19,-4159207.9699999997
有刷直流电机驱动,2025-01,trend6,10388145.044666665,9880853.19,507291.8546666652
有刷直流电机驱动,2025-01,trend12,9755249.933030304,9880853.19,-125603.25696969591
有刷直流电机驱动,2025-02,naive,9880853.19,8023351.41,1857501.7799999993
有刷直流电机驱动,2025-02,ma3,9752818.909999998,8023351.41,1729467.4999999981
有刷直流电机驱动,2025-02,ma6,8634717.926666668,8023351.41,611366.5166666675
有刷直流电机驱动,2025-02,ma12,7401201.3758333335,8023351.41,-622150.0341666667
有刷直流电机驱动,2025-02,snaive,2274579.92,8023351.41,-5748771.49
有刷直流电机驱动,2025-02,yoy_adj,2274579.92,8023351.41,-5748771.49
有刷直流电机驱动,2025-02,trend6,10759317.790666662,8023351.41,2735966.380666662
有刷直流电机驱动,2025-02,trend12,10414585.957878787,8023351.41,2391234.547878787
有刷直流电机驱动,2025-03,naive,8023351.41,10739076.63,-2715725.2200000007
有刷直流电机驱动,2025-03,ma3,9288109.026666667,10739076.63,-1450967.6033333335
有刷直流电机驱动,2025-03,ma6,8756121.483333332,10739076.63,-1982955.1466666684
有刷直流电机驱动,2025-03,ma12,7880265.666666667,10739076.63,-2858810.963333334
有刷直流电机驱动,2025-03,snaive,6429852.37,10739076.63,-4309224.260000001
有刷直流电机驱动,2025-03,yoy_adj,6429852.37,10739076.63,-4309224.260000001
有刷直流电机驱动,2025-03,trend6,9637186.589333326,10739076.63,-1101890.0406666752
有刷直流电机驱动,2025-03,trend12,9534504.145303028,10739076.63,-1204572.484696973
有刷直流电机驱动,2025-04,naive,10739076.63,12494470.95,-1755394.3199999984
有刷直流电机驱动,2025-04,ma3,9547760.410000002,12494470.95,-2946710.5399999972
有刷直流电机驱动,2025-04,ma6,9235422.196666667,12494470.95,-3259048.753333332
有刷直流电机驱动,2025-04,ma12,8239367.688333333,12494470.95,-4255103.261666667
有刷直流电机驱动,2025-04,snaive,7435447.21,12494470.95,-5059023.739999999
有刷直流电机驱动,2025-04,yoy_adj,7435447.21,12494470.95,-5059023.739999999
有刷直流电机驱动,2025-04,trend6,10482970.482666664,12494470.95,-2011500.4673333354
有刷直流电机驱动,2025-04,trend12,10179777.706515152,12494470.95,-2314693.2434848472
有刷直流电机驱动,2025-05,naive,12494470.95,12008939.41,485531.5399999991
有刷直流电机驱动,2025-05,ma3,10418966.33,12008939.41,-1589973.08
有刷直流电机驱动,2025-05,ma6,10085892.62,12008939.41,-1923046.790000001
有刷直流电机驱动,2025-05,ma12,8660952.999999998,12008939.41,-3347986.410000002
有刷直流电机驱动,2025-05,snaive,7493811.04,12008939.41,-4515128.37
有刷直流电机驱动,2025-05,yoy_adj,7493811.04,12008939.41,-4515128.37
有刷直流电机驱动,2025-05,trend6,11672323.631999994,12008939.41,-336615.77800000645
有刷直流电机驱动,2025-05,trend12,11427616.87409091,12008939.41,-581322.5359090902
有刷直流电机驱动,2025-06,naive,12008939.41,9327083.8,2681855.6099999994
有刷直流电机驱动,2025-06,ma3,11747495.663333332,9327083.8,2420411.8633333314
有刷直流电机驱动,2025-06,ma6,10517802.344999999,9327083.8,1190718.544999998
有刷直流电机驱动,2025-06,ma12,9037213.6975,9327083.8,-289870.10250000097
有刷直流电机驱动,2025-06,snaive,6864133.93,9327083.8,-2462949.870000001
有刷直流电机驱动,2025-06,yoy_adj,6864133.93,9327083.8,-2462949.870000001
有刷直流电机驱动,2025-06,trend6,12597868.659999996,9327083.8,3270784.8599999957
有刷直流电机驱动,2025-06,trend12,12296036.776818179,9327083.8,2968952.976818178
有刷直流电机驱动,2025-07,naive,9327083.8,8137631.61,1189452.1900000004
有刷直流电机驱动,2025-07,ma3,11276831.386666665,8137631.61,3139199.7766666645
有刷直流电机驱动,2025-07,ma6,10412295.898333333,8137631.61,2274664.288333333
有刷直流电机驱动,2025-07,ma12,9242459.52,8137631.61,1104827.9099999992
有刷直流电机驱动,2025-07,snaive,6508284.4799999995,8137631.61,-1629347.1300000008
有刷直流电机驱动,2025-07,yoy_adj,6508284.4799999995,8137631.61,-1629347.1300000008
有刷直流电机驱动,2025-07,trend6,11506627.035333326,8137631.61,3368995.4253333258
有刷直流电机驱动,2025-07,trend12,11931703.830000002,8137631.61,3794072.2200000016
有刷直流电机驱动,2025-08,naive,8137631.61,8738607.06,-600975.4500000002
有刷直流电机驱动,2025-08,ma3,9824551.606666667,8738607.06,1085944.5466666669
有刷直流电机驱动,2025-08,ma6,10121758.968333334,8738607.06,1383151.9083333332
有刷直流电机驱动,2025-08,ma12,9378238.4475,8738607.06,639631.3874999993
有刷直流电机驱动,2025-08,snaive,7294930.07,8738607.06,-1443676.9900000002
有刷直流电机驱动,2025-08,yoy_adj,7294930.07,8738607.06,-1443676.9900000002
有刷直流电机驱动,2025-08,trend6,9706748.065333331,8738607.06,968141.0053333305
有刷直流电机驱动,2025-08,trend12,10983451.336363636,8738607.06,2244844.2763636354
有刷直流电机驱动,2025-09,naive,8738607.06,7286490.18,1452116.8800000008
有刷直流电机驱动,2025-09,ma3,8734440.823333332,7286490.18,1447950.6433333326
有刷直流电机驱动,2025-09,ma6,10240968.243333332,7286490.18,2954478.0633333325
有刷直流电机驱动,2025-09,ma12,9498544.863333331,7286490.18,2212054.6833333317
有刷直流电机驱动,2025-09,snaive,7863272.35,7286490.18,576782.1699999999
有刷直流电机驱动,2025-09,yoy_adj,7863272.35,7286490.18,576782.1699999999
有刷直流电机驱动,2025-09,trend6,7665496.095333332,7286490.18,379005.9153333325
有刷直流电机驱动,2025-09,trend12,10328326.975606062,7286490.18,3041836.795606062
有刷直流电机驱动,2025-10,naive,7286490.18,7313083.39,-26593.209999999963
有刷直流电机驱动,2025-10,ma3,8054242.95,7313083.39,741159.5600000005
有刷直流电机驱动,2025-10,ma6,9665537.168333333,7313083.39,2352453.7783333333
有刷直流电机驱动,2025-10,ma12,9450479.6825,7313083.39,2137396.2924999995
有刷直流电机驱动,2025-10,snaive,7391648.41,7313083.39,78565.02000000048
有刷直流电机驱动,2025-10,yoy_adj,7391648.41,7313083.39,78565.02000000048
有刷直流电机驱动,2025-10,trend6,5961501.859333334,7313083.39,-1351581.530666666
有刷直流电机驱动,2025-10,trend12,9244099.426818183,7313083.39,1931016.036818183
有刷直流电机驱动,2025-11,naive,7313083.39,5942401.19,1370682.1999999993
有刷直流电机驱动,2025-11,ma3,7779393.543333333,5942401.19,1836992.3533333326
有刷直流电机驱动,2025-11,ma6,8801972.575000001,5942401.19,2859571.3850000007
有刷直流电机驱动,2025-11,ma12,9443932.5975,5942401.19,3501531.4074999997
有刷直流电机驱动,2025-11,snaive,9417481.06,5942401.19,3475079.87
有刷直流电机驱动,2025-11,yoy_adj,9417481.06,5942401.19,3475079.87
有刷直流电机驱动,2025-11,trend6,5901964.023999996,5942401.19,-40437.16600000486
有刷直流电机驱动,2025-11,trend12,8094912.2109090835,5942401.19,2152511.020909083
有刷直流电机驱动,2025-12,naive,5942401.19,9646081.55,-3703680.3600000003
有刷直流电机驱动,2025-12,ma3,6847324.920000001,9646081.55,-2798756.63
有刷直流电机驱动,2025-12,ma6,7790882.871666666,9646081.55,-1855198.6783333346
有刷直流电机驱动,2025-12,ma12,9154342.608333332,9646081.55,-491738.9416666683
有刷直流电机驱动,2025-12,snaive,9960122.48,9646081.55,314040.9299999997
有刷直流电机驱动,2025-12,yoy_adj,9960122.48,9646081.55,314040.9299999997
有刷直流电机驱动,2025-12,trend6,5705965.412666665,9646081.55,-3940116.1373333354
有刷直流电机驱动,2025-12,trend12,6922124.142878788,9646081.55,-2723957.407121213
有刷直流电机驱动,2026-01,naive,9646081.55,13313420.35,-3667338.799999999
有刷直流电机驱动,2026-01,ma3,7633855.376666668,13313420.35,-5679564.973333332
有刷直流电机驱动,2026-01,ma6,7844049.163333334,13313420.35,-5469371.186666666
有刷直流电机驱动,2026-01,ma12,9128172.530833334,13313420.35,-4185247.819166666
有刷直流电机驱动,2026-01,snaive,9880853.19,13313420.35,-3432567.16
有刷直流电机驱动,2026-01,yoy_adj,12785150.621068435,13313420.35,-528269.7289315648
有刷直流电机驱动,2026-01,trend6,7762071.693333335,13313420.35,-5551348.656666664
有刷直流电机驱动,2026-01,trend12,7256960.126515148,13313420.35,-6056460.223484851
有刷直流电机驱动,2026-02,naive,13313420.35,8384364.54,4929055.81
有刷直流电机驱动,2026-02,ma3,9633967.696666667,8384364.54,1249603.1566666672
有刷直流电机驱动,2026-02,ma6,8706680.620000001,8384364.54,322316.080000001
有刷直流电机驱动,2026-02,ma12,9414219.794166666,8384364.54,1029855.2541666655
有刷直流电机驱动,2026-02,snaive,8023351.41,8384364.54,-361013.1299999999
有刷直流电机驱动,2026-02,yoy_adj,10205585.529156389,8384364.54,1821220.9891563887
有刷直流电机驱动,2026-02,trend6,11564896.455999993,8384364.54,3180531.9159999928
有刷直流电机驱动,2026-02,trend12,8811702.266666664,8384364.54,427337.7266666638
有刷直流电机驱动,2026-03,naive,8384364.54,10850762.58,-2466398.04
有刷直流电机驱动,2026-03,ma3,10447955.479999999,10850762.58,-402807.1000000015
有刷直流电机驱动,2026-03,ma6,8647640.200000001,10850762.58,-2203122.379999999
有刷直流电机驱动,2026-03,ma12,9444304.221666666,10850762.58,-1406458.3583333343
有刷直流电机驱动,2026-03,snaive,10739076.63,10850762.58,-111685.94999999925
有刷直流电机驱动,2026-03,yoy_adj,12870518.71646005,10850762.58,2019756.136460049
有刷直流电机驱动,2026-03,trend6,11367046.503999997,10850762.58,516283.92399999686
有刷直流电机驱动,2026-03,trend12,8173384.494393937,10850762.58,-2677378.085606063
有刷直流电机驱动,2026-04,naive,10850762.58,16171625.03,-5320862.449999999
有刷直流电机驱动,2026-04,ma3,10849515.823333332,16171625.03,-5322109.206666667
有刷直流电机驱动,2026-04,ma6,9241685.6,16171625.03,-6929939.43
有刷直流电机驱动,2026-04,ma12,9453611.384166667,16171625.03,-6718013.645833332
有刷直流电机驱动,2026-04,snaive,12494470.95,16171625.03,-3677154.08
有刷直流电机驱动,2026-04,yoy_adj,14335793.386100566,16171625.03,-1835831.6438994333
有刷直流电机驱动,2026-04,trend6,12109848.079999994,16171625.03,-4061776.950000005
有刷直流电机驱动,2026-04,trend12,8916852.639848484,16171625.03,-7254772.390151516
有刷直流电机驱动,2026-05,naive,16171625.03,12470777.0,3700848.0299999993
有刷直流电机驱动,2026-05,ma3,11802250.716666667,12470777.0,-668526.2833333332
有刷直流电机驱动,2026-05,ma6,10718109.206666667,12470777.0,-1752667.793333333
有刷直流电机驱动,2026-05,ma12,9760040.890833333,12470777.0,-2710736.109166667
有刷直流电机驱动,2026-05,snaive,12008939.41,12470777.0,-461837.58999999985
有刷直流电机驱动,2026-05,yoy_adj,13532891.784211269,12470777.0,1062114.7842112686
有刷直流电机驱动,2026-05,trend6,15701219.854666663,12470777.0,3230442.8546666633
有刷直流电机驱动,2026-05,trend12,11801221.33878788,12470777.0,-669555.6612121202
有刷直流电机驱动,2026-06,naive,12470777.0,11195081.25,1275695.75
有刷直流电机驱动,2026-06,ma3,13164388.203333333,11195081.25,1969306.9533333331
有刷直流电机驱动,2026-06,ma6,11806171.841666667,11195081.25,611090.5916666668
有刷直流电机驱动,2026-06,ma12,9798527.356666667,11195081.25,-1396553.8933333326
有刷直流电机驱动,2026-06,snaive,9327083.8,11195081.25,-1867997.4499999993
有刷直流电机驱动,2026-06,yoy_adj,10112816.718885882,11195081.25,-1082264.5311141182
有刷直流电机驱动,2026-06,trend6,14322620.774666667,11195081.25,3127539.524666667
有刷直流电机驱动,2026-06,trend12,13181839.121666666,11195081.25,1986757.8716666661
有刷直流电机驱动,2026-07,naive,11195081.25,10457275.32,737805.9299999997
有刷直流电机驱动,2026-07,ma3,13279161.093333334,10457275.32,2821885.7733333334
有刷直流电机驱动,2026-07,ma6,12064338.458333334,10457275.32,1607063.1383333337
有刷直流电机驱动,2026-07,ma12,9954193.810833333,10457275.32,-503081.50916666724
有刷直流电机驱动,2026-07,snaive,8137631.61,10457275.32,-2319643.71
有刷直流电机驱动,2026-07,yoy_adj,8764286.392795986,10457275.32,-1692988.9272040147
有刷直流电机驱动,2026-07,trend6,12763178.891333334,10457275.32,2305903.571333334
有刷直流电机驱动,2026-07,trend12,13547353.907424245,10457275.32,3090078.5874242447
有刷直流电机驱动,2026-08,naive,10457275.32,10637711.82,-180436.5
有刷直流电机驱动,2026-08,ma3,11374377.856666667,10637711.82,736666.0366666671
有刷直流电机驱动,2026-08,ma6,11588314.286666667,10637711.82,950602.4666666668
有刷直流电机驱动,2026-08,ma12,10147497.453333333,10637711.82,-490214.36666666716
有刷直流电机驱动,2026-08,snaive,8738607.06,10637711.82,-1899104.7599999998
有刷直流电机驱动,2026-08,yoy_adj,9455399.687632084,10637711.82,-1182312.1323679164
有刷直流电机驱动,2026-08,trend6,12357980.474666663,10637711.82,1720268.6546666622
有刷直流电机驱动,2026-08,trend12,13329716.367878791,10637711.82,2692004.5478787906
步进电机驱动,2025-01,naive,1768387.18,1509206.97,259180.20999999996
步进电机驱动,2025-01,ma3,1631574.9333333333,1509206.97,122367.96333333338
步进电机驱动,2025-01,ma6,1529270.8,1509206.97,20063.830000000075
步进电机驱动,2025-01,ma12,1429860.3308333333,1509206.97,-79346.63916666666
步进电机驱动,2025-01,snaive,1227600.97,1509206.97,-281606.0
步进电机驱动,2025-01,yoy_adj,1227600.97,1509206.97,-281606.0
步进电机驱动,2025-01,trend6,1883742.859999999,1509206.97,374535.88999999897
步进电机驱动,2025-01,trend12,1850832.6046969695,1509206.97,341625.63469696953
步进电机驱动,2025-02,naive,1509206.97,526676.27,982530.7
步进电机驱动,2025-02,ma3,1518962.3399999999,526676.27,992286.0699999998
步进电机驱动,2025-02,ma6,1617709.9033333333,526676.27,1091033.6333333333
步进电机驱动,2025-02,ma12,1453327.4974999998,526676.27,926651.2274999998
步进电机驱动,2025-02,snaive,310953.52,526676.27,-215722.75
步进电机驱动,2025-02,yoy_adj,310953.52,526676.27,-215722.75
步进电机驱动,2025-02,trend6,1576661.1333333333,526676.27,1049984.8633333333
步进电机驱动,2025-02,trend12,1834377.9836363636,526676.27,1307701.7136363636
步进电机驱动,2025-03,naive,526676.27,2019931.77,-1493255.5
步进电机驱动,2025-03,ma3,1268090.14,2019931.77,-751841.6300000001
步进电机驱动,2025-03,ma6,1473243.5099999998,2019931.77,-546688.2600000002
步进电机驱动,2025-03,ma12,1471304.3933333333,2019931.77,-548627.3766666667
步进电机驱动,2025-03,snaive,1354625.78,2019931.77,-665305.99
步进电机驱动,2025-03,yoy_adj,1354625.78,2019931.77,-665305.99
步进电机驱动,2025-03,trend6,729713.2319999994,2019931.77,-1290218.5380000006
步进电机驱动,2025-03,trend12,1283172.4883333328,2019931.77,-736759.2816666672
步进电机驱动,2025-04,naive,2019931.77,1338555.37,681376.3999999999
步进电机驱动,2025-04,ma3,1351938.3366666667,1338555.37,13382.966666666558
步进电机驱动,2025-04,ma6,1491756.6349999998,1338555.37,153201.26499999966
步进电机驱动,2025-04,ma12,1526746.5591666668,1338555.37,188191.1891666667
步进电机驱动,2025-04,snaive,1450671.88,1338555.37,112116.50999999978
步进电机驱动,2025-04,yoy_adj,1450671.88,1338555.37,112116.50999999978
步进电机驱动,2025-04,trend6,1326497.1439999996,1338555.37,-12058.22600000049
步进电机驱动,2025-04,trend12,1441298.2716666667,1338555.37,102742.90166666661
步进电机驱动,2025-05,naive,1338555.37,1936306.27,-597750.8999999999
步进电机驱动,2025-05,ma3,1295054.47,1936306.27,-641251.8
步进电机驱动,2025-05,ma6,1407008.405,1936306.27,-529297.865
步进电机驱动,2025-05,ma12,1517403.5166666668,1936306.27,-418902.7533333332
步进电机驱动,2025-05,snaive,1699455.06,1936306.27,-236851.20999999996
步进电机驱动,2025-05,yoy_adj,1699455.06,1936306.27,-236851.20999999996
步进电机驱动,2025-05,trend6,1413849.9619999994,1936306.27,-522456.30800000066
步进电机驱动,2025-05,trend12,1362430.8221212118,1936306.27,-573875.4478787882
步进电机驱动,2025-06,naive,1936306.27,1865890.19,70416.08000000007
步进电机驱动,2025-06,ma3,1764931.1366666667,1865890.19,-100959.05333333323
步进电机驱动,2025-06,ma6,1516510.6383333334,1865890.19,-349379.5516666665
步进电机驱动,2025-06,ma12,1537141.1175,1865890.19,-328749.0725
步进电机驱动,2025-06,snaive,1939391.96,1865890.19,73501.77000000002
步进电机驱动,2025-06,yoy_adj,1939391.96,1865890.19,73501.77000000002
步进电机驱动,2025-06,trend6,1698600.2533333327,1865890.19,-167289.93666666723
步进电机驱动,2025-06,trend12,1540682.0672727271,1865890.19,-325208.1227272728
步进电机驱动,2025-07,naive,1865890.19,2166735.09,-300844.8999999999
步进电机驱动,2025-07,ma3,1713583.9433333334,2166735.09,-453151.1466666665
步进电机驱动,2025-07,ma6,1532761.14,2166735.09,-633973.95
步进电机驱动,2025-07,ma12,1531015.97,2166735.09,-635719.1199999999
步进电机驱动,2025-07,snaive,978572.35,2166735.09,-1188162.7399999998
步进电机驱动,2025-07,yoy_adj,978572.35,2166735.09,-1188162.7399999998
步进电机驱动,2025-07,trend6,2065854.11,2166735.09,-100880.97999999975
步进电机驱动,2025-07,trend12,1735591.0277272728,2166735.09,-431144.062272727
步进电机驱动,2025-08,naive,2166735.09,2661148.46,-494413.3700000001
步进电机驱动,2025-08,ma3,1989643.8499999999,2661148.46,-671504.6100000001
步进电机驱动,2025-08,ma6,1642349.16,2661148.46,-1018799.3
步进电机驱动,2025-08,ma12,1630029.5316666665,2661148.46,-1031118.9283333335
步进电机驱动,2025-08,snaive,1393474.63,2661148.46,-1267673.83
步进电机驱动,2025-08,yoy_adj,1393474.63,2661148.46,-1267673.83
步进电机驱动,2025-08,trend6,2475941.1859999984,2661148.46,-185207.2740000016
步进电机驱动,2025-08,trend12,1830312.3907575756,2661148.46,-830836.0692424243
步进电机驱动,2025-09,naive,2661148.46,2413407.77,247740.68999999994
步进电机驱动,2025-09,ma3,2231257.9133333336,2413407.77,-182149.85666666646
步进电机驱动,2025-09,ma6,1998094.5249999997,2413407.77,-415313.24500000034
步进电机驱动,2025-09,ma12,1735669.0175,2413407.77,-677738.7525
步进电机驱动,2025-09,snaive,1908853.02,2413407.77,-504554.75
步进电机驱动,2025-09,yoy_adj,1908853.02,2413407.77,-504554.75
步进电机驱动,2025-09,trend6,2560115.178,2413407.77,146707.40799999982
步进电机驱动,2025-09,trend12,2123840.3877272727,2413407.77,-289567.3822727273
步进电机驱动,2025-10,naive,2413407.77,2351693.96,61713.810000000056
步进电机驱动,2025-10,ma3,2413763.7733333334,2351693.96,62069.81333333347
步进电机驱动,2025-10,ma6,2063673.8583333332,2351693.96,-288020.1016666668
步进电机驱动,2025-10,ma12,1777715.2466666664,2351693.96,-573978.7133333336
步进电机驱动,2025-10,snaive,1847044.75,2351693.96,-504649.20999999996
步进电机驱动,2025-10,yoy_adj,1847044.75,2351693.96,-504649.20999999996
步进电机驱动,2025-10,trend6,2848637.2053333316,2351693.96,496943.24533333164
步进电机驱动,2025-10,trend12,2386489.3057575757,2351693.96,34795.345757575706
步进电机驱动,2025-11,naive,2351693.96,2260437.42,91256.54000000004
步进电机驱动,2025-11,ma3,2475416.73,2260437.42,214979.31000000006
步进电机驱动,2025-11,ma6,2232530.2899999996,2260437.42,-27907.130000000354
步进电机驱动,2025-11,ma12,1819769.3475000001,2260437.42,-440668.0724999998
步进电机驱动,2025-11,snaive,1279292.8699999999,2260437.42,-981144.55
步进电机驱动,2025-11,yoy_adj,1279292.8699999999,2260437.42,-981144.55
步进电机驱动,2025-11,trend6,2653920.7459999993,2260437.42,393483.3259999994
步进电机驱动,2025-11,trend12,2592521.8018181818,2260437.42,332084.38181818184
步进电机驱动,2025-12,naive,2260437.42,1380250.99,880186.4299999999
步进电机驱动,2025-12,ma3,2341846.3833333333,1380250.99,961595.3933333333
步进电机驱动,2025-12,ma6,2286552.148333333,1380250.99,906301.158333333
步进电机驱动,2025-12,ma12,1901531.3933333333,1380250.99,521280.4033333333
步进电机驱动,2025-12,snaive,1768387.18,1380250.99,388136.18999999994
步进电机驱动,2025-12,yoy_adj,1768387.18,1380250.99,388136.18999999994
步进电机驱动,2025-12,trend6,2514539.355333332,1380250.99,1134288.365333332
步进电机驱动,2025-12,trend12,2624764.633787879,1380250.99,1244513.6437878788
步进电机驱动,2026-01,naive,1380250.99,2557290.91,-1177039.9200000002
步进电机驱动,2026-01,ma3,1997460.79,2557290.91,-559830.1200000001
步进电机驱动,2026-01,ma6,2205612.2816666667,2557290.91,-351678.6283333334
步进电机驱动,2026-01,ma12,1869186.7108333332,2557290.91,-688104.199166667
步进电机驱动,2026-01,snaive,1509206.97,2557290.91,-1048083.9400000002
步进电机驱动,2026-01,yoy_adj,1972912.7044016581,2557290.91,-584378.205598342
步进电机驱动,2026-01,trend6,1685985.5386666656,2557290.91,-871305.3713333346
步进电机驱动,2026-01,trend12,2422761.7874242426,2557290.91,-134529.12257575756
步进电机驱动,2026-02,naive,2557290.91,996062.98,1561227.9300000002
步进电机驱动,2026-02,ma3,2065993.1066666667,996062.98,1069930.1266666667
步进电机驱动,2026-02,ma6,2270704.9183333335,996062.98,1274641.9383333335
步进电机驱动,2026-02,ma12,1956527.0391666666,996062.98,960464.0591666666
步进电机驱动,2026-02,snaive,526676.27,996062.98,-469386.70999999996
步进电机驱动,2026-02,yoy_adj,709032.4547736316,996062.98,-287030.52522636834
步进电机驱动,2026-02,trend6,1899703.4553333335,996062.98,903640.4753333335
步进电机驱动,2026-02,trend12,2575770.5148484847,996062.98,1579707.5348484847
步进电机驱动,2026-03,naive,996062.98,2419960.5,-1423897.52
步进电机驱动,2026-03,ma3,1644534.9600000002,2419960.5,-775425.5399999998
步进电机驱动,2026-03,ma6,1993190.6716666669,2419960.5,-426769.82833333313
步进电机驱动,2026-03,ma12,1995642.5983333334,2419960.5,-424317.9016666666
步进电机驱动,2026-03,snaive,2019931.77,2419960.5,-400028.73
步进电机驱动,2026-03,yoy_adj,2739787.8400989636,2419960.5,319827.3400989636
步进电机驱动,2026-03,trend6,1258178.7186666664,2419960.5,-1161781.7813333336
步进电机驱动,2026-03,trend12,1952314.1501515154,2419960.5,-467646.3498484846
步进电机驱动,2026-04,naive,2419960.5,3203245.2,-783284.7000000002
步进电机驱动,2026-04,ma3,1991104.7966666669,3203245.2,-1212140.4033333333
步进电机驱动,2026-04,ma6,1994282.7933333337,3203245.2,-1208962.4066666665
步进电机驱动,2026-04,ma12,2028978.3258333334,3203245.2,-1174266.8741666668
步进电机驱动,2026-04,snaive,1338555.37,3203245.2,-1864689.83
步进电机驱动,2026-04,yoy_adj,1778880.5989778806,3203245.2,-1424364.6010221196
步进电机驱动,2026-04,trend6,1766807.7233333318,3203245.2,-1436437.4766666684
步进电机驱动,2026-04,trend12,2098905.699242424,3203245.2,-1104339.500757576
步进电机驱动,2026-05,naive,3203245.2,3674328.03,-471082.8299999996
步进电机驱动,2026-05,ma3,2206422.893333333,3674328.03,-1467905.1366666667
步进电机驱动,2026-05,ma6,2136208.0,3674328.03,-1538120.0299999998
步进电机驱动,2026-05,ma12,2184369.145,3674328.03,-1489958.8849999998
步进电机驱动,2026-05,snaive,1936306.27,3674328.03,-1738021.7599999998
步进电机驱动,2026-05,yoy_adj,2787398.0948385866,3674328.03,-886929.9351614132
步进电机驱动,2026-05,trend6,2763401.9499999993,3674328.03,-910926.0800000005
步进电机驱动,2026-05,trend12,2343874.636363637,3674328.03,-1330453.3936363626
步进电机驱动,2026-06,naive,3674328.03,3197692.24,476635.7899999996
步进电机驱动,2026-06,ma3,3099177.91,3197692.24,-98514.33000000007
步进电机驱动,2026-06,ma6,2371856.435,3197692.24,-825835.8050000002
步进电机驱动,2026-06,ma12,2329204.2916666665,3197692.24,-868487.9483333337
步进电机驱动,2026-06,snaive,1865890.19,3197692.24,-1331802.0500000003
步进电机驱动,2026-06,yoy_adj,2827352.276800137,3197692.24,-370339.9631998632
步进电机驱动,2026-06,trend6,3855070.993999999,3197692.24,657378.7539999988
步进电机驱动,2026-06,trend12,2787908.20030303,3197692.24,-409784.03969697
步进电机驱动,2026-07,naive,3197692.24,2922018.19,275674.0500000003
步进电机驱动,2026-07,ma3,3358421.8233333337,2922018.19,436403.63333333377
步进电机驱动,2026-07,ma6,2674763.31,2922018.19,-247254.8799999999
步进电机驱动,2026-07,ma12,2440187.795833334,2922018.19,-481830.3941666661
步进电机驱动,2026-07,snaive,2166735.09,2922018.19,-755283.1000000001
步进电机驱动,2026-07,yoy_adj,3453419.5769504867,2922018.19,531401.3869504868
步进电机驱动,2026-07,trend6,3876771.959999998,2922018.19,954753.7699999982
步进电机驱动,2026-07,trend12,2979125.4342424246,2922018.19,57107.24424242461
步进电机驱动,2026-08,naive,2922018.19,3002858.42,-80840.22999999998
步进电机驱动,2026-08,ma3,3264679.4866666663,3002858.42,261821.06666666642
步进电机驱动,2026-08,ma6,2735551.19,3002858.42,-267307.23
步进电机驱动,2026-08,ma12,2503128.0541666667,3002858.42,-499730.3658333332
步进电机驱动,2026-08,snaive,2661148.46,3002858.42,-341709.95999999996
步进电机驱动,2026-08,yoy_adj,4086548.885845956,3002858.42,1083690.465845956
步进电机驱动,2026-08,trend6,3978956.5999999987,3002858.42,976098.1799999988
步进电机驱动,2026-08,trend12,3081730.4462121213,3002858.42,78872.02621212136
电机驱动,2025-01,naive,424612.26,276489.22,148123.04000000004
电机驱动,2025-01,ma3,327724.01333333337,276489.22,51234.79333333339
电机驱动,2025-01,ma6,266782.1816666667,276489.22,-9707.038333333272
电机驱动,2025-01,ma12,343239.86916666664,276489.22,66750.64916666667
电机驱动,2025-01,snaive,674626.79,276489.22,398137.57000000007
电机驱动,2025-01,yoy_adj,674626.79,276489.22,398137.57000000007
电机驱动,2025-01,trend6,460484.00066666654,276489.22,183994.78066666657
电机驱动,2025-01,trend12,272625.5362121212,276489.22,-3863.6837878787774
电机驱动,2025-02,naive,276489.22,282875.61,-6386.390000000014
电机驱动,2025-02,ma3,325843.74666666664,282875.61,42968.13666666666
电机驱动,2025-02,ma6,312863.7183333333,282875.61,29988.108333333337
电机驱动,2025-02,ma12,310061.7383333333,282875.61,27186.128333333298
电机驱动,2025-02,snaive,0.0,282875.61,-282875.61
电机驱动,2025-02,yoy_adj,0.0,282875.61,-282875.61
电机驱动,2025-02,trend6,324671.52933333325,282875.61,41795.919333333266
电机驱动,2025-02,trend12,320669.5151515152,282875.61,37793.90515151521
电机驱动,2025-03,naive,282875.61,254561.21,28314.399999999994
电机驱动,2025-03,ma3,327992.36333333334,254561.21,73431.15333333335
电机驱动,2025-03,ma6,303347.87333333335,254561.21,48786.66333333336
电机驱动,2025-03,ma12,333634.70583333325,254561.21,79073.49583333326
电机驱动,2025-03,snaive,843344.6499999999,254561.21,588783.44
电机驱动,2025-03,yoy_adj,843344.6499999999,254561.21,588783.44
电机驱动,2025-03,trend6,319136.50333333324,254561.21,64575.29333333325
电机驱动,2025-03,trend12,245836.80060606063,254561.21,-8724.409393939364
电机驱动,2025-04,naive,254561.21,11335.31,243225.9
电机驱动,2025-04,ma3,271308.68,11335.31,259973.37
电机驱动,2025-04,ma6,299516.3466666667,11335.31,288181.0366666667
电机驱动,2025-04,ma12,284569.41916666663,11335.31,273234.10916666663
电机驱动,2025-04,snaive,0.0,11335.31,-11335.31
电机驱动,2025-04,yoy_adj,0.0,11335.31,-11335.31
电机驱动,2025-04,trend6,272853.3926666665,11335.31,261518.08266666648
电机驱动,2025-04,trend12,327599.259848485,11335.31,316263.949848485
电机驱动,2025-05,naive,11335.31,284571.78,-273236.47000000003
电机驱动,2025-05,ma3,182924.04333333333,284571.78,-101647.7366666667
电机驱动,2025-05,ma6,254383.89500000002,284571.78,-30187.88500000001
电机驱动,2025-05,ma12,285514.0283333333,284571.78,942.248333333293
电机驱动,2025-05,snaive,161843.12,284571.78,-122728.66000000003
电机驱动,2025-05,yoy_adj,161843.12,284571.78,-122728.66000000003
电机驱动,2025-05,trend6,71459.99400000006,284571.78,-213111.78599999996
电机驱动,2025-05,trend12,176158.01333333325,284571.78,-108413.76666666678
电机驱动,2025-06,naive,284571.78,284673.43,-101.64999999996508
电机驱动,2025-06,ma3,183489.43333333335,284673.43,-101183.99666666664
电机驱动,2025-06,ma6,255740.89833333335,284673.43,-28932.531666666648
电机驱动,2025-06,ma12,295741.4166666667,284673.43,11067.986666666693
电机驱动,2025-06,snaive,838370.78,284673.43,553697.3500000001
电机驱动,2025-06,yoy_adj,838370.78,284673.43,553697.3500000001
电机驱动,2025-06,trend6,103343.04533333331,284673.43,-181330.38466666668
电机驱动,2025-06,trend12,149610.70757575746,284673.43,-135062.72242424253
电机驱动,2025-07,naive,284673.43,419069.2,-134395.77000000002
电机驱动,2025-07,ma3,193526.84,419069.2,-225542.36000000002
电机驱动,2025-07,ma6,232417.75999999998,419069.2,-186651.44000000003
电机驱动,2025-07,ma12,249599.97083333333,419069.2,-169469.2291666667
电机驱动,2025-07,snaive,0.0,419069.2,-419069.2
电机驱动,2025-07,yoy_adj,0.0,419069.2,-419069.2
电机驱动,2025-07,trend6,212696.12599999996,419069.2,-206373.07400000005
电机驱动,2025-07,trend12,261024.57696969705,419069.2,-158044.62303030296
电机驱动,2025-08,naive,419069.2,130065.89,289003.31
电机驱动,2025-08,ma3,329438.13666666666,130065.89,199372.24666666664
电机驱动,2025-08,ma6,256181.09,130065.89,126115.2
电机驱动,2025-08,ma12,284522.4041666667,130065.89,154456.51416666666
电机驱动,2025-08,snaive,339970.68,130065.89,209904.78999999998
电机驱动,2025-08,yoy_adj,339970.68,130065.89,209904.78999999998
电机驱动,2025-08,trend6,360635.1979999999,130065.89,230569.3079999999
电机驱动,2025-08,trend12,264568.87166666676,130065.89,134502.98166666675
电机驱动,2025-09,naive,130065.89,403024.89,-272959.0
电机驱动,2025-09,ma3,277936.17333333334,403024.89,-125088.71666666667
电机驱动,2025-09,ma6,230712.80333333332,403024.89,-172312.0866666667
电机驱动,2025-09,ma12,267030.3383333334,403024.89,-135994.55166666664
电机驱动,2025-09,snaive,277550.37,403024.89,-125474.52000000002
电机驱动,2025-09,yoy_adj,277550.37,403024.89,-125474.52000000002
电机驱动,2025-09,trend6,290795.4753333333,403024.89,-112229.41466666671
电机驱动,2025-09,trend12,224845.12242424238,403024.89,-178179.76757575764
电机驱动,2025-10,naive,403024.89,391176.85,11848.040000000037
电机驱动,2025-10,ma3,317386.66,391176.85,-73790.19
电机驱动,2025-10,ma6,255456.75,391176.85,-135720.09999999998
电机驱动,2025-10,ma12,277486.5483333334,391176.85,-113690.30166666658
电机驱动,2025-10,snaive,282130.02,391176.85,-109046.82999999996
电机驱动,2025-10,yoy_adj,282130.02,391176.85,-109046.82999999996
电机驱动,2025-10,trend6,418389.34999999986,391176.85,27212.499999999884
电机驱动,2025-10,trend12,272408.1615151515,391176.85,-118768.68848484848
电机驱动,2025-11,naive,391176.85,230421.48,160755.36999999997
电机驱动,2025-11,ma3,308089.21,230421.48,77667.73000000001
电机驱动,2025-11,ma6,318763.67333333334,230421.48,88342.19333333333
电机驱动,2025-11,ma12,286573.78416666674,230421.48,56152.30416666673
电机驱动,2025-11,snaive,276429.76,230421.48,46008.28
电机驱动,2025-11,yoy_adj,276429.76,230421.48,46008.28
电机驱动,2025-11,trend6,378671.31533333333,230421.48,148249.83533333332
电机驱动,2025-11,trend12,311289.90757575753,230421.48,80868.42757575752
电机驱动,2025-12,naive,230421.48,345277.18,-114855.69999999998
电机驱动,2025-12,ma3,341541.0733333333,345277.18,-3736.1066666666884
电机驱动,2025-12,ma6,309738.62333333335,345277.18,-35538.55666666664
电机驱动,2025-12,ma12,282739.7608333333,345277.18,-62537.41916666669
电机驱动,2025-12,snaive,424612.26,345277.18,79335.08000000002
电机驱动,2025-12,yoy_adj,424612.26,345277.18,79335.08000000002
电机驱动,2025-12,trend6,301540.84333333327,345277.18,-43736.33666666673
电机驱动,2025-12,trend12,290420.7101515151,345277.18,-54856.46984848491
电机驱动,2026-01,naive,345277.18,574517.84,-229240.65999999997
电机驱动,2026-01,ma3,322291.83666666667,574517.84,-252226.0033333333
电机驱动,2026-01,ma6,319839.24833333335,574517.84,-254678.59166666662
电机驱动,2026-01,ma12,276128.5041666667,574517.84,-298389.33583333326
电机驱动,2026-01,snaive,276489.22,574517.84,-298028.62
电机驱动,2026-01,yoy_adj,222429.1569687579,574517.84,-352088.6830312421
电机驱动,2026-01,trend6,311865.1113333334,574517.84,-262652.72866666655
电机驱动,2026-01,trend12,341360.68303030304,574517.84,-233157.15696969692
电机驱动,2026-02,naive,574517.84,0.0,574517.84
电机驱动,2026-02,ma3,383405.5,0.0,383405.5
电机驱动,2026-02,ma6,345747.355,0.0,345747.355
电机驱动,2026-02,ma12,300964.2225,0.0,300964.2225
电机驱动,2026-02,snaive,282875.61,0.0,282875.61
电机驱动,2026-02,yoy_adj,274575.7618643613,0.0,274575.7618643613
电机驱动,2026-02,trend6,534573.4799999997,0.0,534573.4799999997
电机驱动,2026-02,trend12,440900.3104545455,0.0,440900.3104545455
电机驱动,2026-03,naive,0.0,230203.94,-230203.94
电机驱动,2026-03,ma3,306598.34,230203.94,76394.40000000002
电机驱动,2026-03,ma6,324069.7066666666,230203.94,93865.7666666666
电机驱动,2026-03,ma12,277391.255,230203.94,47187.315
电机驱动,2026-03,snaive,254561.21,230203.94,24357.26999999999
电机驱动,2026-03,yoy_adj,211647.8060633572,230203.94,-18556.133936642815
电机驱动,2026-03,trend6,189045.12866666666,230203.94,-41158.811333333346
电机驱动,2026-03,trend12,336741.9245454545,230203.94,106537.9845454545
电机驱动,2026-04,naive,230203.94,230479.09999999998,-275.1599999999744
电机驱动,2026-04,ma3,268240.5933333333,230479.09999999998,37761.49333333335
电机驱动,2026-04,ma6,295266.215,230479.09999999998,64787.11500000005
电机驱动,2026-04,ma12,275361.4825,230479.09999999998,44882.38250000001
电机驱动,2026-04,snaive,11335.31,230479.09999999998,-219143.78999999998
电机驱动,2026-04,yoy_adj,10968.528436180934,230479.09999999998,-219510.57156381904
电机驱动,2026-04,trend6,168577.38199999987,230479.09999999998,-61901.71800000011
电机驱动,2026-04,trend12,316170.08272727276,230479.09999999998,85690.98272727279
电机驱动,2026-05,naive,230479.09999999998,230034.84,444.2599999999802
电机驱动,2026-05,ma3,153561.01333333334,230034.84,-76473.82666666666
电机驱动,2026-05,ma6,268483.25666666665,230034.84,38448.41666666666
电机驱动,2026-05,ma12,293623.46499999997,230034.84,63588.62499999997
电机驱动,2026-05,snaive,284571.78,230034.84,54536.94000000003
电机驱动,2026-05,yoy_adj,292654.45404758264,230034.84,62619.61404758264
电机驱动,2026-05,trend6,176538.3106666667,230034.84,-53496.52933333331
电机驱动,2026-05,trend12,245203.73681818176,230034.84,15168.896818181762
电机驱动,2026-06,naive,230034.84,229887.56,147.27999999999884
电机驱动,2026-06,ma3,230239.29333333333,229887.56,351.7333333333372
电机驱动,2026-06,ma6,268418.8166666667,229887.56,38531.25666666671
电机驱动,2026-06,ma12,289078.72000000003,229887.56,59191.16000000003
电机驱动,2026-06,snaive,284673.43,229887.56,54785.869999999995
电机驱动,2026-06,yoy_adj,278260.0816955001,229887.56,48372.52169550012
电机驱动,2026-06,trend6,130606.4186666666,229887.56,-99281.14133333339
电机驱动,2026-06,trend12,222087.47409090892,229887.56,-7800.085909091082
电机驱动,2026-07,naive,229887.56,0.0,229887.56
电机驱动,2026-07,ma3,230133.83333333334,0.0,230133.83333333334
电机驱动,2026-07,ma6,249187.21333333335,0.0,249187.21333333335
电机驱动,2026-07,ma12,284513.23083333333,0.0,284513.23083333333
电机驱动,2026-07,snaive,419069.2,0.0,419069.2
电机驱动,2026-07,yoy_adj,477687.28352278087,0.0,477687.28352278087
电机驱动,2026-07,trend6,145910.0413333333,0.0,145910.0413333333
电机驱动,2026-07,trend12,201422.63196969687,0.0,201422.63196969687
电机驱动,2026-08,naive,0.0,0.0,0.0
电机驱动,2026-08,ma3,153307.46666666667,0.0,153307.46666666667
电机驱动,2026-08,ma6,153434.24,0.0,153434.24
电机驱动,2026-08,ma12,249590.7975,0.0,249590.7975
电机驱动,2026-08,snaive,130065.89,0.0,130065.89
电机驱动,2026-08,yoy_adj,114097.33903988471,0.0,114097.33903988471
电机驱动,2026-08,trend6,153294.89999999997,0.0,153294.89999999997
电机驱动,2026-08,trend12,135127.0636363636,0.0,135127.0636363636
电源模组,2025-01,naive,0.0,17522.11,-17522.11
电源模组,2025-01,ma3,0.0,17522.11,-17522.11
电源模组,2025-01,ma6,796.46,17522.11,-16725.65
电源模组,2025-01,ma12,398.23,17522.11,-17123.88
电源模组,2025-01,snaive,0.0,17522.11,-17522.11
电源模组,2025-01,yoy_adj,0.0,17522.11,-17522.11
电源模组,2025-01,trend6,0.0,17522.11,-17522.11
电源模组,2025-01,trend12,724.0545454545455,17522.11,-16798.055454545454
电源模组,2025-02,naive,17522.11,0.0,17522.11
电源模组,2025-02,ma3,5840.703333333334,0.0,5840.703333333334
电源模组,2025-02,ma6,3716.811666666667,0.0,3716.811666666667
电源模组,2025-02,ma12,1858.4058333333335,0.0,1858.4058333333335
电源模组,2025-02,snaive,0.0,0.0,0.0
电源模组,2025-02,yoy_adj,0.0,0.0,0.0
电源模组,2025-02,trend6,10088.486666666664,0.0,10088.486666666664
电源模组,2025-02,trend12,6347.541515151516,0.0,6347.541515151516
电源模组,2025-03,naive,0.0,4778.76,-4778.76
电源模组,2025-03,ma3,5840.703333333334,4778.76,1061.9433333333336
电源模组,2025-03,ma6,2920.351666666667,4778.76,-1858.4083333333333
电源模组,2025-03,ma12,1858.4058333333335,4778.76,-2920.354166666667
电源模组,2025-03,snaive,0.0,4778.76,-4778.76
电源模组,2025-03,yoy_adj,0.0,4778.76,-4778.76
电源模组,2025-03,trend6,8176.984666666666,4778.76,3398.224666666666
电源模组,2025-03,trend12,5333.865606060606,4778.76,555.1056060606061
电源模组,2025-04,naive,4778.76,38075.2,-33296.439999999995
电源模组,2025-04,ma3,7433.623333333334,38075.2,-30641.576666666664
电源模组,2025-04,ma6,3716.811666666667,38075.2,-34358.38833333333
电源模组,2025-04,ma12,2256.6358333333337,38075.2,-35818.56416666666
电源模组,2025-04,snaive,0.0,38075.2,-38075.2
电源模组,2025-04,yoy_adj,0.0,38075.2,-38075.2
电源模组,2025-04,trend6,7858.402666666664,38075.2,-30216.797333333332
电源模组,2025-04,trend12,5913.109696969699,38075.2,-32162.090303030298
电源模组,2025-05,naive,38075.2,27079.63,10995.569999999996
电源模组,2025-05,ma3,14284.653333333334,27079.63,-12794.976666666667
电源模组,2025-05,ma6,10062.678333333333,27079.63,-17016.951666666668
电源模组,2025-05,ma12,5429.569166666667,27079.63,-21650.060833333333
电源模组,2025-05,snaive,0.0,27079.63,-27079.63
电源模组,2025-05,yoy_adj,0.0,27079.63,-27079.63
电源模组,2025-05,trend6,28781.69533333332,27079.63,1702.0653333333175
电源模组,2025-05,trend12,17373.950757575756,27079.63,-9705.679242424245
电源模组,2025-06,naive,27079.63,4778.76,22300.870000000003
电源模组,2025-06,ma3,23311.196666666667,4778.76,18532.43666666667
电源模组,2025-06,ma6,14575.949999999999,4778.76,9797.189999999999
电源模组,2025-06,ma12,7686.205000000001,4778.76,2907.4450000000006
电源模组,2025-06,snaive,0.0,4778.76,-4778.76
电源模组,2025-06,yoy_adj,0.0,4778.76,-4778.76
电源模组,2025-06,trend6,34759.567999999985,4778.76,29980.807999999983
电源模组,2025-06,trend12,23438.910909090915,4778.76,18660.150909090917
电源模组,2025-07,naive,4778.76,0.0,4778.76
电源模组,2025-07,ma3,23311.196666666667,0.0,23311.196666666667
电源模组,2025-07,ma6,15372.409999999998,0.0,15372.409999999998
电源模组,2025-07,ma12,8084.435,0.0,8084.435
电源模组,2025-07,snaive,0.0,0.0,0.0
电源模组,2025-07,yoy_adj,0.0,0.0,0.0
电源模组,2025-07,trend6,20454.267999999996,0.0,20454.267999999996
电源模组,2025-07,trend12,20839.35545454546,0.0,20839.35545454546
电源模组,2025-08,naive,0.0,14336.28,-14336.28
电源模组,2025-08,ma3,10619.463333333333,14336.28,-3716.8166666666675
电源模组,2025-08,ma6,12452.058333333332,14336.28,-1884.2216666666682
电源模组,2025-08,ma12,8084.435,14336.28,-6251.845
电源模组,2025-08,snaive,4778.76,14336.28,-9557.52
电源模组,2025-08,yoy_adj,4778.76,14336.28,-9557.52
电源模组,2025-08,trend6,11352.501333333326,14336.28,-2983.7786666666743
电源模组,2025-08,trend12,16429.663636363635,14336.28,2093.3836363636347
电源模组,2025-09,naive,14336.28,0.0,14336.28
电源模组,2025-09,ma3,6371.68,0.0,6371.68
电源模组,2025-09,ma6,14841.438333333332,0.0,14841.438333333332
电源模组,2025-09,ma12,8880.894999999999,0.0,8880.894999999999
电源模组,2025-09,snaive,0.0,0.0,0.0
电源模组,2025-09,yoy_adj,0.0,0.0,0.0
电源模组,2025-09,trend6,5967.5513333333365,0.0,5967.5513333333365
电源模组,2025-09,trend12,17812.408181818184,0.0,17812.408181818184
电源模组,2025-10,naive,0.0,0.0,0.0
电源模组,2025-10,ma3,4778.76,0.0,4778.76
电源模组,2025-10,ma6,14044.978333333333,0.0,14044.978333333333
电源模组,2025-10,ma12,8880.894999999999,0.0,8880.894999999999
电源模组,2025-10,snaive,0.0,0.0,0.0
电源模组,2025-10,yoy_adj,0.0,0.0,0.0
电源模组,2025-10,trend6,0.0,0.0,0.0
电源模组,2025-10,trend12,12968.283636363636,0.0,12968.283636363636
电源模组,2025-11,naive,0.0,0.0,0.0
电源模组,2025-11,ma3,4778.76,0.0,4778.76
电源模组,2025-11,ma6,7699.111666666667,0.0,7699.111666666667
电源模组,2025-11,ma12,8880.895,0.0,8880.895
电源模组,2025-11,snaive,0.0,0.0,0.0
电源模组,2025-11,yoy_adj,0.0,0.0,0.0
电源模组,2025-11,trend6,0.0,0.0,0.0
电源模组,2025-11,trend12,8124.159090909089,0.0,8124.159090909089
电源模组,2025-12,naive,0.0,17920.35,-17920.35
电源模组,2025-12,ma3,0.0,17920.35,-17920.35
电源模组,2025-12,ma6,3185.84,17920.35,-14734.509999999998
电源模组,2025-12,ma12,8880.894999999999,17920.35,-9039.455
电源模组,2025-12,snaive,0.0,17920.35,-17920.35
电源模组,2025-12,yoy_adj,0.0,17920.35,-17920.35
电源模组,2025-12,trend6,0.0,17920.35,-17920.35
电源模组,2025-12,trend12,3280.034545454546,17920.35,-14640.315454545453
电源模组,2026-01,naive,17920.35,24690.260000000002,-6769.9100000000035
电源模组,2026-01,ma3,5973.45,24690.260000000002,-18716.81
电源模组,2026-01,ma6,5376.105,24690.260000000002,-19314.155000000002
电源模组,2026-01,ma12,10374.2575,24690.260000000002,-14316.002500000002
电源模组,2026-01,snaive,17522.11,24690.260000000002,-7168.1500000000015
电源模组,2026-01,yoy_adj,17522.11,24690.260000000002,-7168.1500000000015
电源模组,2026-01,trend6,10035.395999999995,24690.260000000002,-14654.864000000007
电源模组,2026-01,trend12,4409.359999999999,24690.260000000002,-20280.9
电源模组,2026-02,naive,24690.260000000002,13539.82,11150.440000000002
电源模组,2026-02,ma3,14203.536666666667,13539.82,663.7166666666672
电源模组,2026-02,ma6,9491.148333333333,13539.82,-4048.671666666667
电源模组,2026-02,ma12,10971.603333333334,13539.82,-2568.2166666666653
电源模组,2026-02,snaive,0.0,13539.82,-13539.82
电源模组,2026-02,yoy_adj,0.0,13539.82,-13539.82
电源模组,2026-02,trend6,20044.24333333333,13539.82,6504.423333333329
电源模组,2026-02,trend12,10697.571969696972,13539.82,-2842.248030303028
电源模组,2026-03,naive,13539.82,17920.34,-4380.52
电源模组,2026-03,ma3,18716.81,17920.34,796.4700000000012
电源模组,2026-03,ma6,9358.405,17920.34,-8561.935
电源模组,2026-03,ma12,12099.921666666669,17920.34,-5820.418333333331
电源模组,2026-03,snaive,4778.76,17920.34,-13141.58
电源模组,2026-03,yoy_adj,4778.76,17920.34,-13141.58
电源模组,2026-03,trend6,25327.427999999993,17920.34,7407.0879999999925
电源模组,2026-03,trend12,9226.334393939394,17920.34,-8694.005606060606
电源模组,2026-04,naive,17920.34,8761.06,9159.28
电源模组,2026-04,ma3,18716.806666666667,8761.06,9955.746666666668
电源模组,2026-04,ma6,12345.128333333334,8761.06,3584.0683333333345
电源模组,2026-04,ma12,13195.053333333335,8761.06,4433.993333333336
电源模组,2026-04,snaive,38075.2,8761.06,29314.14
电源模组,2026-04,yoy_adj,38075.2,8761.06,29314.14
电源模组,2026-04,trend6,26044.23533333333,8761.06,17283.175333333333
电源模组,2026-04,trend12,9613.500151515149,8761.06,852.4401515151494
电源模组,2026-05,naive,8761.06,13141.58,-4380.52
电源模组,2026-05,ma3,13407.073333333334,13141.58,265.4933333333338
电源模组,2026-05,ma6,13805.305,13141.58,663.7250000000004
电源模组,2026-05,ma12,10752.208333333334,13141.58,-2389.371666666666
电源模组,2026-05,snaive,27079.63,13141.58,13938.050000000001
电源模组,2026-05,yoy_adj,27079.63,13141.58,13938.050000000001
电源模组,2026-05,trend6,17070.787999999993,13141.58,3929.2079999999933
电源模组,2026-05,trend12,13413.109242424242,13141.58,271.5292424242416
电源模组,2026-06,naive,13141.58,13539.82,-398.2399999999998
电源模组,2026-06,ma3,13274.326666666668,13539.82,-265.493333333332
电源模组,2026-06,ma6,15995.568333333335,13539.82,2455.748333333335
电源模组,2026-06,ma12,9590.704166666666,13539.82,-3949.1158333333333
电源模组,2026-06,snaive,4778.76,13539.82,-8761.06
电源模组,2026-06,yoy_adj,4778.76,13539.82,-8761.06
电源模组,2026-06,trend6,9265.475333333332,13539.82,-4274.344666666668
电源模组,2026-06,trend12,17672.95893939394,13539.82,4133.138939393939
电源模组,2026-07,naive,13539.82,8761.06,4778.76
电源模组,2026-07,ma3,11814.153333333334,8761.06,3053.093333333334
电源模组,2026-07,ma6,15265.480000000001,8761.06,6504.420000000002
电源模组,2026-07,ma12,10320.792500000001,8761.06,1559.732500000002
电源模组,2026-07,snaive,0.0,8761.06,-8761.06
电源模组,2026-07,yoy_adj,0.0,8761.06,-8761.06
电源模组,2026-07,trend6,8654.86,8761.06,-106.19999999999891
电源模组,2026-07,trend12,17968.61545454546,8761.06,9207.55545454546
电源模组,2026-08,naive,8761.06,8761.06,0.0
电源模组,2026-08,ma3,11814.153333333334,8761.06,3053.093333333334
电源模组,2026-08,ma6,12610.613333333333,8761.06,3849.5533333333333
电源模组,2026-08,ma12,11050.880833333335,8761.06,2289.820833333335
电源模组,2026-08,snaive,14336.28,8761.06,5575.220000000001
电源模组,2026-08,yoy_adj,14336.28,8761.06,5575.220000000001
电源模组,2026-08,trend6,9345.12933333333,8761.06,584.0693333333311
电源模组,2026-08,trend12,15259.44560606061,8761.06,6498.38560606061
电脑&计算电源管理,2025-01,naive,28420.87,50480.55,-22059.680000000004
电脑&计算电源管理,2025-01,ma3,44488.54666666667,50480.55,-5992.003333333334
电脑&计算电源管理,2025-01,ma6,31172.36333333333,50480.55,-19308.186666666672
电脑&计算电源管理,2025-01,ma12,17134.854166666668,50480.55,-33345.69583333333
电脑&计算电源管理,2025-01,snaive,0.0,50480.55,-50480.55
电脑&计算电源管理,2025-01,yoy_adj,0.0,50480.55,-50480.55
电脑&计算电源管理,2025-01,trend6,50819.69133333332,50480.55,339.14133333331847
电脑&计算电源管理,2025-01,trend12,46576.85984848485,50480.55,-3903.690151515155
电脑&计算电源管理,2025-02,naive,50480.55,146420.97,-95940.42
电脑&计算电源管理,2025-02,ma3,39093.206666666665,146420.97,-107327.76333333334
电脑&计算电源管理,2025-02,ma6,37675.02333333334,146420.97,-108745.94666666666
电脑&计算电源管理,2025-02,ma12,21341.566666666666,146420.97,-125079.40333333334
电脑&计算电源管理,2025-02,snaive,0.0,146420.97,-146420.97
电脑&计算电源管理,2025-02,yoy_adj,0.0,146420.97,-146420.97
电脑&计算电源管理,2025-02,trend6,53181.00333333333,146420.97,-93239.96666666667
电脑&计算电源管理,2025-02,trend12,54057.42575757578,146420.97,-92363.54424242422
电脑&计算电源管理,2025-03,naive,146420.97,138254.71,8166.260000000009
电脑&计算电源管理,2025-03,ma3,75107.46333333333,138254.71,-63147.24666666666
电脑&计算电源管理,2025-03,ma6,59744.73999999999,138254.71,-78509.97
电脑&计算电源管理,2025-03,ma12,33543.31416666667,138254.71,-104711.39583333331
电脑&计算电源管理,2025-03,snaive,0.0,138254.71,-138254.71
电脑&计算电源管理,2025-03,yoy_adj,0.0,138254.71,-138254.71
电脑&计算电源管理,2025-03,trend6,113053.04599999996,138254.71,-25201.664000000033
电脑&计算电源管理,2025-03,trend12,91223.56121212123,138254.71,-47031.14878787876
电脑&计算电源管理,2025-04,naive,138254.71,153429.41,-15174.700000000012
电脑&计算电源管理,2025-04,ma3,111718.74333333333,153429.41,-41710.66666666667
电脑&计算电源管理,2025-04,ma6,78103.645,153429.41,-75325.765
电脑&计算电源管理,2025-04,ma12,45064.54,153429.41,-108364.87
电脑&计算电源管理,2025-04,snaive,774.34,153429.41,-152655.07
电脑&计算电源管理,2025-04,yoy_adj,774.34,153429.41,-152655.07
电脑&计算电源管理,2025-04,trend6,148516.51399999994,153429.41,-4912.896000000066
电脑&计算电源管理,2025-04,trend12,119012.11136363642,153429.41,-34417.29863636359
电脑&计算电源管理,2025-05,naive,153429.41,92513.84,60915.57000000001
电脑&计算电源管理,2025-05,ma3,146035.03,92513.84,53521.19
电脑&计算电源管理,2025-05,ma6,92564.11833333333,92513.84,50.27833333333547
电脑&计算电源管理,2025-05,ma12,57785.79583333333,92513.84,-34728.04416666667
电脑&计算电源管理,2025-05,snaive,774.34,92513.84,-91739.5
电脑&计算电源管理,2025-05,yoy_adj,774.34,92513.84,-91739.5
电脑&计算电源管理,2025-05,trend6,192633.91733333326,92513.84,100120.07733333326
电脑&计算电源管理,2025-05,trend12,145738.8437878788,92513.84,53225.00378787881
电脑&计算电源管理,2025-06,naive,92513.84,144011.97,-51498.130000000005
电脑&计算电源管理,2025-06,ma3,128065.98666666665,144011.97,-15945.983333333352
电脑&计算电源管理,2025-06,ma6,101586.72499999999,144011.97,-42425.24500000001
电脑&计算电源管理,2025-06,ma12,65430.75416666666,144011.97,-78581.21583333335
电脑&计算电源管理,2025-06,snaive,17035.39,144011.97,-126976.58
电脑&计算电源管理,2025-06,yoy_adj,17035.39,144011.97,-126976.58
电脑&计算电源管理,2025-06,trend6,163701.24199999994,144011.97,19689.27199999994
电脑&计算电源管理,2025-06,trend12,145221.51939393938,144011.97,1209.5493939393782
电脑&计算电源管理,2025-07,naive,144011.97,217445.81,-73433.84
电脑&计算电源管理,2025-07,ma3,129985.07333333332,217445.81,-87460.73666666668
电脑&计算电源管理,2025-07,ma6,120851.90833333333,217445.81,-96593.90166666667
电脑&计算电源管理,2025-07,ma12,76012.13583333333,217445.81,-141433.67416666666
电脑&计算电源管理,2025-07,snaive,11464.59,217445.81,-205981.22
电脑&计算电源管理,2025-07,yoy_adj,11464.59,217445.81,-205981.22
电脑&计算电源管理,2025-07,trend6,152962.94933333326,217445.81,-64482.86066666673
电脑&计算电源管理,2025-07,trend12,161149.5746969697,217445.81,-56296.23530303029
电脑&计算电源管理,2025-08,naive,217445.81,237863.43,-20417.619999999995
电脑&计算电源管理,2025-08,ma3,151323.87333333332,237863.43,-86539.55666666667
电脑&计算电源管理,2025-08,ma6,148679.45166666666,237863.43,-89183.97833333333
电脑&计算电源管理,2025-08,ma12,93177.23749999999,237863.43,-144686.1925
电脑&计算电源管理,2025-08,snaive,14002.67,237863.43,-223860.75999999998
电脑&计算电源管理,2025-08,yoy_adj,14002.67,237863.43,-223860.75999999998
电脑&计算电源管理,2025-08,trend6,179827.49266666657,237863.43,-58035.93733333342
电脑&计算电源管理,2025-08,trend12,194602.2290909091,237863.43,-43261.2009090909
电脑&计算电源管理,2025-09,naive,237863.43,250348.61,-12485.179999999993
电脑&计算电源管理,2025-09,ma3,199773.73666666666,250348.61,-50574.87333333332
电脑&计算电源管理,2025-09,ma6,163919.86166666666,250348.61,-86428.74833333332
电脑&计算电源管理,2025-09,ma12,111832.30083333333,250348.61,-138516.30916666664
电脑&计算电源管理,2025-09,snaive,28101.28,250348.61,-222247.33
电脑&计算电源管理,2025-09,yoy_adj,28101.28,250348.61,-222247.33
电脑&计算电源管理,2025-09,trend6,238078.95466666663,250348.61,-12269.655333333358
电脑&计算电源管理,2025-09,trend12,226036.35469696973,250348.61,-24312.25530303025
电脑&计算电源管理,2025-10,naive,250348.61,273804.89,-23456.280000000028
电脑&计算电源管理,2025-10,ma3,235219.28333333333,273804.89,-38585.60666666669
电脑&计算电源管理,2025-10,ma6,182602.17833333332,273804.89,-91202.7116666667
电脑&计算电源管理,2025-10,ma12,130352.91166666667,273804.89,-143451.97833333333
电脑&计算电源管理,2025-10,snaive,66666.57,273804.89,-207138.32
电脑&计算电源管理,2025-10,yoy_adj,66666.57,273804.89,-207138.32
电脑&计算电源管理,2025-10,trend6,282010.03933333314,273804.89,8205.149333333131
电脑&计算电源管理,2025-10,trend12,254447.3321212121,273804.89,-19357.55787878792
电脑&计算电源管理,2025-11,naive,273804.89,141467.0,132337.89
电脑&计算电源管理,2025-11,ma3,254005.6433333333,141467.0,112538.64333333331
电脑&计算电源管理,2025-11,ma6,202664.75833333333,141467.0,61197.75833333333
电脑&计算电源管理,2025-11,ma12,147614.43833333335,141467.0,6147.4383333333535
电脑&计算电源管理,2025-11,snaive,38378.2,141467.0,-103088.8
电脑&计算电源管理,2025-11,yoy_adj,38378.2,141467.0,-103088.8
电脑&计算电源管理,2025-11,trend6,327253.0373333332,141467.0,185786.03733333322
电脑&计算电源管理,2025-11,trend12,288755.4342424243,141467.0,147288.43424242432
电脑&计算电源管理,2025-12,naive,141467.0,269052.74,-127585.73999999999
电脑&计算电源管理,2025-12,ma3,221873.5,269052.74,-47179.23999999999
电脑&计算电源管理,2025-12,ma6,210823.61833333332,269052.74,-58229.12166666667
电脑&计算电源管理,2025-12,ma12,156205.17166666666,269052.74,-112847.56833333333
电脑&计算电源管理,2025-12,snaive,28420.87,269052.74,-240631.87
电脑&计算电源管理,2025-12,yoy_adj,28420.87,269052.74,-240631.87
电脑&计算电源管理,2025-12,trend6,227707.3753333333,269052.74,-41345.36466666669
电脑&计算电源管理,2025-12,trend12,263534.96484848484,269052.74,-5517.775151515147
电脑&计算电源管理,2026-01,naive,269052.74,432786.42,-163733.68
电脑&计算电源管理,2026-01,ma3,228108.21,432786.42,-204678.21
电脑&计算电源管理,2026-01,ma6,231663.74666666667,432786.42,-201122.6733333333
电脑&计算电源管理,2026-01,ma12,176257.82749999998,432786.42,-256528.5925
电脑&计算电源管理,2026-01,snaive,50480.55,432786.42,-382305.87
电脑&计算电源管理,2026-01,yoy_adj,519268.6198236854,432786.42,86482.1998236854
电脑&计算电源管理,2026-01,trend6,230893.9106666666,432786.42,-201892.50933333338
电脑&计算电源管理,2026-01,trend12,274045.06,432786.42,-158741.36
电脑&计算电源管理,2026-02,naive,432786.42,248032.01,184754.40999999997
电脑&计算电源管理,2026-02,ma3,281102.0533333333,248032.01,33070.04333333328
电脑&计算电源管理,2026-02,ma6,267553.8483333333,248032.01,19521.83833333332
电脑&计算电源管理,2026-02,ma12,208116.65000000002,248032.01,-39915.359999999986
电脑&计算电源管理,2026-02,snaive,146420.97,248032.01,-101611.04000000001
电脑&计算电源管理,2026-02,yoy_adj,1427854.0203773156,248032.01,1179822.0103773156
电脑&计算电源管理,2026-02,trend6,357392.7933333332,248032.01,109360.78333333321
电脑&计算电源管理,2026-02,trend12,332874.5622727273,248032.01,84842.5522727273
电脑&计算电源管理,2026-03,naive,248032.01,230691.89,17340.119999999995
电脑&计算电源管理,2026-03,ma3,316623.7233333333,230691.89,85931.83333333331
电脑&计算电源管理,2026-03,ma6,269248.61166666663,230691.89,38556.72166666662
电脑&计算电源管理,2026-03,ma12,216584.23666666666,230691.89,-14107.65333333335
电脑&计算电源管理,2026-03,snaive,138254.71,230691.89,-92437.18000000002
电脑&计算电源管理,2026-03,yoy_adj,892690.2894013289,230691.89,661998.3994013289
电脑&计算电源管理,2026-03,trend6,328543.34466666664,230691.89,97851.45466666663
电脑&计算电源管理,2026-03,trend12,333092.71984848497,230691.89,102400.82984848495
电脑&计算电源管理,2026-04,naive,230691.89,330043.32,-99351.43
电脑&计算电源管理,2026-04,ma3,303836.7733333333,330043.32,-26206.54666666669
电脑&计算电源管理,2026-04,ma6,265972.4916666667,330043.32,-64070.82833333331
电脑&计算电源管理,2026-04,ma12,224287.335,330043.32,-105755.98500000002
电脑&计算电源管理,2026-04,snaive,153429.41,330043.32,-176613.91
电脑&计算电源管理,2026-04,yoy_adj,763621.9848138326,330043.32,433578.66481383255
电脑&计算电源管理,2026-04,trend6,292758.86266666657,330043.32,-37284.45733333344
电脑&计算电源管理,2026-04,trend12,321179.91681818175,330043.32,-8863.403181818256
电脑&计算电源管理,2026-05,naive,330043.32,116386.81,213656.51
电脑&计算电源管理,2026-05,ma3,269589.0733333333,116386.81,153202.2633333333
电脑&计算电源管理,2026-05,ma6,275345.56333333335,116386.81,158958.75333333336
电脑&计算电源管理,2026-05,ma12,239005.1608333333,116386.81,122618.3508333333
电脑&计算电源管理,2026-05,snaive,92513.84,116386.81,-23872.97
电脑&计算电源管理,2026-05,yoy_adj,382642.22011033585,116386.81,266255.41011033586
电脑&计算电源管理,2026-05,trend6,339650.0273333333,116386.81,223263.21733333328
电脑&计算电源管理,2026-05,trend12,341401.4428787879,116386.81,225014.63287878787
电脑&计算电源管理,2026-06,naive,116386.81,291630.46,-175243.65000000002
电脑&计算电源管理,2026-06,ma3,225707.34,291630.46,-65923.12000000002
电脑&计算电源管理,2026-06,ma6,271165.5316666667,291630.46,-20464.928333333344
电脑&计算电源管理,2026-06,ma12,240994.57499999998,291630.46,-50635.88500000004
电脑&计算电源管理,2026-06,snaive,144011.97,291630.46,-147618.49000000002
电脑&计算电源管理,2026-06,yoy_adj,530424.9346822229,291630.46,238794.47468222288
电脑&计算电源管理,2026-06,trend6,162275.62466666673,291630.46,-129354.83533333329
电脑&计算电源管理,2026-06,trend12,269454.74272727274,291630.46,-22175.717272727285
电脑&计算电源管理,2026-07,naive,291630.46,443487.54,-151857.07999999996
电脑&计算电源管理,2026-07,ma3,246020.19666666668,443487.54,-197467.3433333333
电脑&计算电源管理,2026-07,ma6,274928.485,443487.54,-168559.055
电脑&计算电源管理,2026-07,ma12,253296.11583333332,443487.54,-190191.42416666666
电脑&计算电源管理,2026-07,snaive,217445.81,443487.54,-226041.72999999998
电脑&计算电源管理,2026-07,yoy_adj,724597.1774559681,443487.54,281109.6374559681
电脑&计算电源管理,2026-07,trend6,174792.08799999993,443487.54,-268695.45200000005
电脑&计算电源管理,2026-07,trend12,265761.30333333346,443487.54,-177726.23666666652
电脑&计算电源管理,2026-08,naive,443487.54,253316.37,190171.16999999998
电脑&计算电源管理,2026-08,ma3,283834.9366666667,253316.37,30518.56666666671
电脑&计算电源管理,2026-08,ma6,276712.005,253316.37,23395.63500000001
电脑&计算电源管理,2026-08,ma12,272132.9266666667,253316.37,18816.5566666667
电脑&计算电源管理,2026-08,snaive,237863.43,253316.37,-15452.940000000002
电脑&计算电源管理,2026-08,yoy_adj,694702.6236195489,253316.37,441386.25361954886
电脑&计算电源管理,2026-08,trend6,371355.68999999994,253316.37,118039.31999999995
电脑&计算电源管理,2026-08,trend12,321553.8343939394,253316.37,68237.46439393942
硬件锂电保护,2025-01,naive,1456991.73,689470.98,767520.75
硬件锂电保护,2025-01,ma3,1357176.2433333334,689470.98,667705.2633333334
硬件锂电保护,2025-01,ma6,1212364.3483333334,689470.98,522893.3683333334
硬件锂电保护,2025-01,ma12,1143435.7391666665,689470.98,453964.75916666654
硬件锂电保护,2025-01,snaive,1071068.32,689470.98,381597.3400000001
硬件锂电保护,2025-01,yoy_adj,1071068.32,689470.98,381597.3400000001
硬件锂电保护,2025-01,trend6,1570763.379333333,689470.98,881292.3993333331
硬件锂电保护,2025-01,trend12,1425277.084393939,689470.98,735806.104393939
硬件锂电保护,2025-02,naive,689470.98,762582.24,-73111.26000000001
硬件锂电保护,2025-02,ma3,1151897.84,762582.24,389315.6000000001
硬件锂电保护,2025-02,ma6,1171908.6066666667,762582.24,409326.3666666667
硬件锂电保护,2025-02,ma12,1111635.9608333334,762582.24,349053.72083333344
硬件锂电保护,2025-02,snaive,196300.81,762582.24,-566281.4299999999
硬件锂电保护,2025-02,yoy_adj,196300.81,762582.24,-566281.4299999999
硬件锂电保护,2025-02,trend6,1072749.710666666,762582.24,310167.47066666605
硬件锂电保护,2025-02,trend12,1258604.8333333335,762582.24,496022.5933333335
硬件锂电保护,2025-03,naive,762582.24,1300268.22,-537685.98
硬件锂电保护,2025-03,ma3,969681.65,1300268.22,-330586.56999999995
硬件锂电保护,2025-03,ma6,1132131.6566666665,1300268.22,-168136.56333333347
硬件锂电保护,2025-03,ma12,1158826.08,1300268.22,-141442.1399999999
硬件锂电保护,2025-03,snaive,1317341.34,1300268.22,17073.12000000011
硬件锂电保护,2025-03,yoy_adj,1317341.34,1300268.22,17073.12000000011
硬件锂电保护,2025-03,trend6,708844.3106666668,1300268.22,-591423.9093333331
硬件锂电保护,2025-03,trend12,948091.5913636362,1300268.22,-352176.6286363638
硬件锂电保护,2025-04,naive,1300268.22,1192048.27,108219.94999999995
硬件锂电保护,2025-04,ma3,917440.48,1192048.27,-274607.79000000004
硬件锂电保护,2025-04,ma6,1137308.3616666666,1192048.27,-54739.90833333344
硬件锂电保护,2025-04,ma12,1157403.32,1192048.27,-34644.94999999995
硬件锂电保护,2025-04,snaive,1578517.58,1192048.27,386469.31000000006
硬件锂电保护,2025-04,yoy_adj,1578517.58,1192048.27,386469.31000000006
硬件锂电保护,2025-04,trend6,894042.7306666665,1192048.27,-298005.5393333335
硬件锂电保护,2025-04,trend12,1028863.4204545452,1192048.27,-163184.84954545484
硬件锂电保护,2025-05,naive,1192048.27,952665.58,239382.69000000006
硬件锂电保护,2025-05,ma3,1084966.2433333334,952665.58,132300.66333333345
硬件锂电保护,2025-05,ma6,1118432.0416666667,952665.58,165766.4616666668
硬件锂电保护,2025-05,ma12,1125197.5441666667,952665.58,172531.96416666673
硬件锂电保护,2025-05,snaive,940918.42,952665.58,-11747.159999999916
硬件锂电保护,2025-05,yoy_adj,940918.42,952665.58,-11747.159999999916
硬件锂电保护,2025-05,trend6,1020134.8446666664,952665.58,67469.2646666664
硬件锂电保护,2025-05,trend12,1129739.0043939399,952665.58,177073.4243939399
硬件锂电保护,2025-06,naive,952665.58,1220428.66,-267763.07999999996
硬件锂电保护,2025-06,ma3,1148327.3566666667,1220428.66,-72101.30333333323
硬件锂电保护,2025-06,ma6,1059004.5033333332,1220428.66,-161424.15666666673
硬件锂电保护,2025-06,ma12,1126176.4741666666,1220428.66,-94252.1858333333
硬件锂电保护,2025-06,snaive,1342896.31,1220428.66,122467.65000000014
硬件锂电保护,2025-06,yoy_adj,1342896.31,1220428.66,122467.65000000014
硬件锂电保护,2025-06,trend6,1011383.2133333333,1220428.66,-209045.44666666666
硬件锂电保护,2025-06,trend12,1033138.8384848484,1220428.66,-187289.82151515153
硬件锂电保护,2025-07,naive,1220428.66,1013552.22,206876.43999999994
硬件锂电保护,2025-07,ma3,1121714.17,1013552.22,108161.94999999995
硬件锂电保护,2025-07,ma6,1019577.3250000001,1013552.22,6025.105000000098
硬件锂电保护,2025-07,ma12,1115970.8366666667,1013552.22,102418.6166666667
硬件锂电保护,2025-07,snaive,932205.4299999999,1013552.22,-81346.79000000004
硬件锂电保护,2025-07,yoy_adj,932205.4299999999,1013552.22,-81346.79000000004
硬件锂电保护,2025-07,trend6,1331259.1719999996,1013552.22,317706.9519999996
硬件锂电保护,2025-07,trend12,1110527.108030303,1013552.22,96974.88803030294
硬件锂电保护,2025-08,naive,1013552.22,797138.84,216413.38
硬件锂电保护,2025-08,ma3,1062215.4866666666,797138.84,265076.6466666666
硬件锂电保护,2025-08,ma6,1073590.865,797138.84,276452.025
硬件锂电保护,2025-08,ma12,1122749.7358333333,797138.84,325610.8958333334
硬件锂电保护,2025-08,snaive,1001243.94,797138.84,204105.09999999998
硬件锂电保护,2025-08,yoy_adj,1001243.94,797138.84,204105.09999999998
硬件锂电保护,2025-08,trend6,1151185.7179999992,797138.84,354046.8779999992
硬件锂电保护,2025-08,trend12,1037407.0283333333,797138.84,240268.18833333335
硬件锂电保护,2025-09,naive,797138.84,1350991.41,-553852.57
硬件锂电保护,2025-09,ma3,1010373.2399999999,1350991.41,-340618.17000000004
硬件锂电保护,2025-09,ma6,1079350.2983333333,1350991.41,-271641.1116666666
硬件锂电保护,2025-09,ma12,1105740.9775,1350991.41,-245250.43249999988
硬件锂电保护,2025-09,snaive,1269207.99,1350991.41,-81783.41999999993
硬件锂电保护,2025-09,yoy_adj,1269207.99,1350991.41,-81783.41999999993
硬件锂电保护,2025-09,trend6,801013.1013333328,1350991.41,-549978.3086666671
硬件锂电保护,2025-09,trend12,903096.106363636,1350991.41,-447895.30363636394
硬件锂电保护,2025-10,naive,1350991.41,1281443.4,69548.01000000001
硬件锂电保护,2025-10,ma3,1053894.1566666665,1281443.4,-227549.2433333334
硬件锂电保护,2025-10,ma6,1087804.1633333333,1281443.4,-193639.23666666658
硬件锂电保护,2025-10,ma12,1112556.2625,1281443.4,-168887.13749999995
硬件锂电保护,2025-10,snaive,1305306.19,1281443.4,23862.790000000037
硬件锂电保护,2025-10,yoy_adj,1305306.19,1281443.4,23862.790000000037
硬件锂电保护,2025-10,trend6,1099930.067333333,1281443.4,-181513.33266666695
硬件锂电保护,2025-10,trend12,1019521.0713636362,1281443.4,-261922.32863636373
硬件锂电保护,2025-11,naive,1281443.4,1127795.3,153648.09999999986
硬件锂电保护,2025-11,ma3,1143191.2166666666,1127795.3,15395.916666666511
硬件锂电保护,2025-11,ma6,1102703.3516666666,1127795.3,-25091.94833333348
硬件锂电保护,2025-11,ma12,1110567.6966666668,1127795.3,-17227.603333333274
硬件锂电保护,2025-11,snaive,1309230.81,1127795.3,181435.51
硬件锂电保护,2025-11,yoy_adj,1309230.81,1127795.3,181435.51
硬件锂电保护,2025-11,trend6,1284619.7486666662,1127795.3,156824.44866666617
硬件锂电保护,2025-11,trend12,1116703.1321212118,1127795.3,-11092.167878788197
硬件锂电保护,2025-12,naive,1127795.3,1678886.97,-551091.6699999999
硬件锂电保护,2025-12,ma3,1253410.0366666664,1678886.97,-425476.9333333336
硬件锂电保护,2025-12,ma6,1131891.6383333332,1678886.97,-546995.3316666668
硬件锂电保护,2025-12,ma12,1095448.0708333335,1678886.97,-583438.8991666664
硬件锂电保护,2025-12,snaive,1456991.73,1678886.97,-221895.24
硬件锂电保护,2025-12,yoy_adj,1456991.73,1678886.97,-221895.24
硬件锂电保护,2025-12,trend6,1221327.5693333328,1678886.97,-457559.40066666715
硬件锂电保护,2025-12,trend12,1164586.3269696964,1678886.97,-514300.64303030353
硬件锂电保护,2026-01,naive,1678886.97,640322.83,1038564.14
硬件锂电保护,2026-01,ma3,1362708.5566666666,640322.83,722385.7266666667
硬件锂电保护,2026-01,ma6,1208301.3566666665,640322.83,567978.5266666665
硬件锂电保护,2026-01,ma12,1113939.3408333336,640322.83,473616.5108333336
硬件锂电保护,2026-01,snaive,689470.98,640322.83,49148.15000000002
硬件锂电保护,2026-01,yoy_adj,671685.1876124233,640322.83,31362.357612423366
硬件锂电保护,2026-01,trend6,1633210.8686666659,640322.83,992888.0386666659
硬件锂电保护,2026-01,trend12,1435757.0392424238,640322.83,795434.2092424239
硬件锂电保护,2026-02,naive,640322.83,658030.18,-17707.350000000093
硬件锂电保护,2026-02,ma3,1149001.7,658030.18,490971.5199999999
硬件锂电保护,2026-02,ma6,1146096.4583333333,658030.18,488066.2783333332
硬件锂电保护,2026-02,ma12,1109843.6616666669,658030.18,451813.4816666668
硬件锂电保护,2026-02,snaive,762582.24,658030.18,104552.05999999994
硬件锂电保护,2026-02,yoy_adj,761352.722818636,658030.18,103322.54281863593
硬件锂电保护,2026-02,trend6,1150692.3113333331,658030.18,492662.1313333331
硬件锂电保护,2026-02,trend12,1187846.1257575757,658030.18,529815.9457575757
硬件锂电保护,2026-03,naive,658030.18,1642352.2,-984322.0199999999
硬件锂电保护,2026-03,ma3,992413.3266666667,1642352.2,-649938.8733333333
硬件锂电保护,2026-03,ma6,1122911.6816666664,1642352.2,-519440.51833333354
硬件锂电保护,2026-03,ma12,1101130.99,1642352.2,-541221.21
硬件锂电保护,2026-03,snaive,1300268.22,1642352.2,-342083.98
硬件锂电保护,2026-03,yoy_adj,1235531.074994565,1642352.2,-406821.12500543497
硬件锂电保护,2026-03,trend6,639204.0626666662,1642352.2,-1003148.1373333337
硬件锂电保护,2026-03,trend12,963580.1181818178,1642352.2,-678772.0818181821
硬件锂电保护,2026-04,naive,1642352.2,1086446.27,555905.9299999999
硬件锂电保护,2026-04,ma3,980235.07,1086446.27,-106211.20000000007
硬件锂电保护,2026-04,ma6,1171471.8133333332,1086446.27,85025.54333333322
硬件锂电保护,2026-04,ma12,1129637.9883333333,1086446.27,43191.718333333265
硬件锂电保护,2026-04,snaive,1192048.27,1086446.27,105602.0
硬件锂电保护,2026-04,yoy_adj,1163451.8291506455,1086446.27,77005.55915064551
硬件锂电保护,2026-04,trend6,1107140.263333333,1086446.27,20693.99333333294
硬件锂电保护,2026-04,trend12,1186228.4187878787,1086446.27,99782.14878787869
硬件锂电保护,2026-05,naive,1086446.27,1052616.95,33829.320000000065
硬件锂电保护,2026-05,ma3,1128942.8833333333,1052616.95,76325.93333333335
硬件锂电保护,2026-05,ma6,1138972.2916666667,1052616.95,86355.34166666679
硬件锂电保护,2026-05,ma12,1120837.8216666665,1052616.95,68220.87166666659
硬件锂电保护,2026-05,snaive,952665.58,1052616.95,-99951.37
硬件锂电保护,2026-05,yoy_adj,948974.354769698,1052616.95,-103642.59523030196
硬件锂电保护,2026-05,trend6,1109108.0806666666,1052616.95,56491.130666666664
硬件锂电保护,2026-05,trend12,1185069.723939394,1052616.95,132452.77393939416
硬件锂电保护,2026-06,naive,1052616.95,1337324.84,-284707.89000000013
硬件锂电保护,2026-06,ma3,1260471.8066666666,1337324.84,-76853.03333333344
硬件锂电保护,2026-06,ma6,1126442.5666666667,1337324.84,-210882.27333333343
硬件锂电保护,2026-06,ma12,1129167.1024999998,1337324.84,-208157.73750000028
硬件锂电保护,2026-06,snaive,1220428.66,1337324.84,-116896.18000000017
硬件锂电保护,2026-06,yoy_adj,1223669.5805956004,1337324.84,-113655.25940439967
硬件锂电保护,2026-06,trend6,1045576.7906666661,1337324.84,-291748.04933333397
硬件锂电保护,2026-06,trend12,1126656.533636363,1337324.84,-210668.3063636371
硬件锂电保护,2026-07,naive,1337324.84,988588.27,348736.57000000007
硬件锂电保护,2026-07,ma3,1158796.0199999998,988588.27,170207.74999999977
硬件锂电保护,2026-07,ma6,1069515.545,988588.27,80927.2749999999
硬件锂电保护,2026-07,ma12,1138908.450833333,988588.27,150320.18083333294
硬件锂电保护,2026-07,snaive,1013552.22,988588.27,24963.949999999953
硬件锂电保护,2026-07,yoy_adj,1034384.7265461119,988588.27,45796.45654611185
硬件锂电保护,2026-07,trend6,1480801.988,988588.27,492213.7179999999
硬件锂电保护,2026-07,trend12,1215400.9583333337,988588.27,226812.6883333337
硬件锂电保护,2026-08,naive,988588.27,1088343.95,-99755.67999999993
硬件锂电保护,2026-08,ma3,1126176.6866666668,1088343.95,37832.73666666681
硬件锂电保护,2026-08,ma6,1127559.785,1088343.95,39215.83499999996
硬件锂电保护,2026-08,ma12,1136828.1216666664,1088343.95,48484.1716666664
硬件锂电保护,2026-08,snaive,797138.84,1088343.95,-291205.11
硬件锂电保护,2026-08,yoy_adj,807134.3250079978,1088343.95,-281209.62499200215
硬件锂电保护,2026-08,trend6,1197947.6899999997,1088343.95,109603.73999999976
硬件锂电保护,2026-08,trend12,1138703.5157575759,1088343.95,50359.56575757591
磁传感,2025-01,naive,274992.05,108117.19,166874.86
磁传感,2025-01,ma3,212216.71,108117.19,104099.51999999999
磁传感,2025-01,ma6,179976.16166666665,108117.19,71858.97166666665
磁传感,2025-01,ma12,146676.4425,108117.19,38559.2525
磁传感,2025-01,snaive,117191.81999999999,108117.19,9074.62999999999
磁传感,2025-01,yoy_adj,117191.81999999999,108117.19,9074.62999999999
磁传感,2025-01,trend6,295676.09866666654,108117.19,187558.90866666654
磁传感,2025-01,trend12,228187.6190909091,108117.19,120070.4290909091
磁传感,2025-02,naive,108117.19,131595.38,-23478.190000000002
磁传感,2025-02,ma3,203972.74,131595.38,72377.35999999999
磁传感,2025-02,ma6,184492.37999999998,131595.38,52896.99999999997
磁传感,2025-02,ma12,145920.22333333333,131595.38,14324.843333333323
磁传感,2025-02,snaive,28077.829999999998,131595.38,-103517.55
磁传感,2025-02,yoy_adj,28077.829999999998,131595.38,-103517.55
磁传感,2025-02,trend6,194993.43399999995,131595.38,63398.053999999946
磁传感,2025-02,trend12,209080.22106060607,131595.38,77484.84106060606
磁传感,2025-03,naive,131595.38,160739.72,-29144.339999999997
磁传感,2025-03,ma3,171568.20666666667,160739.72,10828.486666666664
磁传感,2025-03,ma6,183929.06333333332,160739.72,23189.343333333323
磁传感,2025-03,ma12,154546.68583333332,160739.72,-6193.034166666679
磁传感,2025-03,snaive,176663.85,160739.72,15924.130000000005
磁传感,2025-03,yoy_adj,176663.85,160739.72,15924.130000000005
磁传感,2025-03,trend6,133319.64733333318,160739.72,-27420.07266666682
磁传感,2025-03,trend12,179308.40196969695,160739.72,18568.681969696947
磁传感,2025-04,naive,160739.72,172556.71,-11816.98999999999
磁传感,2025-04,ma3,133484.09666666668,172556.71,-39072.61333333331
磁传感,2025-04,ma6,172850.40333333335,172556.71,293.69333333335817
磁传感,2025-04,ma12,153219.675,172556.71,-19337.035000000003
磁传感,2025-04,snaive,148072.55000000002,172556.71,-24484.159999999974
磁传感,2025-04,yoy_adj,148072.55000000002,172556.71,-24484.159999999974
磁传感,2025-04,trend6,140944.14733333333,172556.71,-31612.562666666665
磁传感,2025-04,trend12,186064.26636363636,172556.71,13507.556363636366
磁传感,2025-05,naive,172556.71,208058.23,-35501.52000000002
磁传感,2025-05,ma3,154963.93666666665,208058.23,-53094.293333333364
磁传感,2025-05,ma6,179468.33833333335,208058.23,-28589.891666666663
磁传感,2025-05,ma12,155260.02166666667,208058.23,-52798.20833333334
磁传感,2025-05,snaive,160287.47,208058.23,-47770.76000000001
磁传感,2025-05,yoy_adj,160287.47,208058.23,-47770.76000000001
磁传感,2025-05,trend6,119414.3233333333,208058.23,-88643.9066666667
磁传感,2025-05,trend12,191418.13030303034,208058.23,-16640.09969696967
磁传感,2025-06,naive,208058.23,191915.25,16142.98000000001
磁传感,2025-06,ma3,180451.55333333334,191915.25,-11463.696666666656
磁传感,2025-06,ma6,176009.88,191915.25,-15905.369999999995
磁传感,2025-06,ma12,159240.9183333333,191915.25,-32674.331666666694
磁传感,2025-06,snaive,49966.82,191915.25,-141948.43
磁传感,2025-06,yoy_adj,49966.82,191915.25,-141948.43
磁传感,2025-06,trend6,164789.25999999995,191915.25,-27125.99000000005
磁传感,2025-06,trend12,210083.96151515155,191915.25,18168.711515151546
磁传感,2025-07,naive,191915.25,182935.49,8979.76000000001
磁传感,2025-07,ma3,190843.39666666664,182935.49,7907.906666666648
磁传感,2025-07,ma6,162163.74666666667,182935.49,-20771.743333333317
磁传感,2025-07,ma12,171069.95416666666,182935.49,-11865.535833333328
磁传感,2025-07,snaive,81019.88,182935.49,-101915.60999999999
磁传感,2025-07,yoy_adj,81019.88,182935.49,-101915.60999999999
磁传感,2025-07,trend6,228183.33066666656,182935.49,45247.84066666657
磁传感,2025-07,trend12,197796.0512121212,182935.49,14860.561212121218
磁传感,2025-08,naive,182935.49,198896.37,-15960.880000000005
磁传感,2025-08,ma3,194302.99,198896.37,-4593.380000000005
磁传感,2025-08,ma6,174633.46333333332,198896.37,-24262.906666666677
磁传感,2025-08,ma12,179562.92166666663,198896.37,-19333.448333333363
磁传感,2025-08,snaive,134975.28,198896.37,-63921.09
磁传感,2025-08,yoy_adj,134975.28,198896.37,-63921.09
磁传感,2025-08,trend6,213206.32933333327,198896.37,14309.959333333274
磁传感,2025-08,trend12,182649.69893939391,198896.37,-16246.67106060608
磁传感,2025-09,naive,198896.37,290068.75,-91172.38
磁传感,2025-09,ma3,191249.03666666665,290068.75,-98819.71333333335
磁传感,2025-09,ma6,185850.295,290068.75,-104218.45499999999
磁传感,2025-09,ma12,184889.67916666667,290068.75,-105179.07083333333
磁传感,2025-09,snaive,227211.68,290068.75,-62857.07000000001
磁传感,2025-09,yoy_adj,227211.68,290068.75,-62857.07000000001
磁传感,2025-09,trend6,206427.95599999995,290068.75,-83640.79400000005
磁传感,2025-09,trend12,179636.19712121214,290068.75,-110432.55287878786
磁传感,2025-10,naive,290068.75,345915.5,-55846.75
磁传感,2025-10,ma3,223966.87,345915.5,-121948.63
磁传感,2025-10,ma6,207405.1333333333,345915.5,-138510.3666666667
磁传感,2025-10,ma12,190127.76833333334,345915.5,-155787.73166666666
磁传感,2025-10,snaive,132849.1,345915.5,-213066.4
磁传感,2025-10,yoy_adj,132849.1,345915.5,-213066.4
磁传感,2025-10,trend6,262514.6193333332,345915.5,-83400.88066666678
磁传感,2025-10,trend12,223673.28151515152,345915.5,-122242.21848484848
磁传感,2025-11,naive,345915.5,174956.93,170958.57
磁传感,2025-11,ma3,278293.54,174956.93,103336.60999999999
磁传感,2025-11,ma6,236298.26499999998,174956.93,61341.33499999999
磁传感,2025-11,ma12,207883.30166666667,174956.93,32926.37166666667
磁传感,2025-11,snaive,228808.98,174956.93,53852.05000000002
磁传感,2025-11,yoy_adj,228808.98,174956.93,53852.05000000002
磁传感,2025-11,trend6,336269.0379999998,174956.93,161312.10799999983
磁传感,2025-11,trend12,263452.5048484848,174956.93,88495.57484848483
磁传感,2025-12,naive,174956.93,217646.72,-42689.79000000001
磁传感,2025-12,ma3,270313.7266666666,217646.72,52667.006666666624
磁传感,2025-12,ma6,230781.38166666662,217646.72,13134.661666666623
磁传感,2025-12,ma12,203395.63083333336,217646.72,-14251.089166666643
磁传感,2025-12,snaive,274992.05,217646.72,57345.32999999999
磁传感,2025-12,yoy_adj,274992.05,217646.72,57345.32999999999
磁传感,2025-12,trend6,280313.4626666665,217646.72,62666.74266666648
磁传感,2025-12,trend12,256915.82787878788,217646.72,39269.10787878788
磁传感,2026-01,naive,217646.72,284095.9,-66449.18000000002
磁传感,2026-01,ma3,246173.05000000002,284095.9,-37922.850000000006
磁传感,2026-01,ma6,235069.96,284095.9,-49025.94000000003
磁传感,2026-01,ma12,198616.85333333336,284095.9,-85479.04666666666
磁传感,2026-01,snaive,108117.19,284095.9,-175978.71000000002
磁传感,2026-01,yoy_adj,146403.169473122,284095.9,-137692.73052687803
磁传感,2026-01,trend6,250828.41799999992,284095.9,-33267.482000000105
磁传感,2026-01,trend12,276853.3101515151,284095.9,-7242.589848484902
磁传感,2026-02,naive,284095.9,180251.36,103844.54000000004
磁传感,2026-02,ma3,225566.5166666667,180251.36,45315.156666666706
磁传感,2026-02,ma6,251930.02833333332,180251.36,71678.66833333333
磁传感,2026-02,ma12,213281.74583333332,180251.36,33030.385833333334
磁传感,2026-02,snaive,131595.38,180251.36,-48655.97999999998
磁传感,2026-02,yoy_adj,192344.08876887627,180251.36,12092.728768876288
磁传感,2026-02,trend6,255707.32733333323,180251.36,75455.96733333325
磁传感,2026-02,trend12,286149.4274242425,180251.36,105898.0674242425
磁传感,2026-03,naive,180251.36,289878.94,-109627.58000000002
磁传感,2026-03,ma3,227331.32666666666,289878.94,-62547.61333333334
磁传感,2026-03,ma6,248822.5266666666,289878.94,-41056.41333333339
磁传感,2026-03,ma12,217336.4108333333,289878.94,-72542.5291666667
磁传感,2026-03,snaive,160739.72,289878.94,-129139.22
磁传感,2026-03,yoy_adj,226045.5708563639,289878.94,-63833.36914363611
磁传感,2026-03,trend6,179636.93066666665,289878.94,-110242.00933333335
磁传感,2026-03,trend12,257811.88787878794,289878.94,-32067.052121212066
磁传感,2026-04,naive,289878.94,371771.62,-81892.68
磁传感,2026-04,ma3,251408.7333333333,371771.62,-120362.88666666669
磁传感,2026-04,ma6,248790.8916666667,371771.62,-122980.7283333333
磁传感,2026-04,ma12,228098.01249999998,371771.62,-143673.6075
磁传感,2026-04,snaive,172556.71,371771.62,-199214.91
磁传感,2026-04,yoy_adj,256885.04165368367,371771.62,-114886.57834631632
磁传感,2026-04,trend6,229005.8586666667,371771.62,-142765.7613333333
磁传感,2026-04,trend12,269987.37227272725,371771.62,-101784.24772727274
磁传感,2026-05,naive,371771.62,415721.1,-43949.47999999998
磁传感,2026-05,ma3,280633.9733333333,415721.1,-135087.12666666665
磁传感,2026-05,ma6,253100.24500000002,415721.1,-162620.85499999995
磁传感,2026-05,ma12,244699.255,415721.1,-171021.84499999997
磁传感,2026-05,snaive,208058.23,415721.1,-207662.86999999997
磁传感,2026-05,yoy_adj,327912.4486206939,415721.1,-87808.6513793061
磁传感,2026-05,trend6,362792.80199999997,415721.1,-52928.29800000001
磁传感,2026-05,trend12,306097.08636363636,415721.1,-109624.01363636361
磁传感,2026-06,naive,415721.1,381856.13,33864.96999999997
磁传感,2026-06,ma3,359123.8866666667,381856.13,-22732.24333333329
磁传感,2026-06,ma6,293227.6066666667,381856.13,-88628.52333333332
磁传感,2026-06,ma12,262004.49416666667,381856.13,-119851.63583333333
磁传感,2026-06,snaive,191915.25,381856.13,-189940.88
磁传感,2026-06,yoy_adj,315764.6823780838,381856.13,-66091.44762191619
磁传感,2026-06,trend6,429530.27066666656,381856.13,47674.14066666656
磁传感,2026-06,trend12,355332.0293939393,381856.13,-26524.100606060703
磁传感,2026-07,naive,381856.13,329723.04,52133.090000000026
磁传感,2026-07,ma3,389782.95,329723.04,60059.91000000003
磁传感,2026-07,ma6,320595.8416666666,329723.04,-9127.198333333363
磁传感,2026-07,ma12,277832.9008333333,329723.04,-51890.13916666666
磁传感,2026-07,snaive,182935.49,329723.04,-146787.55
磁传感,2026-07,yoy_adj,297103.5919174326,329723.04,-32619.448082567367
磁传感,2026-07,trend6,448306.1466666666,329723.04,118583.10666666663
磁传感,2026-07,trend12,380415.15924242424,329723.04,50692.11924242426
磁传感,2026-08,naive,329723.04,290440.97,39282.07000000001
磁传感,2026-08,ma3,375766.75666666665,290440.97,85325.78666666668
磁传感,2026-08,ma6,328200.365,290440.97,37759.39500000002
磁传感,2026-08,ma12,290065.19666666666,290440.97,-375.77333333331626
磁传感,2026-08,snaive,198896.37,290440.97,-91544.59999999998
磁传感,2026-08,yoy_adj,321296.3686759057,290440.97,30855.398675905715
磁传感,2026-08,trend6,434924.3099999998,290440.97,144483.33999999985
磁传感,2026-08,trend12,377582.11848484835,290440.97,87141.14848484838
车规有刷H桥栅驱,2025-01,naive,0.0,0.0,0.0
车规有刷H桥栅驱,2025-01,ma3,0.0,0.0,0.0
车规有刷H桥栅驱,2025-01,ma6,0.0,0.0,0.0
车规有刷H桥栅驱,2025-01,ma12,0.0,0.0,0.0
车规有刷H桥栅驱,2025-01,snaive,0.0,0.0,0.0
车规有刷H桥栅驱,2025-01,yoy_adj,0.0,0.0,0.0
车规有刷H桥栅驱,2025-01,trend6,0.0,0.0,0.0
车规有刷H桥栅驱,2025-01,trend12,0.0,0.0,0.0
车规有刷H桥栅驱,2025-02,naive,0.0,0.0,0.0
车规有刷H桥栅驱,2025-02,ma3,0.0,0.0,0.0
车规有刷H桥栅驱,2025-02,ma6,0.0,0.0,0.0
车规有刷H桥栅驱,2025-02,ma12,0.0,0.0,0.0
车规有刷H桥栅驱,2025-02,snaive,0.0,0.0,0.0
车规有刷H桥栅驱,2025-02,yoy_adj,0.0,0.0,0.0
车规有刷H桥栅驱,2025-02,trend6,0.0,0.0,0.0
车规有刷H桥栅驱,2025-02,trend12,0.0,0.0,0.0
车规有刷H桥栅驱,2025-03,naive,0.0,0.0,0.0
车规有刷H桥栅驱,2025-03,ma3,0.0,0.0,0.0
车规有刷H桥栅驱,2025-03,ma6,0.0,0.0,0.0
车规有刷H桥栅驱,2025-03,ma12,0.0,0.0,0.0
车规有刷H桥栅驱,2025-03,snaive,0.0,0.0,0.0
车规有刷H桥栅驱,2025-03,yoy_adj,0.0,0.0,0.0
车规有刷H桥栅驱,2025-03,trend6,0.0,0.0,0.0
车规有刷H桥栅驱,2025-03,trend12,0.0,0.0,0.0
车规有刷H桥栅驱,2025-04,naive,0.0,0.0,0.0
车规有刷H桥栅驱,2025-04,ma3,0.0,0.0,0.0
车规有刷H桥栅驱,2025-04,ma6,0.0,0.0,0.0
车规有刷H桥栅驱,2025-04,ma12,0.0,0.0,0.0
车规有刷H桥栅驱,2025-04,snaive,0.0,0.0,0.0
车规有刷H桥栅驱,2025-04,yoy_adj,0.0,0.0,0.0
车规有刷H桥栅驱,2025-04,trend6,0.0,0.0,0.0
车规有刷H桥栅驱,2025-04,trend12,0.0,0.0,0.0
车规有刷H桥栅驱,2025-05,naive,0.0,0.0,0.0
车规有刷H桥栅驱,2025-05,ma3,0.0,0.0,0.0
车规有刷H桥栅驱,2025-05,ma6,0.0,0.0,0.0
车规有刷H桥栅驱,2025-05,ma12,0.0,0.0,0.0
车规有刷H桥栅驱,2025-05,snaive,0.0,0.0,0.0
车规有刷H桥栅驱,2025-05,yoy_adj,0.0,0.0,0.0
车规有刷H桥栅驱,2025-05,trend6,0.0,0.0,0.0
车规有刷H桥栅驱,2025-05,trend12,0.0,0.0,0.0
车规有刷H桥栅驱,2025-06,naive,0.0,0.0,0.0
车规有刷H桥栅驱,2025-06,ma3,0.0,0.0,0.0
车规有刷H桥栅驱,2025-06,ma6,0.0,0.0,0.0
车规有刷H桥栅驱,2025-06,ma12,0.0,0.0,0.0
车规有刷H桥栅驱,2025-06,snaive,0.0,0.0,0.0
车规有刷H桥栅驱,2025-06,yoy_adj,0.0,0.0,0.0
车规有刷H桥栅驱,2025-06,trend6,0.0,0.0,0.0
车规有刷H桥栅驱,2025-06,trend12,0.0,0.0,0.0
车规有刷H桥栅驱,2025-07,naive,0.0,0.0,0.0
车规有刷H桥栅驱,2025-07,ma3,0.0,0.0,0.0
车规有刷H桥栅驱,2025-07,ma6,0.0,0.0,0.0
车规有刷H桥栅驱,2025-07,ma12,0.0,0.0,0.0
车规有刷H桥栅驱,2025-07,snaive,0.0,0.0,0.0
车规有刷H桥栅驱,2025-07,yoy_adj,0.0,0.0,0.0
车规有刷H桥栅驱,2025-07,trend6,0.0,0.0,0.0
车规有刷H桥栅驱,2025-07,trend12,0.0,0.0,0.0
车规有刷H桥栅驱,2025-08,naive,0.0,0.0,0.0
车规有刷H桥栅驱,2025-08,ma3,0.0,0.0,0.0
车规有刷H桥栅驱,2025-08,ma6,0.0,0.0,0.0
车规有刷H桥栅驱,2025-08,ma12,0.0,0.0,0.0
车规有刷H桥栅驱,2025-08,snaive,0.0,0.0,0.0
车规有刷H桥栅驱,2025-08,yoy_adj,0.0,0.0,0.0
车规有刷H桥栅驱,2025-08,trend6,0.0,0.0,0.0
车规有刷H桥栅驱,2025-08,trend12,0.0,0.0,0.0
车规有刷H桥栅驱,2025-09,naive,0.0,0.0,0.0
车规有刷H桥栅驱,2025-09,ma3,0.0,0.0,0.0
车规有刷H桥栅驱,2025-09,ma6,0.0,0.0,0.0
车规有刷H桥栅驱,2025-09,ma12,0.0,0.0,0.0
车规有刷H桥栅驱,2025-09,snaive,0.0,0.0,0.0
车规有刷H桥栅驱,2025-09,yoy_adj,0.0,0.0,0.0
车规有刷H桥栅驱,2025-09,trend6,0.0,0.0,0.0
车规有刷H桥栅驱,2025-09,trend12,0.0,0.0,0.0
车规有刷H桥栅驱,2025-10,naive,0.0,0.0,0.0
车规有刷H桥栅驱,2025-10,ma3,0.0,0.0,0.0
车规有刷H桥栅驱,2025-10,ma6,0.0,0.0,0.0
车规有刷H桥栅驱,2025-10,ma12,0.0,0.0,0.0
车规有刷H桥栅驱,2025-10,snaive,0.0,0.0,0.0
车规有刷H桥栅驱,2025-10,yoy_adj,0.0,0.0,0.0
车规有刷H桥栅驱,2025-10,trend6,0.0,0.0,0.0
车规有刷H桥栅驱,2025-10,trend12,0.0,0.0,0.0
车规有刷H桥栅驱,2025-11,naive,0.0,0.0,0.0
车规有刷H桥栅驱,2025-11,ma3,0.0,0.0,0.0
车规有刷H桥栅驱,2025-11,ma6,0.0,0.0,0.0
车规有刷H桥栅驱,2025-11,ma12,0.0,0.0,0.0
车规有刷H桥栅驱,2025-11,snaive,0.0,0.0,0.0
车规有刷H桥栅驱,2025-11,yoy_adj,0.0,0.0,0.0
车规有刷H桥栅驱,2025-11,trend6,0.0,0.0,0.0
车规有刷H桥栅驱,2025-11,trend12,0.0,0.0,0.0
车规有刷H桥栅驱,2025-12,naive,0.0,0.0,0.0
车规有刷H桥栅驱,2025-12,ma3,0.0,0.0,0.0
车规有刷H桥栅驱,2025-12,ma6,0.0,0.0,0.0
车规有刷H桥栅驱,2025-12,ma12,0.0,0.0,0.0
车规有刷H桥栅驱,2025-12,snaive,0.0,0.0,0.0
车规有刷H桥栅驱,2025-12,yoy_adj,0.0,0.0,0.0
车规有刷H桥栅驱,2025-12,trend6,0.0,0.0,0.0
车规有刷H桥栅驱,2025-12,trend12,0.0,0.0,0.0
车规有刷H桥栅驱,2026-01,naive,0.0,0.0,0.0
车规有刷H桥栅驱,2026-01,ma3,0.0,0.0,0.0
车规有刷H桥栅驱,2026-01,ma6,0.0,0.0,0.0
车规有刷H桥栅驱,2026-01,ma12,0.0,0.0,0.0
车规有刷H桥栅驱,2026-01,snaive,0.0,0.0,0.0
车规有刷H桥栅驱,2026-01,yoy_adj,0.0,0.0,0.0
车规有刷H桥栅驱,2026-01,trend6,0.0,0.0,0.0
车规有刷H桥栅驱,2026-01,trend12,0.0,0.0,0.0
车规有刷H桥栅驱,2026-02,naive,0.0,0.0,0.0
车规有刷H桥栅驱,2026-02,ma3,0.0,0.0,0.0
车规有刷H桥栅驱,2026-02,ma6,0.0,0.0,0.0
车规有刷H桥栅驱,2026-02,ma12,0.0,0.0,0.0
车规有刷H桥栅驱,2026-02,snaive,0.0,0.0,0.0
车规有刷H桥栅驱,2026-02,yoy_adj,0.0,0.0,0.0
车规有刷H桥栅驱,2026-02,trend6,0.0,0.0,0.0
车规有刷H桥栅驱,2026-02,trend12,0.0,0.0,0.0
车规有刷H桥栅驱,2026-03,naive,0.0,0.0,0.0
车规有刷H桥栅驱,2026-03,ma3,0.0,0.0,0.0
车规有刷H桥栅驱,2026-03,ma6,0.0,0.0,0.0
车规有刷H桥栅驱,2026-03,ma12,0.0,0.0,0.0
车规有刷H桥栅驱,2026-03,snaive,0.0,0.0,0.0
车规有刷H桥栅驱,2026-03,yoy_adj,0.0,0.0,0.0
车规有刷H桥栅驱,2026-03,trend6,0.0,0.0,0.0
车规有刷H桥栅驱,2026-03,trend12,0.0,0.0,0.0
车规有刷H桥栅驱,2026-04,naive,0.0,0.0,0.0
车规有刷H桥栅驱,2026-04,ma3,0.0,0.0,0.0
车规有刷H桥栅驱,2026-04,ma6,0.0,0.0,0.0
车规有刷H桥栅驱,2026-04,ma12,0.0,0.0,0.0
车规有刷H桥栅驱,2026-04,snaive,0.0,0.0,0.0
车规有刷H桥栅驱,2026-04,yoy_adj,0.0,0.0,0.0
车规有刷H桥栅驱,2026-04,trend6,0.0,0.0,0.0
车规有刷H桥栅驱,2026-04,trend12,0.0,0.0,0.0
车规有刷H桥栅驱,2026-05,naive,0.0,0.0,0.0
车规有刷H桥栅驱,2026-05,ma3,0.0,0.0,0.0
车规有刷H桥栅驱,2026-05,ma6,0.0,0.0,0.0
车规有刷H桥栅驱,2026-05,ma12,0.0,0.0,0.0
车规有刷H桥栅驱,2026-05,snaive,0.0,0.0,0.0
车规有刷H桥栅驱,2026-05,yoy_adj,0.0,0.0,0.0
车规有刷H桥栅驱,2026-05,trend6,0.0,0.0,0.0
车规有刷H桥栅驱,2026-05,trend12,0.0,0.0,0.0
车规有刷H桥栅驱,2026-06,naive,0.0,0.0,0.0
车规有刷H桥栅驱,2026-06,ma3,0.0,0.0,0.0
车规有刷H桥栅驱,2026-06,ma6,0.0,0.0,0.0
车规有刷H桥栅驱,2026-06,ma12,0.0,0.0,0.0
车规有刷H桥栅驱,2026-06,snaive,0.0,0.0,0.0
车规有刷H桥栅驱,2026-06,yoy_adj,0.0,0.0,0.0
车规有刷H桥栅驱,2026-06,trend6,0.0,0.0,0.0
车规有刷H桥栅驱,2026-06,trend12,0.0,0.0,0.0
车规有刷H桥栅驱,2026-07,naive,0.0,106470.0,-106470.0
车规有刷H桥栅驱,2026-07,ma3,0.0,106470.0,-106470.0
车规有刷H桥栅驱,2026-07,ma6,0.0,106470.0,-106470.0
车规有刷H桥栅驱,2026-07,ma12,0.0,106470.0,-106470.0
车规有刷H桥栅驱,2026-07,snaive,0.0,106470.0,-106470.0
车规有刷H桥栅驱,2026-07,yoy_adj,0.0,106470.0,-106470.0
车规有刷H桥栅驱,2026-07,trend6,0.0,106470.0,-106470.0
车规有刷H桥栅驱,2026-07,trend12,0.0,106470.0,-106470.0
车规有刷H桥栅驱,2026-08,naive,106470.0,35490.0,70980.0
车规有刷H桥栅驱,2026-08,ma3,35490.0,35490.0,0.0
车规有刷H桥栅驱,2026-08,ma6,17745.0,35490.0,-17745.0
车规有刷H桥栅驱,2026-08,ma12,8872.5,35490.0,-26617.5
车规有刷H桥栅驱,2026-08,snaive,0.0,35490.0,-35490.0
车规有刷H桥栅驱,2026-08,yoy_adj,0.0,35490.0,-35490.0
车规有刷H桥栅驱,2026-08,trend6,70979.99999999997,35490.0,35489.99999999997
车规有刷H桥栅驱,2026-08,trend12,35490.0,35490.0,0.0
车规电机驱动,2025-01,naive,1017162.49,1085338.91,-68176.41999999993
车规电机驱动,2025-01,ma3,1511417.12,1085338.91,426078.2100000002
车规电机驱动,2025-01,ma6,1352838.6333333333,1085338.91,267499.7233333334
车规电机驱动,2025-01,ma12,1087698.0058333331,1085338.91,2359.095833333209
车规电机驱动,2025-01,snaive,935395.45,1085338.91,-149943.45999999996
车规电机驱动,2025-01,yoy_adj,935395.45,1085338.91,-149943.45999999996
车规电机驱动,2025-01,trend6,1623118.851333333,1085338.91,537779.941333333
车规电机驱动,2025-01,trend12,1597196.2292424242,1085338.91,511857.31924242433
车规电机驱动,2025-02,naive,1085338.91,896856.84,188482.06999999995
车规电机驱动,2025-02,ma3,1203313.4800000002,896856.84,306456.64000000025
车规电机驱动,2025-02,ma6,1394792.6216666668,896856.84,497935.78166666685
车规电机驱动,2025-02,ma12,1100193.2941666667,896856.84,203336.45416666672
车规电机驱动,2025-02,snaive,165629.72,896856.84,-731227.12
车规电机驱动,2025-02,yoy_adj,165629.72,896856.84,-731227.12
车规电机驱动,2025-02,trend6,1167866.420666666,896856.84,271009.58066666604
车规电机驱动,2025-02,trend12,1564103.2612121212,896856.84,667246.4212121213
车规电机驱动,2025-03,naive,896856.84,656308.62,240548.21999999997
车规电机驱动,2025-03,ma3,999786.08,656308.62,343477.45999999996
车规电机驱动,2025-03,ma6,1377790.6900000002,656308.62,721482.0700000002
车规电机驱动,2025-03,ma12,1161128.8875,656308.62,504820.26749999996
车规电机驱动,2025-03,snaive,1200261.32,656308.62,543952.7000000001
车规电机驱动,2025-03,yoy_adj,1200261.32,656308.62,543952.7000000001
车规电机驱动,2025-03,trend6,624749.6640000001,656308.62,-31558.95599999989
车规电机驱动,2025-03,trend12,1298083.685,656308.62,641775.0650000001
车规电机驱动,2025-04,naive,656308.62,1056892.99,-400584.37
车规电机驱动,2025-04,ma3,879501.4566666667,1056892.99,-177391.53333333333
车规电机驱动,2025-04,ma6,1195459.2883333333,1056892.99,138566.29833333334
车规电机驱动,2025-04,ma12,1115799.4958333333,1056892.99,58906.50583333336
车规电机驱动,2025-04,snaive,1003394.17,1056892.99,-53498.81999999995
车规电机驱动,2025-04,yoy_adj,1003394.17,1056892.99,-53498.81999999995
车规电机驱动,2025-04,trend6,342431.6653333332,1056892.99,-714461.3246666668
车规电机驱动,2025-04,trend12,1138111.0815151515,1056892.99,81218.09151515155
车规电机驱动,2025-05,naive,1056892.99,745088.96,311804.03
车规电机驱动,2025-05,ma3,870019.4833333334,745088.96,124930.52333333343
车规电机驱动,2025-05,ma6,1036666.4816666668,745088.96,291577.52166666684
车规电机驱动,2025-05,ma12,1120257.7308333332,745088.96,375168.77083333326
车规电机驱动,2025-05,snaive,1078795.01,745088.96,333706.05000000005
车规电机驱动,2025-05,yoy_adj,1078795.01,745088.96,333706.05000000005
车规电机驱动,2025-05,trend6,684289.0886666663,745088.96,-60799.871333333664
车规电机驱动,2025-05,trend12,1094632.0256060609,745088.96,349543.0656060609
车规电机驱动,2025-06,naive,745088.96,788317.36,-43228.40000000002
车规电机驱动,2025-06,ma3,819430.19,788317.36,31112.829999999958
车规电机驱动,2025-06,ma6,909608.1349999999,788317.36,121290.7749999999
车规电机驱动,2025-06,ma12,1092448.8933333333,788317.36,304131.5333333333
车规电机驱动,2025-06,snaive,551868.6,788317.36,-236448.76
车规电机驱动,2025-06,yoy_adj,551868.6,788317.36,-236448.76
车规电机驱动,2025-06,trend6,740982.7719999998,788317.36,-47334.58800000022
车规电机驱动,2025-06,trend12,960780.646060606,788317.36,172463.286060606
车规电机驱动,2025-07,naive,788317.36,776069.48,12247.880000000005
车规电机驱动,2025-07,ma3,863433.1033333334,776069.48,87363.62333333341
车规电机驱动,2025-07,ma6,871467.2800000001,776069.48,95397.80000000016
车规电机驱动,2025-07,ma12,1112152.9566666668,776069.48,336083.4766666668
车规电机驱动,2025-07,snaive,833614.98,776069.48,57545.5
车规电机驱动,2025-07,yoy_adj,833614.98,776069.48,57545.5
车规电机驱动,2025-07,trend6,717484.5779999997,776069.48,-58584.902000000235
车规电机驱动,2025-07,trend12,744734.9212121214,776069.48,-31334.558787878603
车规电机驱动,2025-08,naive,776069.48,752187.7,23881.780000000028
车规电机驱动,2025-08,ma3,769825.2666666666,752187.7,17637.56666666665
车规电机驱动,2025-08,ma6,819922.375,752187.7,67734.67500000005
车规电机驱动,2025-08,ma12,1107357.4983333333,752187.7,355169.79833333334
车规电机驱动,2025-08,snaive,998868.4299999999,752187.7,246680.72999999998
车规电机驱动,2025-08,yoy_adj,998868.4299999999,752187.7,246680.72999999998
车规电机驱动,2025-08,trend6,767950.9139999998,752187.7,15763.213999999803
车规电机驱动,2025-08,trend12,573623.282424242,752187.7,-178564.41757575795
车规电机驱动,2025-09,naive,752187.7,1639130.1,-886942.4000000001
车规电机驱动,2025-09,ma3,772191.5133333333,1639130.1,-866938.5866666668
车规电机驱动,2025-09,ma6,795810.8516666666,1639130.1,-843319.2483333335
车规电机驱动,2025-09,ma12,1086800.7708333333,1639130.1,-552329.3291666668
车规电机驱动,2025-09,snaive,1750297.03,1639130.1,111166.92999999993
车规电机驱动,2025-09,yoy_adj,1750297.03,1639130.1,111166.92999999993
车规电机驱动,2025-09,trend6,763826.1786666663,1639130.1,-875303.9213333338
车规电机驱动,2025-09,trend12,432220.5169696966,1639130.1,-1206909.5830303035
车规电机驱动,2025-10,naive,1639130.1,1161629.47,477500.6300000001
车规电机驱动,2025-10,ma3,1055795.76,1161629.47,-105833.70999999996
车规电机驱动,2025-10,ma6,959614.4316666666,1161629.47,-202015.03833333333
车规电机驱动,2025-10,ma12,1077536.8599999999,1161629.47,-84092.6100000001
车规电机驱动,2025-10,snaive,2009649.8299999998,1161629.47,848020.3599999999
车规电机驱动,2025-10,yoy_adj,2009649.8299999998,1161629.47,848020.3599999999
车规电机驱动,2025-10,trend6,1251637.820666666,1161629.47,90008.35066666594
车规电机驱动,2025-10,trend12,757071.9240909091,1161629.47,-404557.5459090909
车规电机驱动,2025-11,naive,1161629.47,918294.05,243335.41999999993
车规电机驱动,2025-11,ma3,1184315.7566666666,918294.05,266021.70666666655
车规电机驱动,2025-11,ma6,977070.5116666666,918294.05,58776.46166666655
车规电机驱动,2025-11,ma12,1006868.4966666666,918294.05,88574.44666666654
车规电机驱动,2025-11,snaive,1507439.04,918294.05,589144.99
车规电机驱动,2025-11,yoy_adj,1507439.04,918294.05,589144.99
车规电机驱动,2025-11,trend6,1438196.4106666665,918294.05,519902.3606666664
车规电机驱动,2025-11,trend12,982823.7271212118,918294.05,64529.677121211775
车规电机驱动,2025-12,naive,918294.05,1288949.07,-370655.02
车规电机驱动,2025-12,ma3,1239684.54,1288949.07,-49264.53000000003
车规电机驱动,2025-12,ma6,1005938.0266666667,1288949.07,-283011.04333333333
车规电机驱动,2025-12,ma12,957773.0808333335,1288949.07,-331175.9891666665
车规电机驱动,2025-12,snaive,1017162.49,1288949.07,-271786.5800000001
车规电机驱动,2025-12,yoy_adj,1017162.49,1288949.07,-271786.5800000001
车规电机驱动,2025-12,trend6,1275288.6086666666,1288949.07,-13660.461333333515
车规电机驱动,2025-12,trend12,1059480.5419696965,1288949.07,-229468.52803030354
车规电机驱动,2026-01,naive,1288949.07,966622.43,322326.64
车规电机驱动,2026-01,ma3,1122957.53,966622.43,156335.09999999998
车规电机驱动,2026-01,ma6,1089376.645,966622.43,122754.21499999997
车规电机驱动,2026-01,ma12,980421.9625,966622.43,13799.532499999972
车规电机驱动,2026-01,snaive,1085338.91,966622.43,118716.47999999986
车规电机驱动,2026-01,yoy_adj,978295.5364568906,966622.43,11673.106456890586
车规电机驱动,2026-01,trend6,1347898.2819999997,966622.43,381275.8519999996
车规电机驱动,2026-01,trend12,1182470.2918181818,966622.43,215847.8618181817
车规电机驱动,2026-02,naive,966622.43,900929.14,65693.29000000004
车规电机驱动,2026-02,ma3,1057955.1833333333,900929.14,157026.04333333333
车规电机驱动,2026-02,ma6,1121135.47,900929.14,220206.32999999996
车规电机驱动,2026-02,ma12,970528.9225,900929.14,69599.78249999997
车规电机驱动,2026-02,snaive,896856.84,900929.14,-4072.3000000000466
车规电机驱动,2026-02,yoy_adj,791156.8877733002,900929.14,-109772.25222669984
车规电机驱动,2026-02,trend6,1098964.9839999997,900929.14,198035.8439999997
车规电机驱动,2026-02,trend12,1200125.557727273,900929.14,299196.4177272731
车规电机驱动,2026-03,naive,900929.14,1642617.99,-741688.85
车规电机驱动,2026-03,ma3,1052166.8800000001,1642617.99,-590451.1099999999
车规电机驱动,2026-03,ma6,1145925.71,1642617.99,-496692.28
车规电机驱动,2026-03,ma12,970868.2808333334,1642617.99,-671749.7091666666
车规电机驱动,2026-03,snaive,656308.62,1642617.99,-986309.37
车规电机驱动,2026-03,yoy_adj,548767.0046409877,1642617.99,-1093850.9853590121
车规电机驱动,2026-03,trend6,755388.6199999999,1642617.99,-887229.3700000001
车规电机驱动,2026-03,trend12,1161298.2187878788,1642617.99,-481319.77121212124
车规电机驱动,2026-04,naive,1642617.99,2371308.74,-728690.7500000002
车规电机驱动,2026-04,ma3,1170056.52,2371308.74,-1201252.2200000002
车规电机驱动,2026-04,ma6,1146507.025,2371308.74,-1224801.7150000003
车规电机驱动,2026-04,ma12,1053060.7283333333,2371308.74,-1318248.011666667
车规电机驱动,2026-04,snaive,1056892.99,2371308.74,-1314415.7500000002
车规电机驱动,2026-04,yoy_adj,997466.3960468745,2371308.74,-1373842.3439531256
车规电机驱动,2026-04,trend6,1349559.1479999998,2371308.74,-1021749.5920000004
车规电机驱动,2026-04,trend12,1318490.011969697,2371308.74,-1052818.7280303033
车规电机驱动,2026-05,naive,2371308.74,2602705.7,-231396.95999999996
车规电机驱动,2026-05,ma3,1638285.29,2602705.7,-964420.4100000001
车规电机驱动,2026-05,ma6,1348120.2366666668,2602705.7,-1254585.4633333334
车规电机驱动,2026-05,ma12,1162595.3741666668,2602705.7,-1440110.3258333334
车规电机驱动,2026-05,snaive,745088.96,2602705.7,-1857616.7400000002
车规电机驱动,2026-05,yoy_adj,773247.9360747454,2602705.7,-1829457.7639252548
车规电机驱动,2026-05,trend6,2174158.9286666666,2602705.7,-428546.77133333357
车规电机驱动,2026-05,trend12,1758718.9198484854,2602705.7,-843986.7801515148
车规电机驱动,2026-06,naive,2602705.7,2646624.53,-43918.82999999961
车规电机驱动,2026-06,ma3,2205544.1433333335,2646624.53,-441080.38666666625
车规电机驱动,2026-06,ma6,1628855.5116666667,2646624.53,-1017769.0183333331
车规电机驱动,2026-06,ma12,1317396.7691666668,2646624.53,-1329227.760833333
车规电机驱动,2026-06,snaive,788317.36,2646624.53,-1858307.17
车规电机驱动,2026-06,yoy_adj,950641.0317952657,2646624.53,-1695983.4982047342
车规电机驱动,2026-06,trend6,2781308.6046666657,2646624.53,134684.07466666587
车规电机驱动,2026-06,trend12,2150193.7284848485,2646624.53,-496430.8015151513
车规电机驱动,2026-07,naive,2646624.53,1961368.34,685256.1899999997
车规电机驱动,2026-07,ma3,2540212.99,1961368.34,578844.6500000001
车规电机驱动,2026-07,ma6,1855134.755,1961368.34,-106233.5850000002
车规电机驱动,2026-07,ma12,1472255.7000000002,1961368.34,-489112.6399999999
车规电机驱动,2026-07,snaive,776069.48,1961368.34,-1185298.86
车规电机驱动,2026-07,yoy_adj,1027352.1359422926,1961368.34,-934016.2040577075
车规电机驱动,2026-07,trend6,3278537.8479999993,1961368.34,1317169.5079999992
车规电机驱动,2026-07,trend12,2481040.6831818186,1961368.34,519672.3431818185
车规电机驱动,2026-08,naive,1961368.34,2269555.54,-308187.19999999995
车规电机驱动,2026-08,ma3,2403566.19,2269555.54,134010.6499999999
车规电机驱动,2026-08,ma6,2020925.74,2269555.54,-248629.80000000005
车规电机驱动,2026-08,ma12,1571030.6050000002,2269555.54,-698524.9349999998
车规电机驱动,2026-08,snaive,752187.7,2269555.54,-1517367.84
车规电机驱动,2026-08,yoy_adj,1067143.9884437788,2269555.54,-1202411.5515562212
车规电机驱动,2026-08,trend6,2875486.9979999997,2269555.54,605931.4579999996
车规电机驱动,2026-08,trend12,2496402.365,2269555.54,226846.8250000002
车规电源管理,2025-01,naive,41437.17,96267.23999999999,-54830.06999999999
车规电源管理,2025-01,ma3,46538.056666666664,96267.23999999999,-49729.18333333333
车规电源管理,2025-01,ma6,41235.408333333326,96267.23999999999,-55031.831666666665
车规电源管理,2025-01,ma12,26458.054166666665,96267.23999999999,-69809.18583333332
车规电源管理,2025-01,snaive,16312.88,96267.23999999999,-79954.35999999999
车规电源管理,2025-01,yoy_adj,16312.88,96267.23999999999,-79954.35999999999
车规电源管理,2025-01,trend6,62190.967333333305,96267.23999999999,-34076.272666666686
车规电源管理,2025-01,trend12,57008.828484848484,96267.23999999999,-39258.41151515151
车规电源管理,2025-02,naive,96267.23999999999,187106.44999999998,-90839.20999999999
车规电源管理,2025-02,ma3,55825.07,187106.44999999998,-131281.37999999998
车规电源管理,2025-02,ma6,57279.94833333333,187106.44999999998,-129826.50166666665
车规电源管理,2025-02,ma12,33120.917499999996,187106.44999999998,-153985.53249999997
车规电源管理,2025-02,snaive,7680.91,187106.44999999998,-179425.53999999998
车规电源管理,2025-02,yoy_adj,7680.91,187106.44999999998,-179425.53999999998
车规电源管理,2025-02,trend6,76886.63733333329,187106.44999999998,-110219.8126666667
车规电源管理,2025-02,trend12,78126.55045454546,187106.44999999998,-108979.89954545452
车规电源管理,2025-03,naive,187106.44999999998,276184.31,-89077.86000000002
车规电源管理,2025-03,ma3,108270.28666666667,276184.31,-167914.02333333332
车规电源管理,2025-03,ma6,84501.80833333333,276184.31,-191682.50166666665
车规电源管理,2025-03,ma12,48073.04583333333,276184.31,-228111.26416666666
车规电源管理,2025-03,snaive,4021.9700000000003,276184.31,-272162.34
车规电源管理,2025-03,yoy_adj,4021.9700000000003,276184.31,-272162.34
车规电源管理,2025-03,trend6,145568.4873333333,276184.31,-130615.8226666667
车规电源管理,2025-03,trend12,124058.69606060607,276184.31,-152125.61393939392
车规电源管理,2025-04,naive,276184.31,134727.01,141457.3
车规电源管理,2025-04,ma3,186519.33333333334,134727.01,51792.323333333334
车规电源管理,2025-04,ma6,116528.69499999999,134727.01,-18198.315000000017
车规电源管理,2025-04,ma12,70753.24083333333,134727.01,-63973.76916666668
车规电源管理,2025-04,snaive,5700.0,134727.01,-129027.01000000001
车规电源管理,2025-04,yoy_adj,5700.0,134727.01,-129027.01000000001
车规电源管理,2025-04,trend6,273101.45199999993,134727.01,138374.44199999992
车规电源管理,2025-04,trend12,190751.61651515155,134727.01,56024.606515151536
车规电源管理,2025-05,naive,134727.01,87194.12,47532.890000000014
车规电源管理,2025-05,ma3,199339.25666666668,87194.12,112145.13666666669
车规电源管理,2025-05,ma6,127582.16333333333,87194.12,40388.043333333335
车规电源管理,2025-05,ma12,81505.49166666665,87194.12,-5688.628333333341
车规电源管理,2025-05,snaive,4102.0599999999995,87194.12,-83092.06
车规电源管理,2025-05,yoy_adj,4102.0599999999995,87194.12,-83092.06
车规电源管理,2025-05,trend6,259568.33133333328,87194.12,172374.21133333328
车规电源管理,2025-05,trend12,198277.033939394,87194.12,111082.913939394
车规电源管理,2025-06,naive,87194.12,36416.71,50777.409999999996
车规电源管理,2025-06,ma3,166035.14666666667,36416.71,129618.43666666668
车规电源管理,2025-06,ma6,137152.71666666665,36416.71,100736.00666666665
车规电源管理,2025-06,ma12,88429.83,36416.71,52013.12
车规电源管理,2025-06,snaive,32266.379999999997,36416.71,-4150.330000000002
车规电源管理,2025-06,yoy_adj,32266.379999999997,36416.71,-4150.330000000002
车规电源管理,2025-06,trend6,180476.90866666663,36416.71,144060.19866666663
车规电源管理,2025-06,trend12,183754.33363636362,36416.71,147337.62363636363
车规电源管理,2025-07,naive,36416.71,191577.27,-155160.56
车规电源管理,2025-07,ma3,86112.61333333333,191577.27,-105464.65666666666
车规电源管理,2025-07,ma6,136315.97333333333,191577.27,-55261.29666666666
车规电源管理,2025-07,ma12,88775.69083333334,191577.27,-102801.57916666665
车规电源管理,2025-07,snaive,0.0,191577.27,-191577.27
车规电源管理,2025-07,yoy_adj,0.0,191577.27,-191577.27
车规电源管理,2025-07,trend6,62271.27933333328,191577.27,-129305.99066666671
车规电源管理,2025-07,trend12,154503.1678787879,191577.27,-37074.10212121208
车规电源管理,2025-08,naive,191577.27,304371.48,-112794.20999999999
车规电源管理,2025-08,ma3,105062.7,304371.48,-199308.77999999997
车规电源管理,2025-08,ma6,152200.97833333333,304371.48,-152170.50166666665
车规电源管理,2025-08,ma12,104740.46333333333,304371.48,-199631.01666666666
车规电源管理,2025-08,snaive,23775.29,304371.48,-280596.19
车规电源管理,2025-08,yoy_adj,23775.29,304371.48,-280596.19
车规电源管理,2025-08,trend6,77752.81933333329,304371.48,-226618.6606666667
车规电源管理,2025-08,trend12,169939.15378787878,304371.48,-134432.3262121212
车规电源管理,2025-09,naive,304371.48,280484.66,23886.820000000007
车规电源管理,2025-09,ma3,177455.15333333332,280484.66,-103029.50666666665
车规电源管理,2025-09,ma6,171745.15,280484.66,-108739.50999999998
车规电源管理,2025-09,ma12,128123.47916666667,280484.66,-152361.1808333333
车规电源管理,2025-09,snaive,84022.98999999999,280484.66,-196461.66999999998
车规电源管理,2025-09,yoy_adj,84022.98999999999,280484.66,-196461.66999999998
车规电源管理,2025-09,trend6,197816.07199999993,280484.66,-82668.58800000005
车规电源管理,2025-09,trend12,219308.39530303027,280484.66,-61176.26469696971
车规电源管理,2025-10,naive,280484.66,242025.29,38459.369999999966
车规电源管理,2025-10,ma3,258811.13666666663,242025.29,16785.84666666662
车规电源管理,2025-10,ma6,172461.875,242025.29,-69563.41500000001
车规电源管理,2025-10,ma12,144495.285,242025.29,-97530.005
车规电源管理,2025-10,snaive,68406.2,242025.29,-173619.09000000003
车规电源管理,2025-10,yoy_adj,68406.2,242025.29,-173619.09000000003
车规电源管理,2025-10,trend6,326009.96399999986,242025.29,83984.67399999985
车规电源管理,2025-10,trend12,260740.80636363637,242025.29,18715.516363636358
车规电源管理,2025-11,naive,242025.29,331423.85,-89398.55999999997
车规电源管理,2025-11,ma3,275627.1433333333,331423.85,-55796.706666666665
车规电源管理,2025-11,ma6,190344.92166666666,331423.85,-141078.92833333332
车规电源管理,2025-11,ma12,158963.54249999998,331423.85,-172460.3075
车规电源管理,2025-11,snaive,29770.8,331423.85,-301653.05
车规电源管理,2025-11,yoy_adj,29770.8,331423.85,-301653.05
车规电源管理,2025-11,trend6,352260.31266666664,331423.85,20836.46266666666
车规电源管理,2025-11,trend12,277110.69909090915,331423.85,-54313.15090909082
车规电源管理,2025-12,naive,331423.85,121631.79999999999,209792.05
车规电源管理,2025-12,ma3,284644.6,121631.79999999999,163012.8
车规电源管理,2025-12,ma6,231049.87666666662,121631.79999999999,109418.07666666663
车规电源管理,2025-12,ma12,184101.29666666663,121631.79999999999,62469.496666666644
车规电源管理,2025-12,snaive,41437.17,121631.79999999999,-80194.62999999999
车规电源管理,2025-12,yoy_adj,41437.17,121631.79999999999,-80194.62999999999
车规电源管理,2025-12,trend6,391299.1706666665,121631.79999999999,269667.37066666654
车规电源管理,2025-12,trend12,307192.94712121214,121631.79999999999,185561.14712121215
车规电源管理,2026-01,naive,121631.79999999999,265673.38,-144041.58000000002
车规电源管理,2026-01,ma3,231693.64666666664,265673.38,-33979.733333333366
车规电源管理,2026-01,ma6,245252.39166666663,265673.38,-20420.98833333337
车规电源管理,2026-01,ma12,190784.18249999997,265673.38,-74889.19750000004
车规电源管理,2026-01,snaive,96267.23999999999,265673.38,-169406.14
车规电源管理,2026-01,yoy_adj,694165.4351917589,265673.38,428492.0551917589
车规电源管理,2026-01,trend6,214549.43066666665,265673.38,-51123.94933333335
车规电源管理,2026-01,trend12,256107.69409090906,265673.38,-9565.685909090942
车规电源管理,2026-02,naive,265673.38,24566.340000000004,241107.04
车规电源管理,2026-02,ma3,239576.34333333335,24566.340000000004,215010.00333333336
车规电源管理,2026-02,ma6,257601.74333333332,24566.340000000004,233035.40333333332
车规电源管理,2026-02,ma12,204901.3608333333,24566.340000000004,180335.0208333333
车规电源管理,2026-02,snaive,187106.44999999998,24566.340000000004,162540.11
车规电源管理,2026-02,yoy_adj,1157527.300555428,24566.340000000004,1132960.960555428
车规电源管理,2026-02,trend6,199536.69133333318,24566.340000000004,174970.35133333318
车规电源管理,2026-02,trend12,261021.7115151515,24566.340000000004,236455.3715151515
车规电源管理,2026-03,naive,24566.340000000004,108871.7,-84305.35999999999
车规电源管理,2026-03,ma3,137290.50666666668,108871.7,28418.806666666685
车规电源管理,2026-03,ma6,210967.55333333334,108871.7,102095.85333333335
车规电源管理,2026-03,ma12,191356.35166666668,108871.7,82484.65166666669
车规电源管理,2026-03,snaive,276184.31,108871.7,167312.61
车规电源管理,2026-03,yoy_adj,1099360.796326542,108871.7,990489.0963265421
车规电源管理,2026-03,trend6,69123.61533333332,108871.7,-39748.08466666668
车规电源管理,2026-03,trend12,197135.35984848486,108871.7,88263.65984848487
车规电源管理,2026-04,naive,108871.7,236696.13999999998,-127824.43999999999
车规电源管理,2026-04,ma3,133037.14,236696.13999999998,-103658.99999999997
车规电源管理,2026-04,ma6,182365.3933333333,236696.13999999998,-54330.74666666667
车规电源管理,2026-04,ma12,177413.63416666666,236696.13999999998,-59282.50583333333
车规电源管理,2026-04,snaive,134727.01,236696.13999999998,-101969.12999999998
车规电源管理,2026-04,yoy_adj,337827.7543612945,236696.13999999998,101131.61436129452
车规电源管理,2026-04,trend6,38135.50333333324,236696.13999999998,-198560.63666666675
车规电源管理,2026-04,trend12,187634.28530303028,236696.13999999998,-49061.854696969705
车规电源管理,2026-05,naive,236696.13999999998,238280.97,-1584.8300000000163
车规电源管理,2026-05,ma3,123378.06,238280.97,-114902.91
车规电源管理,2026-05,ma6,181477.20166666666,238280.97,-56803.76833333334
车规电源管理,2026-05,ma12,185911.06166666665,238280.97,-52369.908333333355
车规电源管理,2026-05,snaive,87194.12,238280.97,-151086.85
车规电源管理,2026-05,yoy_adj,198886.6159667654,238280.97,-39394.35403323459
车规电源管理,2026-05,trend6,106174.6126666666,238280.97,-132106.3573333334
车规电源管理,2026-05,trend12,198340.38212121208,238280.97,-39940.58787878792
车规电源管理,2026-06,naive,238280.97,354867.24,-116586.26999999999
车规电源管理,2026-06,ma3,194616.27,354867.24,-160250.97
车规电源管理,2026-06,ma6,165953.38833333334,354867.24,-188913.85166666665
车规电源管理,2026-06,ma12,198501.63250000004,354867.24,-156365.60749999995
车规电源管理,2026-06,snaive,36416.71,354867.24,-318450.52999999997
车规电源管理,2026-06,yoy_adj,81745.90390232658,354867.24,-273121.3360976734
车规电源管理,2026-06,trend6,224015.33733333327,354867.24,-130851.90266666672
车规电源管理,2026-06,trend12,194857.06090909097,354867.24,-160010.17909090902
车规电源管理,2026-07,naive,354867.24,297505.54,57361.70000000001
车规电源管理,2026-07,ma3,276614.7833333333,297505.54,-20890.756666666653
车规电源管理,2026-07,ma6,204825.96166666667,297505.54,-92679.57833333331
车规电源管理,2026-07,ma12,225039.17666666667,297505.54,-72466.36333333331
车规电源管理,2026-07,snaive,191577.27,297505.54,-105928.26999999999
车规电源管理,2026-07,yoy_adj,485632.84277659416,297505.54,188127.30277659418
车规电源管理,2026-07,trend6,326319.72466666653,297505.54,28814.18466666655
车规电源管理,2026-07,trend12,212597.27984848488,297505.54,-84908.2601515151
车规电源管理,2026-08,naive,297505.54,416475.24,-118969.70000000001
车规电源管理,2026-08,ma3,296884.5833333333,416475.24,-119590.65666666668
车规电源管理,2026-08,ma6,210131.32166666666,416475.24,-206343.91833333333
车规电源管理,2026-08,ma12,233866.53249999997,416475.24,-182608.70750000002
车规电源管理,2026-08,snaive,304371.48,416475.24,-112103.76000000001
车规电源管理,2026-08,yoy_adj,679606.5279275839,416475.24,263131.2879275839
车规电源管理,2026-08,trend6,420558.0666666666,416475.24,4082.8266666666023
车规电源管理,2026-08,trend12,229654.75409090903,416475.24,-186820.48590909096
通用电源管理,2025-01,naive,37840493.54,34967584.85,2872908.6899999976
通用电源管理,2025-01,ma3,35591932.76,34967584.85,624347.9099999964
通用电源管理,2025-01,ma6,37834865.58166667,34967584.85,2867280.7316666692
通用电源管理,2025-01,ma12,36992871.75166666,34967584.85,2025286.9016666561
通用电源管理,2025-01,snaive,48658347.51,34967584.85,13690762.659999996
通用电源管理,2025-01,yoy_adj,48658347.51,34967584.85,13690762.659999996
通用电源管理,2025-01,trend6,35705163.43266666,34967584.85,737578.5826666579
通用电源管理,2025-01,trend12,37270554.198030315,34967584.85,2302969.348030314
通用电源管理,2025-02,naive,34967584.85,27382499.61,7585085.240000002
通用电源管理,2025-02,ma3,35615325.18,27382499.61,8232825.57
通用电源管理,2025-02,ma6,37424454.92333333,27382499.61,10041955.313333333
通用电源管理,2025-02,ma12,35851974.86333334,27382499.61,8469475.253333338
通用电源管理,2025-02,snaive,18794370.98,27382499.61,-8588128.629999999
通用电源管理,2025-02,yoy_adj,18794370.98,27382499.61,-8588128.629999999
通用电源管理,2025-02,trend6,33577740.66133334,27382499.61,6195241.051333338
通用电源管理,2025-02,trend12,39069953.421969704,27382499.61,11687453.811969705
通用电源管理,2025-03,naive,27382499.61,34894076.39,-7511576.780000001
通用电源管理,2025-03,ma3,33396859.333333332,34894076.39,-1497217.0566666685
通用电源管理,2025-03,ma6,35525121.70666667,34894076.39,631045.3166666701
通用电源管理,2025-03,ma12,36567652.249166675,34894076.39,1673575.8591666743
通用电源管理,2025-03,snaive,40179282.29,34894076.39,5285205.8999999985
通用电源管理,2025-03,yoy_adj,40179282.29,34894076.39,5285205.8999999985
通用电源管理,2025-03,trend6,27605260.578666657,34894076.39,-7288815.811333343
通用电源管理,2025-03,trend12,32628515.392575763,34894076.39,-2265560.9974242374
通用电源管理,2025-04,naive,34894076.39,36977225.6,-2083149.210000001
通用电源管理,2025-04,ma3,32414720.28333333,36977225.6,-4562505.31666667
通用电源管理,2025-04,ma6,34003326.52166667,36977225.6,-2973899.078333333
通用电源管理,2025-04,ma12,36127218.42416667,36977225.6,-850007.1758333296
通用电源管理,2025-04,snaive,40393337.81,36977225.6,3416112.210000001
通用电源管理,2025-04,yoy_adj,40393337.81,36977225.6,3416112.210000001
通用电源管理,2025-04,trend6,31717750.790666655,36977225.6,-5259474.809333347
通用电源管理,2025-04,trend12,32836760.114848472,36977225.6,-4140465.4851515293
通用电源管理,2025-05,naive,36977225.6,34666599.37,2310626.230000004
通用电源管理,2025-05,ma3,33084600.53333333,34666599.37,-1581998.836666666
通用电源管理,2025-05,ma6,34349962.85666666,34666599.37,-316636.5133333355
通用电源管理,2025-05,ma12,35842542.406666666,34666599.37,1175943.036666669
通用电源管理,2025-05,snaive,36023678.18,34666599.37,1357078.8100000024
通用电源管理,2025-05,yoy_adj,36023678.18,34666599.37,1357078.8100000024
通用电源管理,2025-05,trend6,34177193.412666656,34666599.37,-489405.95733334124
通用电源管理,2025-05,trend12,34025030.255303025,34666599.37,-641569.1146969721
通用电源管理,2025-06,naive,34666599.37,34733780.9,-67181.53000000119
通用电源管理,2025-06,ma3,35512633.78666667,34733780.9,778852.8866666704
通用电源管理,2025-06,ma6,34454746.559999995,34733780.9,-279034.3400000036
通用电源管理,2025-06,ma12,35729452.505833335,34733780.9,995671.6058333367
通用电源管理,2025-06,snaive,32856250.76,34733780.9,-1877530.1399999969
通用电源管理,2025-06,yoy_adj,32856250.76,34733780.9,-1877530.1399999969
通用电源管理,2025-06,trend6,34221849.37799999,34733780.9,-511931.52200000733
通用电源管理,2025-06,trend12,33671471.98287879,34733780.9,-1062308.9171212092
通用电源管理,2025-07,naive,34733780.9,35102850.35,-369069.450000003
通用电源管理,2025-07,ma3,35459201.95666667,35102850.35,356351.60666666925
通用电源管理,2025-07,ma6,33936961.12,35102850.35,-1165889.2300000042
通用电源管理,2025-07,ma12,35885913.350833334,35102850.35,783063.0008333325
通用电源管理,2025-07,snaive,37430048.8,35102850.35,2327198.4499999955
通用电源管理,2025-07,yoy_adj,37430048.8,35102850.35,2327198.4499999955
通用电源管理,2025-07,trend6,36213603.99400001,35102850.35,1110753.6440000087
通用电源管理,2025-07,trend12,32730114.410606068,35102850.35,-2372735.939393934
通用电源管理,2025-08,naive,35102850.35,37134679.65,-2031829.299999997
通用电源管理,2025-08,ma3,34834410.20666667,37134679.65,-2300269.443333328
通用电源管理,2025-08,ma6,33959505.37,37134679.65,-3175174.280000001
通用电源管理,2025-08,ma12,35691980.14666667,37134679.65,-1442699.5033333302
通用电源管理,2025-08,snaive,38778498.91,37134679.65,1643819.259999998
通用电源管理,2025-08,yoy_adj,38778498.91,37134679.65,1643819.259999998
通用电源管理,2025-08,trend6,37540529.47,37134679.65,405849.8200000003
通用电源管理,2025-08,trend12,32796637.293484844,37134679.65,-4338042.356515154
通用电源管理,2025-09,naive,37134679.65,40582937.76,-3448258.1099999994
通用电源管理,2025-09,ma3,35657103.63333333,40582937.76,-4925834.126666665
通用电源管理,2025-09,ma6,35584868.71,40582937.76,-4998069.049999997
通用电源管理,2025-09,ma12,35554995.208333336,40582937.76,-5027942.551666662
通用电源管理,2025-09,snaive,44024847.5,40582937.76,3441909.740000002
通用电源管理,2025-09,yoy_adj,44024847.5,40582937.76,3441909.740000002
通用电源管理,2025-09,trend6,36149575.91799998,40582937.76,-4433361.842000015
通用电源管理,2025-09,trend12,33932253.229242414,40582937.76,-6650684.530757584
通用电源管理,2025-10,naive,40582937.76,33303363.77,7279573.989999998
通用电源管理,2025-10,ma3,37606822.586666666,33303363.77,4303458.816666666
通用电源管理,2025-10,ma6,36533012.27166667,33303363.77,3229648.501666669
通用电源管理,2025-10,ma12,35268169.39666667,33303363.77,1964805.6266666688
通用电源管理,2025-10,snaive,34897407.59,33303363.77,1594043.820000004
通用电源管理,2025-10,yoy_adj,34897407.59,33303363.77,1594043.820000004
通用电源管理,2025-10,trend6,39113199.38066665,33303363.77,5809835.610666651
通用电源管理,2025-10,trend12,37404869.41439394,33303363.77,4101505.6443939395
通用电源管理,2025-11,naive,33303363.77,39292568.53,-5989204.760000002
通用电源管理,2025-11,ma3,37006993.72666667,39292568.53,-2285574.8033333346
通用电源管理,2025-11,ma6,35920701.96666667,39292568.53,-3371866.5633333325
通用电源管理,2025-11,ma12,35135332.41166666,39292568.53,-4157236.1183333397
通用电源管理,2025-11,snaive,34037897.15,39292568.53,-5254671.380000003
通用电源管理,2025-11,yoy_adj,34037897.15,39292568.53,-5254671.380000003
通用电源管理,2025-11,trend6,37197014.15466664,39292568.53,-2095554.3753333613
通用电源管理,2025-11,trend12,36671287.76166667,39292568.53,-2621280.7683333308
通用电源管理,2025-12,naive,39292568.53,43051889.72,-3759321.1899999976
通用电源管理,2025-12,ma3,37726290.02,43051889.72,-5325599.6999999955
通用电源管理,2025-12,ma6,36691696.82666667,43051889.72,-6360192.893333331
通用电源管理,2025-12,ma12,35573221.69333333,43051889.72,-7478668.026666671
通用电源管理,2025-12,snaive,37840493.54,43051889.72,-5211396.18
通用电源管理,2025-12,yoy_adj,37840493.54,43051889.72,-5211396.18
通用电源管理,2025-12,trend6,38776070.478666656,43051889.72,-4275819.241333343
通用电源管理,2025-12,trend12,37824243.83651515,43051889.72,-5227645.883484848
通用电源管理,2026-01,naive,43051889.72,57660111.48,-14608221.759999998
通用电源管理,2026-01,ma3,38549274.00666667,57660111.48,-19110837.47333333
通用电源管理,2026-01,ma6,38078048.29666667,57660111.48,-19582063.18333333
通用电源管理,2026-01,ma12,36007504.708333336,57660111.48,-21652606.77166666
通用电源管理,2026-01,snaive,34967584.85,57660111.48,-22692526.629999995
通用电源管理,2026-01,yoy_adj,34036164.71242716,57660111.48,-23623946.767572835
通用电源管理,2026-01,trend6,41971977.24666666,57660111.48,-15688134.233333334
通用电源管理,2026-01,trend12,40798069.631060615,57660111.48,-16862041.84893938
通用电源管理,2026-02,naive,57660111.48,35372182.93,22287928.549999997
通用电源管理,2026-02,ma3,46668189.91,35372182.93,11296006.979999997
通用电源管理,2026-02,ma6,41837591.81833333,35372182.93,6465408.888333328
通用电源管理,2026-02,ma12,37898548.594166666,35372182.93,2526365.6641666666
通用电源管理,2026-02,snaive,27382499.61,35372182.93,-7989683.32
通用电源管理,2026-02,yoy_adj,28945601.91050098,35372182.93,-6426581.019499019
通用电源管理,2026-02,trend6,53439913.797333285,35372182.93,18067730.867333286
通用电源管理,2026-02,trend12,47795016.16075758,35372182.93,12422833.23075758
通用电源管理,2026-03,naive,35372182.93,39166348.46,-3794165.530000001
通用电源管理,2026-03,ma3,45361394.71,39166348.46,6195046.25
通用电源管理,2026-03,ma6,41543842.365,39166348.46,2377493.905000001
通用电源管理,2026-03,ma12,38564355.5375,39166348.46,-601992.9224999994
通用电源管理,2026-03,snaive,34894076.39,39166348.46,-4272272.07
通用电源管理,2026-03,yoy_adj,36799397.426103845,39166348.46,-2366951.0338961557
通用电源管理,2026-03,trend6,46621421.382,39166348.46,7455072.921999998
通用电源管理,2026-03,trend12,44722217.21545455,39166348.46,5555868.755454548
通用电源管理,2026-04,naive,39166348.46,53186980.53,-14020632.07
通用电源管理,2026-04,ma3,44066214.29,53186980.53,-9120766.240000002
通用电源管理,2026-04,ma6,41307744.14833333,53186980.53,-11879236.381666668
通用电源管理,2026-04,ma12,38920378.21,53186980.53,-14266602.32
通用电源管理,2026-04,snaive,36977225.6,53186980.53,-16209754.93
通用电源管理,2026-04,yoy_adj,39836103.311673395,53186980.53,-13350877.218326606
通用电源管理,2026-04,trend6,44523942.98933332,53186980.53,-8663037.540666685
通用电源管理,2026-04,trend12,44144337.46136365,53186980.53,-9042643.06863635
通用电源管理,2026-05,naive,53186980.53,38636319.05,14550661.480000004
通用电源管理,2026-05,ma3,42575170.64,38636319.05,3938851.5900000036
通用电源管理,2026-05,ma6,44621680.275,38636319.05,5985361.2250000015
通用电源管理,2026-05,ma12,40271191.12083333,38636319.05,1634872.0708333328
通用电源管理,2026-05,snaive,34666599.37,38636319.05,-3969719.6799999997
通用电源管理,2026-05,yoy_adj,38949950.394115,38636319.05,313631.34411500394
通用电源管理,2026-05,trend6,48174431.042,38636319.05,9538111.992000006
通用电源管理,2026-05,trend12,48487687.68106061,38636319.05,9851368.631060615
通用电源管理,2026-06,naive,38636319.05,43817703.02,-5181383.970000006
通用电源管理,2026-06,ma3,43663216.013333336,43817703.02,-154487.00666666776
通用电源管理,2026-06,ma6,44512305.36166667,43817703.02,694602.3416666687
通用电源管理,2026-06,ma12,40602001.09416666,43817703.02,-3215701.9258333445
通用电源管理,2026-06,snaive,34733780.9,43817703.02,-9083922.120000005
通用电源管理,2026-06,yoy_adj,39470546.31962525,43817703.02,-4347156.700374752
通用电源管理,2026-06,trend6,41341997.29466664,43817703.02,-2475705.725333363
通用电源管理,2026-06,trend12,46753877.52848485,43817703.02,2936174.508484848
通用电源管理,2026-07,naive,43817703.02,48764981.56,-4947278.539999999
通用电源管理,2026-07,ma3,45213667.53333333,48764981.56,-3551314.026666671
通用电源管理,2026-07,ma6,44639940.91166667,48764981.56,-4125040.6483333334
通用电源管理,2026-07,ma12,41358994.604166664,48764981.56,-7405986.955833338
通用电源管理,2026-07,snaive,35102850.35,48764981.56,-13662131.21
通用电源管理,2026-07,yoy_adj,40456504.03329657,48764981.56,-8308477.526703432
通用电源管理,2026-07,trend6,40100040.724666655,48764981.56,-8664940.835333347
通用电源管理,2026-07,trend12,46581004.18984848,48764981.56,-2183977.37015152
通用电源管理,2026-08,naive,48764981.56,41371148.49,7393833.07
通用电源管理,2026-08,ma3,43739667.876666665,41371148.49,2368519.386666663
通用电源管理,2026-08,ma6,43157419.25833333,41371148.49,1786270.7683333308
通用电源管理,2026-08,ma12,42497505.53833333,41371148.49,1126357.0483333245
通用电源管理,2026-08,snaive,37134679.65,41371148.49,-4236468.840000004
通用电源管理,2026-08,yoy_adj,44215290.03448953,41371148.49,2844141.5444895253
通用电源管理,2026-08,trend6,49794158.79333332,41371148.49,8423010.30333332
通用电源管理,2026-08,trend12,47722605.60606061,41371148.49,6351457.116060607
音频功放,2025-01,naive,224792.4,79109.33,145683.07
音频功放,2025-01,ma3,183802.68666666668,79109.33,104693.35666666667
音频功放,2025-01,ma6,116063.80166666668,79109.33,36954.47166666668
音频功放,2025-01,ma12,91550.59749999999,79109.33,12441.267499999987
音频功放,2025-01,snaive,10460.16,79109.33,-68649.17
音频功放,2025-01,yoy_adj,10460.16,79109.33,-68649.17
音频功放,2025-01,trend6,259400.33666666658,79109.33,180291.0066666666
音频功放,2025-01,trend12,198172.7686363637,79109.33,119063.4386363637
音频功放,2025-02,naive,79109.33,56942.99,22166.340000000004
音频功放,2025-02,ma3,154935.90666666668,56942.99,97992.91666666669
音频功放,2025-02,ma6,124865.27166666667,56942.99,67922.28166666668
音频功放,2025-02,ma12,97271.36166666668,56942.99,40328.37166666668
音频功放,2025-02,snaive,11381.009999999998,56942.99,-45561.979999999996
音频功放,2025-02,yoy_adj,11381.009999999998,56942.99,-45561.979999999996
音频功放,2025-02,trend6,186890.2666666666,56942.99,129947.27666666661
音频功放,2025-02,trend12,176824.6775757576,56942.99,119881.68757575762
音频功放,2025-03,naive,56942.99,184965.77,-128022.78
音频功放,2025-03,ma3,120281.57333333332,184965.77,-64684.19666666667
音频功放,2025-03,ma6,126951.81166666666,184965.77,-58013.95833333333
音频功放,2025-03,ma12,101068.19333333334,184965.77,-83897.57666666665
音频功放,2025-03,snaive,16162.79,184965.77,-168802.97999999998
音频功放,2025-03,yoy_adj,16162.79,184965.77,-168802.97999999998
音频功放,2025-03,trend6,98706.60066666667,184965.77,-86259.16933333332
音频功放,2025-03,trend12,145162.72151515156,184965.77,-39803.048484848434
音频功放,2025-04,naive,184965.77,228718.38,-43752.610000000015
音频功放,2025-04,ma3,107006.02999999998,228718.38,-121712.35000000002
音频功放,2025-04,ma6,145404.35833333334,228718.38,-83314.02166666667
音频功放,2025-04,ma12,115135.10833333334,228718.38,-113583.27166666667
音频功放,2025-04,snaive,35824.26,228718.38,-192894.12
音频功放,2025-04,yoy_adj,35824.26,228718.38,-192894.12
音频功放,2025-04,trend6,109275.20133333323,228718.38,-119443.17866666678
音频功放,2025-04,trend12,155118.34333333338,228718.38,-73600.03666666662
音频功放,2025-05,naive,228718.38,123123.39,105594.99
音频功放,2025-05,ma3,156875.71333333335,123123.39,33752.32333333335
音频功放,2025-05,ma6,155905.81,123123.39,32782.42
音频功放,2025-05,ma12,131209.61833333332,123123.39,8086.228333333318
音频功放,2025-05,snaive,41069.43,123123.39,-82053.95999999999
音频功放,2025-05,yoy_adj,41069.43,123123.39,-82053.95999999999
音频功放,2025-05,trend6,175647.38199999993,123123.39,52523.991999999926
音频功放,2025-05,trend12,176155.9206060606,123123.39,53032.530606060594
音频功放,2025-06,naive,123123.39,244095.12,-120971.73
音频功放,2025-06,ma3,178935.84666666668,244095.12,-65159.273333333316
音频功放,2025-06,ma6,149608.71,244095.12,-94486.41
音频功放,2025-06,ma12,138047.44833333333,244095.12,-106047.67166666666
音频功放,2025-06,snaive,287326.71,244095.12,43231.590000000026
音频功放,2025-06,yoy_adj,287326.71,244095.12,43231.590000000026
音频功放,2025-06,trend6,156459.19799999997,244095.12,-87635.92200000002
音频功放,2025-06,trend12,154339.86515151514,244095.12,-89755.25484848485
音频功放,2025-07,naive,244095.12,242885.81,1209.3099999999977
音频功放,2025-07,ma3,198645.63,242885.81,-44240.17999999999
音频功放,2025-07,ma6,152825.83,242885.81,-90059.98000000001
音频功放,2025-07,ma12,134444.81583333333,242885.81,-108440.99416666667
音频功放,2025-07,snaive,26300.51,242885.81,-216585.3
音频功放,2025-07,yoy_adj,26300.51,242885.81,-216585.3
音频功放,2025-07,trend6,259548.1059999999,242885.81,16662.295999999915
音频功放,2025-07,trend12,221354.38696969696,242885.81,-21531.423030303034
音频功放,2025-08,naive,242885.81,297367.26,-54481.45000000001
音频功放,2025-08,ma3,203368.1066666667,297367.26,-93999.15333333332
音频功放,2025-08,ma6,180121.91,297367.26,-117245.35
音频功放,2025-08,ma12,152493.59083333332,297367.26,-144873.6691666667
音频功放,2025-08,snaive,44423.75,297367.26,-252943.51
音频功放,2025-08,yoy_adj,44423.75,297367.26,-252943.51
音频功放,2025-08,trend6,280272.62599999993,297367.26,-17094.63400000008
音频功放,2025-08,trend12,234561.68378787878,297367.26,-62805.57621212123
音频功放,2025-09,naive,297367.26,327479.84,-30112.580000000016
音频功放,2025-09,ma3,261449.39666666664,327479.84,-66030.44333333339
音频功放,2025-09,ma6,220192.62166666667,327479.84,-107287.21833333335
音频功放,2025-09,ma12,173572.21666666665,327479.84,-153907.62333333338
音频功放,2025-09,snaive,74250.49,327479.84,-253229.35000000003
音频功放,2025-09,yoy_adj,74250.49,327479.84,-253229.35000000003
音频功放,2025-09,trend6,292740.7686666666,327479.84,-34739.07133333344
音频功放,2025-09,trend12,259929.00121212128,327479.84,-67550.83878787875
音频功放,2025-10,naive,327479.84,368022.13,-40542.28999999998
音频功放,2025-10,ma3,289244.3033333334,368022.13,-78777.8266666666
音频功放,2025-10,ma6,243944.96666666667,368022.13,-124077.16333333333
音频功放,2025-10,ma12,194674.6625,368022.13,-173347.4675
音频功放,2025-10,snaive,165709.67,368022.13,-202312.46
音频功放,2025-10,yoy_adj,165709.67,368022.13,-202312.46
音频功放,2025-10,trend6,345477.92666666664,368022.13,-22544.203333333367
音频功放,2025-10,trend12,290163.29727272724,368022.13,-77858.83272727276
音频功放,2025-11,naive,368022.13,404978.2,-36956.07000000001
音频功放,2025-11,ma3,330956.41000000003,404978.2,-74021.78999999998
音频功放,2025-11,ma6,267162.25833333336,404978.2,-137815.94166666665
音频功放,2025-11,ma12,211534.03416666668,404978.2,-193444.16583333333
音频功放,2025-11,snaive,160905.99,404978.2,-244072.21000000002
音频功放,2025-11,yoy_adj,160905.99,404978.2,-244072.21000000002
音频功放,2025-11,trend6,420075.1893333332,404978.2,15096.989333333215
音频功放,2025-11,trend12,341801.69712121214,404978.2,-63176.50287878787
音频功放,2025-12,naive,404978.2,658221.61,-253243.40999999997
音频功放,2025-12,ma3,366826.7233333333,658221.61,-291394.88666666666
音频功放,2025-12,ma6,314138.06,658221.61,-344083.55
音频功放,2025-12,ma12,231873.385,658221.61,-426348.225
音频功放,2025-12,snaive,224792.4,658221.61,-433429.20999999996
音频功放,2025-12,yoy_adj,224792.4,658221.61,-433429.20999999996
音频功放,2025-12,trend6,435131.75399999984,658221.61,-223089.85600000015
音频功放,2025-12,trend12,395543.80363636365,658221.61,-262677.80636363634
音频功放,2026-01,naive,658221.61,838743.58,-180521.96999999997
音频功放,2026-01,ma3,477073.98,838743.58,-361669.6
音频功放,2026-01,ma6,383159.14166666666,838743.58,-455584.4383333333
音频功放,2026-01,ma12,267992.48583333334,838743.58,-570751.0941666666
音频功放,2026-01,snaive,79109.33,838743.58,-759634.25
音频功放,2026-01,yoy_adj,231573.64974389703,838743.58,-607169.9302561029
音频功放,2026-01,trend6,627164.5526666663,838743.58,-211579.02733333362
音频功放,2026-01,trend12,536157.8515151516,838743.58,-302585.7284848484
音频功放,2026-02,naive,838743.58,631349.33,207394.25
音频功放,2026-02,ma3,633981.13,631349.33,2631.8000000000466
音频功放,2026-02,ma6,482468.77,631349.33,-148880.55999999994
音频功放,2026-02,ma12,331295.34,631349.33,-300053.98999999993
音频功放,2026-02,snaive,56942.99,631349.33,-574406.34
音频功放,2026-02,yoy_adj,193941.432600828,631349.33,-437407.89739917195
音频功放,2026-02,trend6,856075.0679999997,631349.33,224725.73799999978
音频功放,2026-02,trend12,686342.0922727273,631349.33,54992.76227272733
音频功放,2026-03,naive,631349.33,573420.12,57929.20999999996
音频功放,2026-03,ma3,709438.1733333333,573420.12,136018.05333333334
音频功放,2026-03,ma6,538132.4483333334,573420.12,-35287.67166666663
音频功放,2026-03,ma12,379162.535,573420.12,-194257.58500000002
音频功放,2026-03,snaive,184965.77,573420.12,-388454.35
音频功放,2026-03,yoy_adj,693908.6168298672,573420.12,120488.49682986725
音频功放,2026-03,trend6,856607.9693333332,573420.12,283187.8493333332
音频功放,2026-03,trend12,728164.1359090907,573420.12,154744.01590909075
音频功放,2026-04,naive,573420.12,747422.33,-174002.20999999996
音频功放,2026-04,ma3,681171.0099999999,747422.33,-66251.32000000007
音频功放,2026-04,ma6,579122.495,747422.33,-168299.83499999996
音频功放,2026-04,ma12,411533.7308333333,747422.33,-335888.5991666667
音频功放,2026-04,snaive,228718.38,747422.33,-518703.94999999995
音频功放,2026-04,yoy_adj,817520.6467782977,747422.33,70098.31677829777
音频功放,2026-04,trend6,767785.0259999995,747422.33,20362.69599999953
音频功放,2026-04,trend12,751723.4110606061,747422.33,4301.081060606171
音频功放,2026-05,naive,747422.33,582203.27,165219.05999999994
音频功放,2026-05,ma3,650730.5933333333,582203.27,68527.32333333325
音频功放,2026-05,ma6,642355.8616666667,582203.27,60152.591666666674
音频功放,2026-05,ma12,454759.06000000006,582203.27,-127444.20999999996
音频功放,2026-05,snaive,123123.39,582203.27,-459079.88
音频功放,2026-05,yoy_adj,426733.0231703675,582203.27,-155470.2468296325
音频功放,2026-05,trend6,767398.0546666663,582203.27,185194.7846666663
音频功放,2026-05,trend12,824907.2636363639,582203.27,242703.99363636388
音频功放,2026-06,naive,582203.27,344909.11,237294.16000000003
音频功放,2026-06,ma3,634348.5733333334,344909.11,289439.4633333334
音频功放,2026-06,ma6,671893.3733333334,344909.11,326984.2633333334
音频功放,2026-06,ma12,493015.7166666666,344909.11,148106.60666666663
音频功放,2026-06,snaive,244095.12,344909.11,-100813.98999999999
音频功放,2026-06,yoy_adj,871749.0397291008,344909.11,526839.9297291008
音频功放,2026-06,trend6,600694.9073333335,344909.11,255785.79733333352
音频功放,2026-06,trend12,797041.7066666668,344909.11,452132.5966666668
音频功放,2026-07,naive,344909.11,457557.83,-112648.72000000003
音频功放,2026-07,ma3,558178.2366666667,457557.83,100620.40666666668
音频功放,2026-07,ma6,619674.6233333333,457557.83,162116.79333333328
音频功放,2026-07,ma12,501416.88250000007,457557.83,43859.05250000005
音频功放,2026-07,snaive,242885.81,457557.83,-214672.02000000002
音频功放,2026-07,yoy_adj,905851.556259801,457557.83,448293.726259801
音频功放,2026-07,trend6,375413.7913333335,457557.83,-82144.03866666654
音频功放,2026-07,trend12,694871.499090909,457557.83,237313.669090909
音频功放,2026-08,naive,457557.83,529425.55,-71867.72000000003
音频功放,2026-08,ma3,461556.73666666663,529425.55,-67868.81333333341
音频功放,2026-08,ma6,556143.6649999999,529425.55,26718.114999999874
音频功放,2026-08,ma12,519306.2175,529425.55,-10119.332500000019
音频功放,2026-08,snaive,297367.26,529425.55,-232058.29000000004
音频功放,2026-08,yoy_adj,1012663.3267342775,529425.55,483237.7767342775
音频功放,2026-08,trend6,384172.7059999999,529425.55,-145252.84400000016
音频功放,2026-08,trend12,625411.8904545454,529425.55,95986.34045454534
