月,产品线,SKU,实际,direct,alloc
2025-01,POE电源管理,TMI7301,35840.68,224843.84,198414.16288510518
2025-01,POE电源管理,TMI7302A,67513.16,87786.065,87062.31518963823
2025-01,POE电源管理,TMI7302D,382074.96,64426.198333333334,65898.7525551088
2025-01,POE电源管理,TMI7321,66106.18000000001,90848.50166666666,101614.50909586309
2025-01,POE电源管理,TMI7604R,41017.7,164367.76833333334,145890.46723790327
2025-01,POE电源管理,TMI7608,89522.13,100801.90833333334,63816.688211675995
2025-01,POE电源管理,TMI7608R,39447.79,90265.625,37501.26801490473
2025-01,POE电源管理,TMI7608RG,0.0,92132.73666666665,104836.44878800758
2025-01,充电与控制电源管理,IM2405,160608.72999999998,111589.35666666667,128656.65801115191
2025-01,充电与控制电源管理,IM2406,174136.68,162227.065,161330.48981397084
2025-01,充电与控制电源管理,IM2603,78106.16,222532.25,174316.87062148374
2025-01,充电与控制电源管理,IM2605,146017.65,151442.95833333334,114980.7601838994
2025-01,充电与控制电源管理,IM5200,104867.22,116784.26833333333,116788.71721814743
2025-01,充电与控制电源管理,TMI2242D,38230.08,50228.965000000004,52610.63673153012
2025-01,充电与控制电源管理,TMI2282L,18530.940000000002,61320.443333333336,50940.92319310702
2025-01,充电与控制电源管理,TMI2283QE,117779.84000000001,217275.14833333335,240465.5991812735
2025-01,充电与控制电源管理,TMI2284Q,53223.35,291157.87499999994,277492.62351893703
2025-01,充电与控制电源管理,TMI2286D,27345.1,69090.93333333333,45460.86539029638
2025-01,充电与控制电源管理,TMI2605S,186106.13999999998,148588.45666666664,153843.39465745984
2025-01,充电与控制电源管理,TMI3351,36504.4,141344.4783333333,83535.84047301166
2025-01,充电与控制电源管理,TMI3352A,61495.51,107331.33333333333,102626.96402535844
2025-01,充电与控制电源管理,TMI5700,26238.93,165981.405,124186.69234388192
2025-01,新显示MLED驱动,TMI9405,344803.56,302693.49333333335,276275.5892785049
2025-01,有刷直流电机驱动,TMI1042,0.0,450922.12166666676,265022.57739387965
2025-01,有刷直流电机驱动,TMI8110,29622.989999999998,86749.01000000001,85769.08628920229
2025-01,有刷直流电机驱动,TMI8113,157353.01,154918.14666666667,123995.92349856606
2025-01,有刷直流电机驱动,TMI8118,81447.40000000001,157862.31833333333,121836.21155146968
2025-01,有刷直流电机驱动,TMI8118S,60397.65,54494.52166666667,49208.52980928686
2025-01,有刷直流电机驱动,TMI8122,15221.230000000001,93666.17833333333,75738.90250269035
2025-01,有刷直流电机驱动,TMI8140,432458.32,341633.36999999994,428332.78186713747
2025-01,有刷直流电机驱动,TMI8180A,2228307.2,1710789.0899999999,1669336.0517755293
2025-01,有刷直流电机驱动,TMI8180G,2553918.39,967185.1433333334,1093696.5221660784
2025-01,有刷直流电机驱动,TMI8230,75626.18,43834.03166666667,33955.83012791932
2025-01,有刷直流电机驱动,TMI8260DP,97420.31,132325.74166666667,79037.45609379576
2025-01,有刷直流电机驱动,TMI8260SP,358698.88,388178.2266666666,300007.72188028507
2025-01,有刷直流电机驱动,TMI8261,63584.03999999999,173254.65666666665,156959.061428579
2025-01,有刷直流电机驱动,TMI8340,139911.42,137588.53166666668,111393.86851225283
2025-01,有刷直流电机驱动,TMI8360SP,85672.55,82429.68166666667,78075.25018995628
2025-01,有刷直流电机驱动,TMI8460SP,64247.76,78675.99666666667,59325.7684425744
2025-01,有刷直流电机驱动,TMI8723,192630.04,96674.45833333333,73283.82786667158
2025-01,有刷直流电机驱动,TMI8837,453061.29,378257.12166666664,320191.4989644612
2025-01,有刷直流电机驱动,TMI8870,1950749.03,1625325.57,1534675.631019977
2025-01,有刷直流电机驱动,TMI8876,0.0,36997.528333333335,33540.4333438499
2025-01,有刷直流电机驱动,TMI8876R,8353.97,264125.0833333333,24872.9027924982
2025-01,有刷直流电机驱动,TMI8913,6194.7,86004.01166666666,99667.29826383403
2025-01,有刷直流电机驱动,TMI8920,231941.63,138795.465,114571.15531952302
2025-01,有刷直流电机驱动,TMI8940D,345132.47000000003,137760.87,161550.644784351
2025-01,步进电机驱动,TMI8150B,417830.89,487862.1533333333,522356.01196855895
2025-01,步进电机驱动,TMI8152,542389.32,570068.56,491226.7308083091
2025-01,步进电机驱动,TMI8160,228433.5,103757.60166666668,139373.686050421
2025-01,步进电机驱动,TMI8262,73274.32,97818.57833333332,92057.62919241928
2025-01,步进电机驱动,TMI8263,0.0,59269.89833333332,0.0
2025-01,步进电机驱动,TMI8420,42097.340000000004,33882.98333333333,26924.039586088573
2025-01,步进电机驱动,TMI8421,143362.8,89562.93333333333,54106.351322900024
2025-01,电机驱动,SG501210(划片后),276489.22,266782.1816666667,243963.16784866367
2025-01,硬件锂电保护,JL1001,0.0,116897.395,104900.69929372493
2025-01,硬件锂电保护,SIT8036,55221.12,93463.54499999998,110803.25195868291
2025-01,硬件锂电保护,SIT8252B,197521.91999999998,337888.04333333333,254014.03374690312
2025-01,硬件锂电保护,SIT8252C,242614.78,227474.13999999998,202908.463062974
2025-01,车规电机驱动,TMI8116-Q1,123360.0,71188.965,83316.41012966259
2025-01,车规电机驱动,TMI8122-Q1,188766.86,95612.28333333334,74298.52279701592
2025-01,车规电机驱动,TMI8140-Q1,16283.189999999999,208013.25666666662,202372.32345634664
2025-01,车规电机驱动,TMI8460-Q1,0.0,262299.815,189051.52749251368
2025-01,车规电机驱动,TMI8720-Q1,358530.82,527955.55,488660.8382214481
2025-01,车规电机驱动,TMI8722-Q1,328141.44,132566.36833333335,164790.45532982142
2025-01,通用电源管理,STI34061,200308.9,210155.25499999998,212591.96287753494
2025-01,通用电源管理,STI3408B,215041.95,242169.0133333333,175247.0736303965
2025-01,通用电源管理,STI3411A,146818.79,211757.2316666667,170662.00640239674
2025-01,通用电源管理,STI3452,26380.97,61842.73333333334,102197.15541098257
2025-01,通用电源管理,STI3452HF,0.0,79345.41833333333,26945.273534833945
2025-01,通用电源管理,STI3452HF2,0.0,36249.505,0.0
2025-01,通用电源管理,STI3452HFI,2192851.42,1071136.3499999999,1102761.4659756587
2025-01,通用电源管理,STI3452I,119930.51,109327.73333333332,61377.54040506754
2025-01,通用电源管理,STI3453,2182631.61,1590700.6283333332,1592589.7270814462
2025-01,通用电源管理,STI3453F,77662.37,286543.37499999994,306067.91284147295
2025-01,通用电源管理,STI3453FI,272858.39,162739.905,174329.67329155846
2025-01,通用电源管理,STI3454I,309450.72000000003,71011.62166666667,68594.96895513417
2025-01,通用电源管理,STI3470,674886.87,914494.4116666667,877368.8000836386
2025-01,通用电源管理,STI3470D,531642.6599999999,484172.4883333333,315091.09915386484
2025-01,通用电源管理,STI3470I,62667.98,98497.39666666667,82421.19827547029
2025-01,通用电源管理,STI3472,248619.38999999998,290489.2083333334,282731.8477292334
2025-01,通用电源管理,STI3508,297554.14,351202.90666666673,439657.8124117578
2025-01,通用电源管理,STI3508C,403772.96,277827.5533333333,310761.31341644574
2025-01,通用电源管理,STI3508CB,104150.15,133231.19166666668,148641.87730764403
2025-01,通用电源管理,STI8035,99463.14,79797.37833333333,75366.55327315253
2025-01,通用电源管理,STI8036,668172.78,1099931.2016666667,1025229.0785231964
2025-01,通用电源管理,STI8036B,861277.02,1129244.5566666664,688749.6300827349
2025-01,通用电源管理,STI8036C,66583.98,79796.39166666666,78352.35485348034
2025-01,通用电源管理,STI9287,83840.47,85729.97166666666,87902.03676053123
2025-01,通用电源管理,STI9287B,65216.63,82468.80833333333,89036.64168508697
2025-01,通用电源管理,STI9287C,140394.45,461583.0366666666,435916.84966794547
2025-01,通用电源管理,STI9287CA,135737.78,106212.22000000002,70301.75787181004
2025-01,通用电源管理,STI9712,22088.47,76059.30500000001,71924.59678838484
2025-01,通用电源管理,TM108J,58140.899999999994,56835.08666666667,68129.93883646408
2025-01,通用电源管理,TMI1304M,110047.20999999999,127095.77500000001,100567.30769981851
2025-01,通用电源管理,TMI3101,42212.24,107424.93666666666,73420.20161880984
2025-01,通用电源管理,TMI3101C,127831.05,110979.55833333335,106882.39364033806
2025-01,通用电源管理,TMI3101D,19735.19,72570.40000000001,99764.91899073144
2025-01,通用电源管理,TMI3108,464124.43,479071.26666666666,440651.62578527164
2025-01,通用电源管理,TMI3108K,88990.32,134679.30166666667,138170.46276477602
2025-01,通用电源管理,TMI3112H,249319.57,232418.82166666666,305533.55949051306
2025-01,通用电源管理,TMI3113,177640.49,256915.8383333333,198355.0791121313
2025-01,通用电源管理,TMI3113B,302376.24,466883.7833333334,510560.03247743566
2025-01,通用电源管理,TMI3113D,76711.7,196100.795,172006.016481983
2025-01,通用电源管理,TMI3113H2,25256.61,68390.82999999999,27493.838893684908
2025-01,通用电源管理,TMI3113H2D,90512.09,138370.99166666664,129243.73729664096
2025-01,通用电源管理,TMI3117,0.0,72154.75,32328.51706648109
2025-01,通用电源管理,TMI31601F,161275.04,651757.0183333334,403098.5756628633
2025-01,通用电源管理,TMI31602H,147370.23,164205.625,176952.1840655202
2025-01,通用电源管理,TMI3181A,42610.53,101733.19499999999,82130.85985069585
2025-01,通用电源管理,TMI3214H,278866.88,402991.3616666666,43184.981109967084
2025-01,通用电源管理,TMI3224,4513.26,46691.475000000006,45774.27544688099
2025-01,通用电源管理,TMI3227T,0.0,101824.68833333334,83496.34671740081
2025-01,通用电源管理,TMI3244T,903441.2,973145.2116666666,914061.1099606848
2025-01,通用电源管理,TMI3244TF,71278.53,17940.18,16367.884592039043
2025-01,通用电源管理,TMI3252,337572.34,388656.0466666667,377934.84828001214
2025-01,通用电源管理,TMI3252S,1396182.08,1311849.9350000003,1121843.238136582
2025-01,通用电源管理,TMI3252S2,181792.42,170695.9,190015.33614045713
2025-01,通用电源管理,TMI3252SHF,105195.39,150255.11833333335,194834.83993273485
2025-01,通用电源管理,TMI3252T,683280.44,696826.4999999999,505556.9779785914
2025-01,通用电源管理,TMI3252TF,71797.12000000001,226435.75,90187.11441690284
2025-01,通用电源管理,TMI3253,236075.5,296432.8266666667,290308.578261746
2025-01,通用电源管理,TMI3253S,2666577.26,2279137.8716666666,2031545.6684988432
2025-01,通用电源管理,TMI3253SH,104483.94,139590.27833333335,119581.8433893006
2025-01,通用电源管理,TMI3253SHF,232761.63,242048.9633333333,265247.2544551335
2025-01,通用电源管理,TMI3253T,977322.25,1145076.7966666666,856554.1415341848
2025-01,通用电源管理,TMI3253TF,246551.03,475485.26999999996,290740.09059436363
2025-01,通用电源管理,TMI3253TH,164112.63999999998,358737.555,370093.0764375465
2025-01,通用电源管理,TMI3255,240507.26,264989.5583333333,269229.1603094721
2025-01,通用电源管理,TMI3255B,383429.27,372142.5966666667,351296.3026674248
2025-01,通用电源管理,TMI3255S,198018.52000000002,306711.825,309941.64088380843
2025-01,通用电源管理,TMI3255SF,151130.09,74220.28666666667,59766.95958832225
2025-01,通用电源管理,TMI3256,207565.03,255229.21999999997,190410.02880922012
2025-01,通用电源管理,TMI32560,4274.34,151346.71666666665,254057.63450573466
2025-01,通用电源管理,TMI3257I,1053960.0,809037.855,757710.3848843802
2025-01,通用电源管理,TMI3258,166545.66,322939.88,242829.4580853151
2025-01,通用电源管理,TMI3259,3628.32,346369.0983333333,335903.2983066044
2025-01,通用电源管理,TMI3273T,77907.25,117228.63666666666,94111.77368131609
2025-01,通用电源管理,TMI3281,140617.4,261991.97166666668,305128.2936840964
2025-01,通用电源管理,TMI3286B,60707.2,78975.54166666667,79063.87873692153
2025-01,通用电源管理,TMI3331,364097.79000000004,309405.8133333333,347079.82091539766
2025-01,通用电源管理,TMI3341,5946.88,79948.36333333333,80557.9897835714
2025-01,通用电源管理,TMI3342,36304.7,104969.81333333331,96670.05175294638
2025-01,通用电源管理,TMI33431,0.0,117061.74166666665,30298.31586170549
2025-01,通用电源管理,TMI33431E,358990.77,382388.6466666667,409877.38587636664
2025-01,通用电源管理,TMI3343B,84429.45999999999,81588.56666666667,74670.48567736312
2025-01,通用电源管理,TMI3344,105053.05,116085.28500000002,114904.83555211188
2025-01,通用电源管理,TMI3359,147987.22999999998,120674.27500000001,127131.15764302449
2025-01,通用电源管理,TMI3408,262795.74,332195.5383333334,306936.59509124496
2025-01,通用电源管理,TMI3408C,374760.92000000004,378916.79833333334,376554.09954436804
2025-01,通用电源管理,TMI3408D,127751.92,55156.39666666666,71923.89040039571
2025-01,通用电源管理,TMI3408F,254211.3,428779.1766666667,378457.18331422127
2025-01,通用电源管理,TMI3410,493434.76999999996,682402.655,685530.629737266
2025-01,通用电源管理,TMI3411,611709.65,687409.4066666667,693062.8319039693
2025-01,通用电源管理,TMI3411P,27734.62,40634.84,17547.601138541966
2025-01,通用电源管理,TMI3421,318434.26,348979.9783333334,354035.944235105
2025-01,通用电源管理,TMI3493,12597.34,38818.855,42023.37790685481
2025-01,通用电源管理,TMI3494,54960.14,102401.13333333335,114629.57429849963
2025-01,通用电源管理,TMI36030,62505.78,73123.59166666667,88517.99088548154
2025-01,通用电源管理,TMI5101,236504.88,229711.02333333335,252895.2471471482
2025-01,通用电源管理,TMI5102,117079.56,66234.47166666666,57852.434277232314
2025-01,通用电源管理,TMI5111,266445.81,158860.6,162806.61552911333
2025-01,通用电源管理,TMI5130A,27053.06,52057.47,44638.84100248479
2025-01,通用电源管理,TMI6030,77472.24,66764.395,74781.98480903976
2025-01,通用电源管理,TMI6030-12,31291.3,41854.22833333333,42669.08133514495
2025-01,通用电源管理,TMI6030-18,212980.52000000002,257635.77333333335,262206.4096969566
2025-01,通用电源管理,TMI6030-25,51286.3,62849.56833333333,63086.646144735234
2025-01,通用电源管理,TMI6030-28,220860.38,293564.79000000004,315400.0272478758
2025-01,通用电源管理,TMI6030-33,159065.51,119012.04666666668,118397.48347587841
2025-01,通用电源管理,TMI6050,1538801.13,954203.0416666666,969088.0959714305
2025-01,通用电源管理,TMI6050-18,324659.66,191250.45333333334,171203.1060826838
2025-01,通用电源管理,TMI6050-25,98805.56,78112.355,69507.41485711276
2025-01,通用电源管理,TMI6050-33,111173.88,107462.815,114251.54655371845
2025-01,通用电源管理,TMI6240,795272.77,667829.7883333334,639897.9008340942
2025-01,通用电源管理,TMI6260C,40970.93,154171.27333333335,112332.79911625321
2025-01,通用电源管理,TMI6261B,47231.87,97736.25166666669,76711.99881090022
2025-01,通用电源管理,TMI6262AL,164593.87,167943.57499999998,170350.91702036402
2025-01,通用电源管理,TMI6263AH,144309.86000000002,246789.77000000002,257922.37068261238
2025-01,通用电源管理,TMI6263BH,791365.8,813217.0016666668,738744.4052683703
2025-01,通用电源管理,TMI6263BH定制丝印,0.0,41979.55333333334,81616.10714627807
2025-01,通用电源管理,TMI6401,115419.76000000001,185875.56833333336,172958.44135189612
2025-01,通用电源管理,TMI6601A,56548.31,62085.11666666666,47692.49147319845
2025-01,通用电源管理,TMI6809-263,11555.07,64182.016666666685,75967.88387060337
2025-01,通用电源管理,TMI7003C,98548.53,195839.03,196108.68429894347
2025-01,通用电源管理,TMI7205B,0.0,147743.35833333334,92133.81926524012
2025-01,通用电源管理,TMI8037,246111.28,264162.51499999996,171288.08326164982
2025-02,POE电源管理,TMI7301,2389.3799999999997,196854.18499999994,184197.12762903166
2025-02,POE电源管理,TMI7302A,19115.04,88224.10166666667,76493.73261113859
2025-02,POE电源管理,TMI7302D,0.0,128105.35833333334,158481.27873450937
2025-02,POE电源管理,TMI7303C,28538.02,62996.43666666667,58532.74690234259
2025-02,POE电源管理,TMI7321,29203.54,96411.33333333333,92132.03425040361
2025-02,POE电源管理,TMI7604R,24283.190000000002,142103.0483333333,100539.57860795464
2025-02,POE电源管理,TMI7608,19256.64,115722.26333333335,64284.90522690815
2025-02,POE电源管理,TMI7608R,93796.72,75848.37000000001,37310.98427758392
2025-02,POE电源管理,TMI7608RG,127274.33,92132.73666666665,97645.03291010145
2025-02,POE电源管理,TMI7608S,383242.48,137002.91333333333,188670.40995656216
2025-02,充电与控制电源管理,IM2405,98210.09,132982.1133333333,156822.15551563472
2025-02,充电与控制电源管理,IM2406,58215.899999999994,144827.81166666668,153069.91222092608
2025-02,充电与控制电源管理,IM2603,164893.74,189083.14833333332,136208.56577002018
2025-02,充电与控制电源管理,IM2605,252345.06,146103.725,84974.68624234905
2025-02,充电与控制电源管理,IM5200,80577.41,118567.45666666667,108040.58059134154
2025-02,充电与控制电源管理,TMI2242D,58513.26,56379.40666666668,41859.24305685875
2025-02,充电与控制电源管理,TMI2282L,32938.65,58258.496666666666,26434.057370230905
2025-02,充电与控制电源管理,TMI2283QE,27448.41,217060.005,202771.88965275077
2025-02,充电与控制电源管理,TMI2284Q,78879.56,249773.21666666667,237982.92012824788
2025-02,充电与控制电源管理,TMI2286D,33079.63,46248.41999999999,43065.50986739275
2025-02,充电与控制电源管理,TMI2605S,224734.45,168042.72499999998,159047.78863460457
2025-02,充电与控制电源管理,TMI3351,72716.77,96251.56333333334,78552.323891607
2025-02,充电与控制电源管理,TMI3352A,86867.2,95870.14,115551.06342116863
2025-02,充电与控制电源管理,TMI5700,183533.21,106869.60333333333,112545.39964669193
2025-02,新显示MLED驱动,TMI9405,743183.99,360160.75333333336,322334.9376841927
2025-02,有刷直流电机驱动,TMI1042,0.0,353635.395,258000.15491584284
2025-02,有刷直流电机驱动,TMI8110,159384.03,82521.06,62416.568140370655
2025-02,有刷直流电机驱动,TMI8113,97174.52,142594.49333333332,122342.16774362564
2025-02,有刷直流电机驱动,TMI8118,133558.79,153071.00833333333,116966.1309930617
2025-02,有刷直流电机驱动,TMI8118S,41815.7,60336.775,47605.038974846546
2025-02,有刷直流电机驱动,TMI8122,258247.68,88356.44666666666,53160.22316852218
2025-02,有刷直流电机驱动,TMI8140,565914.03,395379.99333333335,452081.98081867694
2025-02,有刷直流电机驱动,TMI8180A,1896896.6199999999,1872986.5616666668,1736645.9468820351
2025-02,有刷直流电机驱动,TMI8180G,1529375.81,1326174.5616666668,1543084.5320729916
2025-02,有刷直流电机驱动,TMI8230,63199.44,46969.385,46154.21610082373
2025-02,有刷直流电机驱动,TMI8260DP,44336.26,119990.34000000001,87416.7520850133
2025-02,有刷直流电机驱动,TMI8260SP,104867.21,361852.395,275779.52184447844
2025-02,有刷直流电机驱动,TMI8261,200622.86,144471.93,100869.39859147082
2025-02,有刷直流电机驱动,TMI8340,118805.16,150464.63,136580.82563664365
2025-02,有刷直流电机驱动,TMI8360SP,15663.7,83920.83666666666,79548.73201060045
2025-02,有刷直流电机驱动,TMI8460SP,32654.86,83540.53666666667,52457.0054932138
2025-02,有刷直流电机驱动,TMI8723,159141.54,109058.23,97958.22512354085
2025-02,有刷直流电机驱动,TMI8837,261377.63,391630.3066666667,349024.11678295315
2025-02,有刷直流电机驱动,TMI8870,1519185.66,1767005.9549999998,1482455.3228397644
2025-02,有刷直流电机驱动,TMI8876,119515.06000000001,22748.706666666665,12593.532890409546
2025-02,有刷直流电机驱动,TMI8876R,212.39,177794.42666666664,20859.247348657183
2025-02,有刷直流电机驱动,TMI8913,166349.0,81853.57166666667,68959.08613307457
2025-02,有刷直流电机驱动,TMI8920,30501.739999999998,155545.33666666667,145342.16676772627
2025-02,有刷直流电机驱动,TMI8940D,313274.07,187731.33166666667,232581.83856778822
2025-02,步进电机驱动,TMI8150B,282755.87,514098.405,538798.9774917862
2025-02,步进电机驱动,TMI8152,175192.55000000002,606104.1816666666,483105.5063781888
2025-02,步进电机驱动,TMI8160,-199440.47,141829.85166666668,179382.83454804178
2025-02,步进电机驱动,TMI8262,0.0,90537.60166666668,92877.41476042887
2025-02,步进电机驱动,TMI8263,0.0,45464.59166666667,0.0
2025-02,步进电机驱动,TMI8420,54477.86,32297.438333333335,30913.88070062392
2025-02,步进电机驱动,TMI8421,159697.32,103353.48833333333,83847.95975212606
2025-02,电机驱动,SG501210(划片后),282875.61,312863.7183333333,284604.29100900615
2025-02,硬件锂电保护,JL1001,55221.12,106313.34666666666,84115.09460101067
2025-02,硬件锂电保护,SIT8036,55246.15,89036.88333333332,105988.30353300764
2025-02,硬件锂电保护,SIT8252B,266336.01999999996,314985.42999999993,275461.32925684133
2025-02,硬件锂电保护,SIT8252C,134044.13999999998,234025.01833333334,239968.95511853832
2025-02,车规电机驱动,TMI8116-Q1,69286.36,90687.01833333333,124477.29179554974
2025-02,车规电机驱动,TMI8122-Q1,101716.79000000001,109874.29833333334,106405.995018308
2025-02,车规电机驱动,TMI8140-Q1,103628.29999999999,201381.99,152587.28835134165
2025-02,车规电机驱动,TMI8460-Q1,8482.3,232613.53166666665,67094.85813753195
2025-02,车规电机驱动,TMI8720-Q1,196353.9,511413.63499999995,479702.49937035237
2025-02,车规电机驱动,TMI8722-Q1,391946.72,187256.60833333337,298225.8899368809
2025-02,通用电源管理,STI34061,76380.03,214938.3733333333,225849.84084283936
2025-02,通用电源管理,STI3408B,156529.4,216697.55500000002,200837.47558977426
2025-02,通用电源管理,STI3411A,87689.98,202102.33500000005,155348.98102460097
2025-02,通用电源管理,STI3452,91346.37,66239.56166666666,81092.80357233947
2025-02,通用电源管理,STI3452HF,1150.44,35360.659999999996,22584.160750254887
2025-02,通用电源管理,STI3452HF2,0.0,14220.581666666665,0.0
2025-02,通用电源管理,STI3452HFI,787257.0,1284907.4016666666,1487480.935350944
2025-02,通用电源管理,STI3452I,97494.63,122369.25166666666,70234.3404753828
2025-02,通用电源管理,STI3453,1582214.45,1718313.6066666665,1644391.7083815318
2025-02,通用电源管理,STI3453F,108955.3,274123.25333333336,206538.95859379493
2025-02,通用电源管理,STI3453FI,76462.24,184517.75833333333,233633.3711944228
2025-02,通用电源管理,STI3454I,316315.19,113496.36666666665,146894.14986067114
2025-02,通用电源管理,STI3470,271244.13,884048.2366666667,787916.2638274952
2025-02,通用电源管理,STI3470D,588227.31,479418.5883333334,328529.0288321178
2025-02,通用电源管理,STI3470I,93902.38,95849.165,40163.90673256973
2025-02,通用电源管理,STI3472,155406.97999999998,286449.8233333333,248293.32745461696
2025-02,通用电源管理,STI3508,219848.98,376488.53,342162.5354504535
2025-02,通用电源管理,STI3508C,240580.80000000002,324782.48500000004,319881.61907408683
2025-02,通用电源管理,STI3508CB,208229.62,135666.38333333333,148717.8283624616
2025-02,通用电源管理,STI8035,59365.9,81836.50833333333,94778.0425873301
2025-02,通用电源管理,STI8036,548498.07,1077215.0683333334,965694.600324482
2025-02,通用电源管理,STI8036B,871884.27,974978.8549999999,721924.413211521
2025-02,通用电源管理,STI8036C,125389.14,82367.17666666667,75556.96237495258
2025-02,通用电源管理,STI9287,17312.38,75395.255,86376.96710607866
2025-02,通用电源管理,STI9287B,49813.119999999995,76577.22,76356.24319740273
2025-02,通用电源管理,STI9287C,224191.8,409472.0816666667,381876.11288092687
2025-02,通用电源管理,STI9287CA,60424.71,119658.23666666668,90402.44918407667
2025-02,通用电源管理,STI9712,18307.92,68691.12,36553.47868176244
2025-02,通用电源管理,TM108J,10969.8,60145.65166666667,69788.41460837991
2025-02,通用电源管理,TMI1304M,97566.64,121641.59333333332,113698.83847734028
2025-02,通用电源管理,TMI3101,27557.489999999998,88442.78666666667,75874.7106826652
2025-02,通用电源管理,TMI3101C,90397.59,118353.37333333334,116414.06601680227
2025-02,通用电源管理,TMI3101D,12026.5,71621.69000000002,79979.77322006549
2025-02,通用电源管理,TMI3108,190934.9,484416.43,485364.16282820253
2025-02,通用电源管理,TMI3108K,57445.630000000005,131865.15,127238.04722187668
2025-02,通用电源管理,TMI3112H,231615.66,251420.83,304461.0602104001
2025-02,通用电源管理,TMI3113,120910.40999999999,241732.11000000002,184760.42254389977
2025-02,通用电源管理,TMI3113B,522313.5,462614.12666666665,437483.79369287856
2025-02,通用电源管理,TMI3113D,108685.47,176947.30999999997,109584.01318659243
2025-02,通用电源管理,TMI3113H2,57851.68,47822.505000000005,29432.120458341094
2025-02,通用电源管理,TMI3113H2D,117031.9,131529.32166666666,117039.88909464162
2025-02,通用电源管理,TMI3117,0.0,61092.82666666667,11318.316181610395
2025-02,通用电源管理,TMI31601F,196388.03,549276.915,269496.21792005305
2025-02,通用电源管理,TMI31602H,132740.96,164402.85666666666,189334.0749380422
2025-02,通用电源管理,TMI3181A,74654.75,78340.88,54952.47388575364
2025-02,通用电源管理,TMI3214H,127035.23000000001,296674.665,131319.55679819826
2025-02,通用电源管理,TMI3224,4964.59,47443.685000000005,2300.8776795329436
2025-02,通用电源管理,TMI3227T,37167.9,91479.62166666666,39952.34748517496
2025-02,通用电源管理,TMI3244T,566023.64,981295.5000000001,856628.5993403151
2025-02,通用电源管理,TMI3244TF,18284.16,20298.638333333332,32817.183122636474
2025-02,通用电源管理,TMI3252,327434.43,399661.68333333335,366429.41698535054
2025-02,通用电源管理,TMI3252S,895932.85,1303463.1850000003,1122954.4268362941
2025-02,通用电源管理,TMI3252S2,54013.020000000004,165508.05000000002,180138.0073634548
2025-02,通用电源管理,TMI3252SHF,176901.93,155435.01833333334,162171.60345637528
2025-02,通用电源管理,TMI3252T,552336.6799999999,665875.7616666666,592057.2221013543
2025-02,通用电源管理,TMI3252TF,27058.33,184667.3966666667,88677.77468751314
2025-02,通用电源管理,TMI3253,194545.77,286518.64499999996,256089.70487587966
2025-02,通用电源管理,TMI3253S,2227375.55,2285789.3416666663,2315527.5225492977
2025-02,通用电源管理,TMI3253SH,87613.13,138177.00166666668,111326.55313942874
2025-02,通用电源管理,TMI3253SHF,226420.39,255819.00166666662,198505.42337409494
2025-02,通用电源管理,TMI3253T,672624.74,1062080.6933333334,911181.1508293112
2025-02,通用电源管理,TMI3253TF,91061.99,428887.7383333333,284450.52884074126
2025-02,通用电源管理,TMI3253TH,88495.9,347800.00333333336,227860.36901232146
2025-02,通用电源管理,TMI3255,28870.04,289893.12333333335,263343.3955640629
2025-02,通用电源管理,TMI3255B,218535.5,394238.675,349720.0599738074
2025-02,通用电源管理,TMI3255S,258655.03,290315.74833333335,289987.10288188467
2025-02,通用电源管理,TMI3255SF,21373.09,92789.73333333334,92079.2657970631
2025-02,通用电源管理,TMI3256,271620.69,221996.92,220683.27324180194
2025-02,通用电源管理,TMI32560,0.0,151343.62166666667,176268.8727214917
2025-02,通用电源管理,TMI3257I,813100.5499999999,820910.6633333334,758728.4033794751
2025-02,通用电源管理,TMI3258,173529.53,281826.0966666666,194965.10298056778
2025-02,通用电源管理,TMI3259,5044.25,309476.54833333334,274779.116501743
2025-02,通用电源管理,TMI3273T,65465.57,112882.36499999999,87832.31833584866
2025-02,通用电源管理,TMI3281,284258.12,271242.39999999997,287304.0376245017
2025-02,通用电源管理,TMI3286B,51843.17,74665.69166666667,71552.67859918084
2025-02,通用电源管理,TMI3331,228898.74,335745.0683333333,317719.46553138347
2025-02,通用电源管理,TMI3341,115911.36,57815.27166666667,56321.95175864704
2025-02,通用电源管理,TMI3342,116533.56,94027.26833333333,79162.51223536329
2025-02,通用电源管理,TMI33431,26814.11,55557.42833333332,22687.392945329102
2025-02,通用电源管理,TMI33431E,459453.45,384607.6366666667,414269.74098879716
2025-02,通用电源管理,TMI3343B,52964.54,86875.49166666665,71904.16002363317
2025-02,通用电源管理,TMI3344,99876.04,127203.25166666669,102922.3328025787
2025-02,通用电源管理,TMI3359,160491.78,136728.19833333333,138444.2032596923
2025-02,通用电源管理,TMI3408,176419.54,315860.8766666667,304071.6780186275
2025-02,通用电源管理,TMI3408      CVT,0.0,22964.684999999998,19807.25962926703
2025-02,通用电源管理,TMI3408C,250923.68000000002,355865.50333333336,389887.9527391571
2025-02,通用电源管理,TMI3408D,27568.82,70304.39166666666,96425.64103837231
2025-02,通用电源管理,TMI3408F,218063.94,386709.2933333333,396302.87188524613
2025-02,通用电源管理,TMI3410,401194.25,654605.3566666667,585435.5868492178
2025-02,通用电源管理,TMI3411,405426.96,687716.2133333334,631151.3808711648
2025-02,通用电源管理,TMI3411P,22390.42,31662.334999999995,22489.697190041134
2025-02,通用电源管理,TMI3421,191275.97,316591.12000000005,292949.748032375
2025-02,通用电源管理,TMI3493,44601.75,34546.73333333333,21542.60815445794
2025-02,通用电源管理,TMI3494,49645.97,101177.68166666669,100369.1051549084
2025-02,通用电源管理,TMI36030,68509.37,76688.95166666668,78522.25850807517
2025-02,通用电源管理,TMI5101,257793.28,243021.18166666664,246374.60230388478
2025-02,通用电源管理,TMI5102,2123.88,78973.40333333334,75963.04703181912
2025-02,通用电源管理,TMI5111,161676.45,188891.98666666666,228495.8847454099
2025-02,通用电源管理,TMI5130A,29654.83,45230.045000000006,34394.849161644706
2025-02,通用电源管理,TMI6030,92798.77,71490.87,78100.64074984791
2025-02,通用电源管理,TMI6030-12,20716.99,41730.306666666664,35225.68050095107
2025-02,通用电源管理,TMI6030-18,84927.27,258495.68833333335,253787.24680285444
2025-02,通用电源管理,TMI6030-25,31996.02,65409.75,61495.10220838421
2025-02,通用电源管理,TMI6030-28,114721.40000000001,281276.93333333335,288535.2916060863
2025-02,通用电源管理,TMI6030-33,76027.57,132923.31333333332,126653.85285568415
2025-02,通用电源管理,TMI6050,783482.16,1079414.9366666668,1066158.2996769694
2025-02,通用电源管理,TMI6050-18,148382.13999999998,222617.38999999998,222940.43838439783
2025-02,通用电源管理,TMI6050-25,66093.99,84212.84499999999,73261.5141117722
2025-02,通用电源管理,TMI6050-33,104804.23,114610.88,124493.3338731855
2025-02,通用电源管理,TMI6050U,53601.38,43361.276666666665,44109.44830184164
2025-02,通用电源管理,TMI6240,693600.65,686938.775,605337.0137149189
2025-02,通用电源管理,TMI6260C,95681.27,119154.21833333334,93475.9162419369
2025-02,通用电源管理,TMI6261B,221195.1,77745.64333333333,87732.9415361891
2025-02,通用电源管理,TMI6262AL,217850.41,172121.41,159358.1079417201
2025-02,通用电源管理,TMI6263AH,142025.53,222550.5216666667,226402.17880956424
2025-02,通用电源管理,TMI6263BH,808299.18,827728.9883333333,743400.8105257171
2025-02,通用电源管理,TMI6263BH定制丝印,127114.22,41979.55333333334,39979.01981163462
2025-02,通用电源管理,TMI6401,143871.49000000002,183125.51,149277.4087372671
2025-02,通用电源管理,TMI6601A,32920.16,69132.13833333332,49891.700246661
2025-02,通用电源管理,TMI6809-263,11908.61,48503.20166666667,54570.19709214198
2025-02,通用电源管理,TMI7003C,72004.29,187392.15166666664,177781.21370530035
2025-02,通用电源管理,TMI7205B,0.0,114292.03166666668,0.0
2025-02,通用电源管理,TMI8037,163102.51,257723.56166666668,190865.5463301729
2025-03,POE电源管理,TMI7301,55619.399999999994,154785.21333333335,149418.90517597456
2025-03,POE电源管理,TMI7302A,30690.23,77060.38833333334,54447.35428608271
2025-03,POE电源管理,TMI7302D,249557.39,128105.35833333334,163401.77153413446
2025-03,POE电源管理,TMI7303C,29339.48,53617.02,57937.37492130232
2025-03,POE电源管理,TMI7321,48079.63,99130.50833333335,91065.51335465783
2025-03,POE电源管理,TMI7604R,164680.48,123226.35333333332,88661.91716186886
2025-03,POE电源管理,TMI7608,155309.73,80838.195,62445.29928833831
2025-03,POE电源管理,TMI7608R,115339.71,44971.20333333333,46442.43000422112
2025-03,POE电源管理,TMI7608RG,106061.94,84849.55333333333,134639.3536540926
2025-03,POE电源管理,TMI7608S,493712.37,193310.29,252374.83920915294
2025-03,充电与控制电源管理,IM2405,226288.31,132287.24666666664,187990.09715981394
2025-03,充电与控制电源管理,IM2406,160325.91999999998,144964.535,139273.25911587113
2025-03,充电与控制电源管理,IM2603,203150.36,190697.87999999998,205757.21689867025
2025-03,充电与控制电源管理,IM2605,46460.17,151968.975,156483.16641533107
2025-03,充电与控制电源管理,IM5200,40390.39,110560.45166666668,116938.58811613316
2025-03,充电与控制电源管理,TMI2242D,38442.36,59370.55666666667,50495.74570592431
2025-03,充电与控制电源管理,TMI2282,32920.32,35079.60166666667,24661.86094694167
2025-03,充电与控制电源管理,TMI2282L,67362.76,55562.436666666676,32723.769938530982
2025-03,充电与控制电源管理,TMI2283QE,151008.71,204594.93166666667,96484.85375392548
2025-03,充电与控制电源管理,TMI2284Q,54937.12,223213.285,160484.66112937307
2025-03,充电与控制电源管理,TMI2286D,51991.11,39748.136666666665,46979.68549328802
2025-03,充电与控制电源管理,TMI2605S,241194.6,192013.21833333335,216325.19202578516
2025-03,充电与控制电源管理,TMI3351,4867.26,86541.38500000001,112358.96786599065
2025-03,充电与控制电源管理,TMI3352A,26705.289999999997,109208.18333333333,88123.78646808618
2025-03,充电与控制电源管理,TMI5700,221070.51,137421.59833333333,141350.82749752983
2025-03,新显示MLED驱动,TMI9405,758758.47,457795.5816666667,458243.4079508311
2025-03,有刷直流电机驱动,TMI1042,0.0,267446.01499999996,232917.16415428123
2025-03,有刷直流电机驱动,TMI8110,100632.72,100819.505,99534.51330526304
2025-03,有刷直流电机驱动,TMI8113,78035.01,138617.09333333335,122812.08986796002
2025-03,有刷直流电机驱动,TMI8118,250707.11000000002,141794.00333333333,125704.9547369691
2025-03,有刷直流电机驱动,TMI8118S,58335.14,55987.73,52416.76308407285
2025-03,有刷直流电机驱动,TMI8122,173116.74000000002,122325.90333333332,100394.04163583291
2025-03,有刷直流电机驱动,TMI8140,211380.48,473076.5799999999,519601.29795050324
2025-03,有刷直流电机驱动,TMI8180A,2548437.51,1950643.241666667,1971891.6426305524
2025-03,有刷直流电机驱动,TMI8180G,2705227.59,1496327.1883333335,1899674.654807077
2025-03,有刷直流电机驱动,TMI8230,48107.340000000004,54737.136666666665,55357.82913154386
2025-03,有刷直流电机驱动,TMI8260DP,73805.27,97789.755,82030.64691244734
2025-03,有刷直流电机驱动,TMI8260SP,235433.43,324054.49666666664,265180.4267810321
2025-03,有刷直流电机驱动,TMI8261,466300.59,159922.36000000002,115303.28539083291
2025-03,有刷直流电机驱动,TMI8340,173336.19,142035.44166666668,120688.63493139739
2025-03,有刷直流电机驱动,TMI8360SP,60438.020000000004,77593.405,67745.6170849721
2025-03,有刷直流电机驱动,TMI8460SP,48805.3,76202.78,54383.13165635866
2025-03,有刷直流电机驱动,TMI8723,116415.87999999999,112236.24333333335,145613.48794981875
2025-03,有刷直流电机驱动,TMI8837,186596.99,372487.0783333333,326007.4714068004
2025-03,有刷直流电机驱动,TMI8870,2341724.73,1768632.3616666666,1503367.3450575403
2025-03,有刷直流电机驱动,TMI8876,12743.349999999999,40190.006666666675,50885.95416364874
2025-03,有刷直流电机驱动,TMI8876R,69451.26,48498.52166666667,20135.688554042004
2025-03,有刷直流电机驱动,TMI8913,109681.37,103878.38500000001,131421.53886814622
2025-03,有刷直流电机驱动,TMI8920,332065.12,138841.36333333334,126141.69932790249
2025-03,有刷直流电机驱动,TMI8940D,117831.77,226452.53500000003,306560.34590503084
2025-03,步进电机驱动,TMI8150B,402855.23000000004,529138.7833333333,554572.6786399197
2025-03,步进电机驱动,TMI8152,769925.14,533718.8933333333,454962.33348228864
2025-03,步进电机驱动,TMI8160,445510.11,103943.755,121532.91384810812
2025-03,步进电机驱动,TMI8262,162876.06,79639.37166666667,78908.27876190223
2025-03,步进电机驱动,TMI8263,12345.13,6902.653333333333,0.0
2025-03,步进电机驱动,TMI8420,75470.06999999999,32163.216666666664,45102.2864745516
2025-03,步进电机驱动,TMI8421,38495.57,105375.31666666665,139488.41219102152
2025-03,电机驱动,SG501210(划片后),254561.21,303347.87333333335,304218.70312309184
2025-03,硬件锂电保护,JL1001,113203.3,99065.57666666666,95373.72715630048
2025-03,硬件锂电保护,SIT8036,117875.89,91872.90833333333,106279.92440591619
2025-03,硬件锂电保护,SIT8252B,438052.68,313865.43666666665,325210.45801092376
2025-03,硬件锂电保护,SIT8252C,228157.46,224640.07833333334,261697.03179418377
2025-03,车规电机驱动,TMI8116-Q1,43991.16,97632.97499999999,145799.10524166733
2025-03,车规电机驱动,TMI8122-Q1,22954.87,109730.34333333334,149089.48831297026
2025-03,车规电机驱动,TMI8140-Q1,14283.180000000002,183668.125,175099.35461573527
2025-03,车规电机驱动,TMI8460-Q1,16460.17,204010.43499999997,40935.57929868431
2025-03,车规电机驱动,TMI8720-Q1,137309.68,492580.9483333333,377252.33941949764
2025-03,车规电机驱动,TMI8722-Q1,337256.48,234616.46,443027.7486013907
2025-03,通用电源管理,STI34061,100552.51000000001,188875.4,172454.17647705914
2025-03,通用电源管理,STI3408B,286499.45,197414.53833333333,205388.86764619258
2025-03,通用电源管理,STI3411A,254535.84999999998,180214.78833333333,171521.50842068833
2025-03,通用电源管理,STI3452,36017.520000000004,81463.95666666667,86072.22021637403
2025-03,通用电源管理,STI3452HF,26238.84,19278.92166666667,2847.733901153171
2025-03,通用电源管理,STI3452HF2,0.0,0.0,0.0
2025-03,通用电源管理,STI3452HFI,1519433.52,1237557.765,1445160.5853243724
2025-03,通用电源管理,STI3452I,40814.13,122872.04999999999,103627.42369146203
2025-03,通用电源管理,STI3453,1840977.03,1737052.4749999996,1942133.7254865004
2025-03,通用电源管理,STI3453F,71286.89,237983.4516666667,202005.90528042745
2025-03,通用电源管理,STI3453FI,109129.0,178482.115,168315.95514046142
2025-03,通用电源管理,STI3454I,480148.21,158617.99,261400.2773746862
2025-03,通用电源管理,STI3470,610607.19,798225.0933333333,622618.702302104
2025-03,通用电源管理,STI3470D,219198.99,422446.3333333333,494020.70535069855
2025-03,通用电源管理,STI3470I,34592.81,99501.81666666665,65753.11041990636
2025-03,通用电源管理,STI3472,260207.27,251310.01166666663,246037.3247720951
2025-03,通用电源管理,STI3508,407972.88,353577.12833333336,390127.9414464972
2025-03,通用电源管理,STI3508C,248064.58000000002,308558.62,329744.8277782022
2025-03,通用电源管理,STI3508CB,167846.35,145507.79833333334,177591.44448339954
2025-03,通用电源管理,STI8035,82668.0,85668.88166666667,91822.33560695384
2025-03,通用电源管理,STI8036,602878.24,985623.1733333333,968393.081560131
2025-03,通用电源管理,STI8036B,575365.59,892540.4616666666,848063.7468991034
2025-03,通用电源管理,STI8036C,39026.5,91411.39,87371.97797083399
2025-03,通用电源管理,STI8070A,2256.64,56012.98333333334,79435.27275412186
2025-03,通用电源管理,STI9287,46242.67,74498.87000000001,63328.84198886784
2025-03,通用电源管理,STI9287B,47389.229999999996,68521.04666666666,59501.615497091894
2025-03,通用电源管理,STI9287C,405767.52,372052.2183333333,385363.4632998807
2025-03,通用电源管理,STI9287CA,73988.29000000001,103897.90833333333,97152.13964056311
2025-03,通用电源管理,STI9712,48594.57000000001,59367.715,34397.374691391036
2025-03,通用电源管理,TM108J,42297.44,54301.35999999999,27182.32131662203
2025-03,通用电源管理,TMI1304M,183362.33000000002,122175.97833333333,99911.60815675245
2025-03,通用电源管理,TMI3101,47901.45,76790.69666666667,59739.535905486024
2025-03,通用电源管理,TMI3101C,75938.15,117408.645,125992.57503669939
2025-03,通用电源管理,TMI3101D,38161.7,66819.86833333333,50932.195894859586
2025-03,通用电源管理,TMI3108,364588.25,460073.54833333334,445879.9102561704
2025-03,通用电源管理,TMI3108K,133464.51,126999.26166666666,123637.91756271722
2025-03,通用电源管理,TMI3112H,405430.59,270620.9766666667,298424.1997825749
2025-03,通用电源管理,TMI3113,178053.03,189527.17999999996,184691.541635257
2025-03,通用电源管理,TMI3113B,843602.82,489394.67333333334,535023.2801287492
2025-03,通用电源管理,TMI3113D,175343.1,164242.99166666667,114148.04098025488
2025-03,通用电源管理,TMI3113H2,114747.31,48949.51666666667,43930.6549999378
2025-03,通用电源管理,TMI3113H2D,122535.82,122789.075,112002.52218773519
2025-03,通用电源管理,TMI3117,5097.31,36367.19666666666,12178.269096933162
2025-03,通用电源管理,TMI31601F,369372.81,435241.53,294403.3775953036
2025-03,通用电源管理,TMI31602H,137349.32,165027.61166666666,200621.76166461152
2025-03,通用电源管理,TMI3181A,123437.86,73157.99,58265.928555067614
2025-03,通用电源管理,TMI3214H,235273.84,196601.50666666668,182381.38667085592
2025-03,通用电源管理,TMI3224,18769.89,47114.92333333334,4012.2132719140413
2025-03,通用电源管理,TMI3227T,43486.45,83326.98333333334,47990.652908188305
2025-03,通用电源管理,TMI3244T,660105.07,924211.0716666667,821844.1590578301
2025-03,通用电源管理,TMI3244TF,25129.81,23345.998333333333,35436.97322843406
2025-03,通用电源管理,TMI3252,421205.49,373608.11833333335,382879.2702750378
2025-03,通用电源管理,TMI3252S,811103.51,1223925.2216666667,1305098.0662774816
2025-03,通用电源管理,TMI3252S2,275679.60000000003,163913.80833333335,117414.71720392488
2025-03,通用电源管理,TMI3252SHF,112920.47,168007.82499999998,172962.4758561691
2025-03,通用电源管理,TMI3252T,690003.84,608911.9633333334,644456.1210908553
2025-03,通用电源管理,TMI3252TF,14008.64,109391.96,88316.13524881535
2025-03,通用电源管理,TMI3253,248128.0,274985.7183333333,274150.4935070611
2025-03,通用电源管理,TMI3253S,2115868.14,2252004.3949999996,2784832.78819886
2025-03,通用电源管理,TMI3253SH,78311.87,117421.765,110307.42284236768
2025-03,通用电源管理,TMI3253SHF,308433.31,257018.25500000003,232406.97950297076
2025-03,通用电源管理,TMI3253T,1059992.1099999999,934547.2483333334,931710.5181144684
2025-03,通用电源管理,TMI3253TF,177156.19,307316.0266666667,266461.2741602512
2025-03,通用电源管理,TMI3253TH,81255.23,303725.13999999996,144824.83874178422
2025-03,通用电源管理,TMI3255,60353.83,242767.67166666666,202187.1121030997
2025-03,通用电源管理,TMI3255B,227768.15,336096.47,378963.79973389994
2025-03,通用电源管理,TMI3255S,366750.85,285730.58,279326.22604765155
2025-03,通用电源管理,TMI3255SF,126772.75,86485.45333333334,83205.62208722823
2025-03,通用电源管理,TMI3256,253543.61000000002,206895.67666666667,275486.15552354587
2025-03,通用电源管理,TMI32560,2654.87,150635.65833333333,109205.10830360817
2025-03,通用电源管理,TMI3257I,763752.85,866694.8666666667,921576.9108640503
2025-03,通用电源管理,TMI3258,52776.5,260176.50166666668,184570.99904058743
2025-03,通用电源管理,TMI3259,5309.73,241531.49833333332,149935.6079305938
2025-03,通用电源管理,TMI3273T,59271.25,93436.74166666665,78731.06632264658
2025-03,通用电源管理,TMI3281,207123.42,270314.75,256977.33243104423
2025-03,通用电源管理,TMI3282,47601.69,53946.975000000006,24568.96611395146
2025-03,通用电源管理,TMI3286B,138522.49,74955.09166666666,61571.350231745644
2025-03,通用电源管理,TMI3331,55825.07,343858.08999999997,264808.7748999641
2025-03,通用电源管理,TMI3341,132700.69,72960.63833333334,84903.29592855553
2025-03,通用电源管理,TMI3342,99716.57999999999,95489.38,83446.32679166728
2025-03,通用电源管理,TMI33431,24159.26,20053.071666666667,29331.684073413187
2025-03,通用电源管理,TMI33431E,514818.74,380990.78833333333,460019.2696470676
2025-03,通用电源管理,TMI3343B,90949.31999999999,81996.29166666666,61695.50209906603
2025-03,通用电源管理,TMI3344,150371.6,134583.91333333336,104213.97139045472
2025-03,通用电源管理,TMI3359,38511.45,137711.06666666668,152374.12854368598
2025-03,通用电源管理,TMI3408,250051.29,298510.1866666667,273820.62376644585
2025-03,通用电源管理,TMI3408      CVT,597.35,16599.661666666663,14344.917247178068
2025-03,通用电源管理,TMI3408C,321722.77,347384.0833333334,395777.9573049389
2025-03,通用电源管理,TMI3408D,32611.64,68058.10166666667,89330.19862634563
2025-03,通用电源管理,TMI3408F,411021.84,349367.9633333333,340046.4955646028
2025-03,通用电源管理,TMI3410,923097.33,656008.5616666666,481384.1297457861
2025-03,通用电源管理,TMI3411,597423.59,658180.55,609168.8526689227
2025-03,通用电源管理,TMI3411P,39166.020000000004,25249.0,26774.26015106233
2025-03,通用电源管理,TMI3421,591485.74,337019.1216666667,211273.3333217898
2025-03,通用电源管理,TMI3493,21840.7,38579.915,31216.67738735042
2025-03,通用电源管理,TMI3494,223539.69,97416.61833333333,66982.10509480865
2025-03,通用电源管理,TMI36030,109018.09000000001,80529.13666666667,61308.648521771735
2025-03,通用电源管理,TMI5101,284675.69,231549.07166666666,281013.63035260886
2025-03,通用电源管理,TMI5102,19.47,60473.40833333333,47221.486680865826
2025-03,通用电源管理,TMI5111,189968.15,187356.05833333332,246850.66636310326
2025-03,通用电源管理,TMI5130A,62814.08,44756.59166666667,44729.20035104447
2025-03,通用电源管理,TMI6030,64648.01,78335.99166666667,98084.1178458065
2025-03,通用电源管理,TMI6030-12,28532.730000000003,38042.009999999995,27632.794102778927
2025-03,通用电源管理,TMI6030-18,233941.89,240691.59,217856.92755561575
2025-03,通用电源管理,TMI6030-25,104447.28,61741.549999999996,60737.700703684546
2025-03,通用电源管理,TMI6030-28,222834.88,263279.39166666666,248394.5638539044
2025-03,通用电源管理,TMI6030-33,135102.76,129182.03499999999,129409.21565002692
2025-03,通用电源管理,TMI6050,1170193.54,1109315.5683333334,1138774.305182587
2025-03,通用电源管理,TMI6050-18,267310.78,220315.7583333333,251589.31065178078
2025-03,通用电源管理,TMI6050-25,101636.77,80719.63333333333,90836.89749527477
2025-03,通用电源管理,TMI6050-33,237353.59,119305.605,137887.5642356486
2025-03,通用电源管理,TMI6050U,36096.99,46427.59333333333,52101.26953189123
2025-03,通用电源管理,TMI6240,766514.0,687066.4149999999,700965.0663873123
2025-03,通用电源管理,TMI6260C,187105.69,105529.45333333335,98981.27279285353
2025-03,通用电源管理,TMI6261B,159490.84,94723.075,151006.52357525818
2025-03,通用电源管理,TMI6262AL,223265.04,175844.24333333332,210324.26885537684
2025-03,通用电源管理,TMI6263AH,204694.31,216055.14500000002,211571.16054432004
2025-03,通用电源管理,TMI6263BH,985320.74,816976.7949999999,854224.0427916961
2025-03,通用电源管理,TMI6263BH定制丝印,10000.76,63165.256666666675,89818.16517686713
2025-03,通用电源管理,TMI6401,213086.49000000002,169119.14833333335,152502.83200607338
2025-03,通用电源管理,TMI6601A,27238.76,50167.818333333336,44955.52841575228
2025-03,通用电源管理,TMI6809-263,80058.13,48842.325000000004,34842.801607704096
2025-03,通用电源管理,TMI7003C,233601.43,175043.36666666667,146254.04670469725
2025-03,通用电源管理,TMI7205B,0.0,84557.51833333333,0.0
2025-03,通用电源管理,TMI8037,259978.18,205251.59833333336,235654.21543739745
2025-04,POE电源管理,TMI7301,139265.32,136081.7,31729.53130234113
2025-04,POE电源管理,TMI7302A,16619.45,72401.09333333334,39664.14721008003
2025-04,POE电源管理,TMI7302D,338654.7,145273.50666666668,213548.36160907365
2025-04,POE电源管理,TMI7303C,62278.130000000005,53130.151666666665,67693.63888095637
2025-04,POE电源管理,TMI7321,69292.03,85579.62833333334,48478.455488687396
2025-04,POE电源管理,TMI7604R,144690.26,126887.74666666666,77754.32142465495
2025-04,POE电源管理,TMI7608,88007.78,82752.35666666667,89285.58914817747
2025-04,POE电源管理,TMI7608R,297995.56,64194.488333333335,84043.75251341941
2025-04,POE电源管理,TMI7608RG,0.0,102526.54333333333,78888.57839924196
2025-04,POE电源管理,TMI7608S,290003.04,272260.9066666667,432509.1057971244
2025-04,充电与控制电源管理,IM2405,42497.340000000004,158780.92833333332,192787.38715153668
2025-04,充电与控制电源管理,IM2406,144035.66,163167.30666666667,156055.1418932653
2025-04,充电与控制电源管理,IM2603,202114.96,179945.36000000002,177305.4601411007
2025-04,充电与控制电源管理,IM2605,214247.69,143783.13999999998,176777.94342132536
2025-04,充电与控制电源管理,IM5200,80663.71,108380.27666666667,89749.54343201476
2025-04,充电与控制电源管理,TMI2242D,57663.54,54398.19500000001,53724.417291602156
2025-04,充电与控制电源管理,TMI2243D,47256.54,31880.454999999998,36347.27226903971
2025-04,充电与控制电源管理,TMI2282,35840.66,30986.693333333333,30649.93829444059
2025-04,充电与控制电源管理,TMI2282L,64338.0,50661.26,47225.40001747019
2025-04,充电与控制电源管理,TMI2283QE,141837.18,195027.33,117728.11810890984
2025-04,充电与控制电源管理,TMI2284Q,211229.45,199255.80166666672,74331.94947360396
2025-04,充电与控制电源管理,TMI2286D,54823.8,46272.46833333333,44675.40204582275
2025-04,充电与控制电源管理,TMI2605S,108716.78,201858.34833333336,259126.5987184228
2025-04,充电与控制电源管理,TMI3351,49957.939999999995,69613.95666666668,45340.10935671259
2025-04,充电与控制电源管理,TMI3352A,255537.02000000002,91341.06833333334,69574.12127470734
2025-04,充电与控制电源管理,TMI5700,232212.13,147029.30666666667,171222.03247547406
2025-04,新显示MLED驱动,TMI9405,843126.57,550460.68,556789.8809479505
2025-04,有刷直流电机驱动,TMI1042,0.0,160171.68166666667,0.0
2025-04,有刷直流电机驱动,TMI8110,361778.53,100109.54833333332,93579.25305575214
2025-04,有刷直流电机驱动,TMI8113,283096.9,130366.5,107447.11374041317
2025-04,有刷直流电机驱动,TMI8118,146800.85,151253.02833333335,150466.58566994095
2025-04,有刷直流电机驱动,TMI8118S,46633.57,56498.238333333335,51871.36189746922
2025-04,有刷直流电机驱动,TMI8122,64424.74,120205.25833333335,144286.66298491208
2025-04,有刷直流电机驱动,TMI8140,773415.47,460496.93333333335,390857.1600481423
2025-04,有刷直流电机驱动,TMI8180A,2879264.25,2121170.1,2156176.396317012
2025-04,有刷直流电机驱动,TMI8180G,2523706.21,1792417.61,2193292.945439385
2025-04,有刷直流电机驱动,TMI8230,1008.85,51677.37666666667,60395.87926815842
2025-04,有刷直流电机驱动,TMI8260C,34513.2,84498.94333333331,79849.46744872347
2025-04,有刷直流电机驱动,TMI8260DP,83274.28,83694.83666666667,69645.53957451957
2025-04,有刷直流电机驱动,TMI8260SP,278897.17,297815.57166666666,225838.66760800604
2025-04,有刷直流电机驱动,TMI8261,512574.94,216612.58833333335,236018.52862398073
2025-04,有刷直流电机驱动,TMI8340,164893.64,139331.9016666667,139591.25739191964
2025-04,有刷直流电机驱动,TMI8360SP,122932.6,74148.71333333333,52267.39725094207
2025-04,有刷直流电机驱动,TMI8460SP,235539.72,60139.365,47076.54522099519
2025-04,有刷直流电机驱动,TMI8723,128884.91,122321.78666666668,151265.95817573182
2025-04,有刷直流电机驱动,TMI8837,383055.05,343686.77166666667,291114.29058115405
2025-04,有刷直流电机驱动,TMI8870,2108152.9,1896121.7366666666,1877680.0018465207
2025-04,有刷直流电机驱动,TMI8876,38230.049999999996,42313.89833333334,42731.1639560974
2025-04,有刷直流电机驱动,TMI8876R,0.0,28035.37166666667,25206.591487713355
2025-04,有刷直流电机驱动,TMI8913,310743.09,107273.43166666666,91183.65885913088
2025-04,有刷直流电机驱动,TMI8920,638792.71,168328.11166666666,192078.82326335157
2025-04,有刷直流电机驱动,TMI8940D,116371.59,227009.4066666667,250793.62812250623
2025-04,步进电机驱动,TMI8150B,282779.07,488620.5616666667,406683.7176441629
2025-04,步进电机驱动,TMI8152,474518.71,534472.2999999999,548234.4213206469
2025-04,步进电机驱动,TMI8160,289155.04,160386.74500000002,174882.5065185608
2025-04,步进电机驱动,TMI8262,99960.16,93059.71833333334,87035.39953331102
2025-04,步进电机驱动,TMI8263,0.0,2057.5216666666665,4549.9114667554795
2025-04,步进电机驱动,TMI8420,18756.629999999997,44380.20500000001,63408.87028115885
2025-04,步进电机驱动,TMI8421,161847.34,88488.59666666666,125883.49822695913
2025-04,电机驱动,SG501210(划片后),11335.31,299516.3466666667,300129.0049081476
2025-04,电脑&计算电源管理,TMI3388A,153429.41,78103.645,78263.40536811174
2025-04,硬件锂电保护,JL1001,60223.92,92277.98166666667,69738.33556336141
2025-04,硬件锂电保护,SIT8036,150185.56,105877.25166666666,94548.47412078558
2025-04,硬件锂电保护,SIT8252B,268266.18,305794.4383333333,373447.89707881626
2025-04,硬件锂电保护,SIT8252C,270132.39999999997,224998.21666666665,250432.1384194614
2025-04,车规电机驱动,TMI8116-Q1,66631.51,90334.15666666666,107435.55126403466
2025-04,车规电机驱动,TMI8122-Q1,260291.8,97625.66666666667,142303.89239873356
2025-04,车规电机驱动,TMI8140-Q1,175686.68,145986.71166666664,60925.58081298863
2025-04,车规电机驱动,TMI8460-Q1,16964.589999999997,119640.88500000001,11324.104539029342
2025-04,车规电机驱动,TMI8720-Q1,14131.84,413868.5516666667,314262.4506286142
2025-04,车规电机驱动,TMI8722-Q1,273185.71,276887.82166666666,480043.92656951555
2025-04,通用电源管理,STI34061,269799.32,172221.05333333334,132179.68279083198
2025-04,通用电源管理,STI3408B,218174.33000000002,199817.4616666667,230578.03405137314
2025-04,通用电源管理,STI3411A,122534.91,169288.085,171353.82248080423
2025-04,通用电源管理,STI3452,48286.96,78189.63666666666,53869.86865897041
2025-04,通用电源管理,STI3452HF,215719.22,18424.283333333336,9596.788577281643
2025-04,通用电源管理,STI3452HF2,0.0,0.0,0.0
2025-04,通用电源管理,STI3452HFI,1215654.21,1317133.1866666665,1576571.296974279
2025-04,通用电源管理,STI3452I,79053.75,74609.64833333333,90483.12611874245
2025-04,通用电源管理,STI3453,1396986.6,1753458.3966666665,1964195.4442166307
2025-04,通用电源管理,STI3453F,204062.1,200411.28166666665,90365.84880788572
2025-04,通用电源管理,STI3453FI,96208.62,166075.39833333335,160633.80170793083
2025-04,通用电源管理,STI3454I,174056.71,219601.10166666668,387495.54549336387
2025-04,通用电源管理,STI3470,865384.41,710734.3249999998,545457.4665566272
2025-04,通用电源管理,STI3470D,308232.45,385246.4583333333,469189.4675406001
2025-04,通用电源管理,STI3470I,41721.450000000004,74254.18333333333,66980.67733992821
2025-04,通用电源管理,STI3472,204673.18,256129.80166666664,232737.39977824196
2025-04,通用电源管理,STI3508,334592.09,380368.9916666667,324237.7246313367
2025-04,通用电源管理,STI3508C,353534.52,308577.64666666667,312689.8601010558
2025-04,通用电源管理,STI3508CB,201036.36,156492.19833333333,168263.95374132812
2025-04,通用电源管理,STI8035,106652.39,79014.57833333334,84616.90248591157
2025-04,通用电源管理,STI8036,547185.68,830588.6350000001,637542.4225359414
2025-04,通用电源管理,STI8036B,861569.72,739015.4566666667,808872.8287976766
2025-04,通用电源管理,STI8036C,47415.91,78800.76666666666,80938.76562554401
2025-04,通用电源管理,STI8070A,2568.8500000000004,47402.573333333334,66092.65848955506
2025-04,通用电源管理,STI9287,56147.68,69778.66500000001,51645.15615885076
2025-04,通用电源管理,STI9287B,18451.29,72866.16333333333,56909.148834789936
2025-04,通用电源管理,STI9287C,432627.01,352607.77499999997,269920.28488524887
2025-04,通用电源管理,STI9287CA,98148.56,81185.105,94656.7386819853
2025-04,通用电源管理,STI9712,22884.9,51826.51500000001,31181.083562960677
2025-04,通用电源管理,TM108J,104318.17,53610.915,39035.72366152721
2025-04,通用电源管理,TMI1304M,33590.7,116889.87166666666,136992.12751168382
2025-04,通用电源管理,TMI3101,91539.21,57375.82166666666,41230.19794968148
2025-04,通用电源管理,TMI3101C,153968.33,104003.16166666667,103071.58457935398
2025-04,通用电源管理,TMI3101D,37026.01,62968.36166666667,24500.09603891776
2025-04,通用电源管理,TMI3108,522772.87,396592.09333333327,357269.05740482657
2025-04,通用电源管理,TMI3108K,227424.93000000002,117718.57666666666,98072.87877972248
2025-04,通用电源管理,TMI3112H,250942.84,304879.97833333333,310569.1488300853
2025-04,通用电源管理,TMI3113,238340.1,181458.67333333334,166994.79326625375
2025-04,通用电源管理,TMI3113B,662820.38,540657.2433333333,584544.4269937709
2025-04,通用电源管理,TMI3113D,151751.73,148595.3233333333,126397.92292829514
2025-04,通用电源管理,TMI3113H2,56897.76,47117.493333333325,69325.60337589034
2025-04,通用电源管理,TMI3113H2D,35360.35,121490.30666666669,115654.96245973953
2025-04,通用电源管理,TMI3117,0.0,17477.846666666668,1786.0201649281578
2025-04,通用电源管理,TMI31601F,260864.79,328507.9233333334,254742.35279123462
2025-04,通用电源管理,TMI31602H,157389.72,160592.77666666664,146271.83532514068
2025-04,通用电源管理,TMI3181A,144986.48,82361.50833333333,84338.73195892057
2025-04,通用电源管理,TMI3214H,340707.41,129075.01666666666,224658.3346837779
2025-04,通用电源管理,TMI3224,163220.98,28252.128333333338,9897.579949747555
2025-04,通用电源管理,TMI3227T,22300.75,56389.05333333334,28260.06177555875
2025-04,通用电源管理,TMI3244T,885216.4,825079.1066666666,746169.0189304244
2025-04,通用电源管理,TMI3244TF,51082.65,27534.3,40186.51362503413
2025-04,通用电源管理,TMI3252,305039.62,375427.59500000003,380592.31236714794
2025-04,通用电源管理,TMI3252S,1469617.67,1094227.385,1087320.7064151291
2025-04,通用电源管理,TMI3252S2,53497.94,182982.61333333337,179216.605523126
2025-04,通用电源管理,TMI3252SHF,91257.89,166050.335,138408.24639767964
2025-04,通用电源管理,TMI3252T,808245.35,580971.9699999999,674708.398070417
2025-04,通用电源管理,TMI3252TF,44264.83,65198.76500000001,39545.866473937516
2025-04,通用电源管理,TMI3253,255222.27,262446.19333333336,237823.4565192752
2025-04,通用电源管理,TMI3253S,1775109.28,2213236.688333333,2456135.014200795
2025-04,通用电源管理,TMI3253SH,133321.98,106575.53000000001,94747.19403309752
2025-04,通用电源管理,TMI3253SHF,334481.13,264366.81666666665,268960.7770153242
2025-04,通用电源管理,TMI3253T,1095356.15,892228.3783333333,949521.5865480542
2025-04,通用电源管理,TMI3253TF,181442.78,235338.1333333333,180367.3289135127
2025-04,通用电源管理,TMI3253TH,129275.59,246002.735,116980.80469089313
2025-04,通用电源管理,TMI3255,102323.2,193434.225,115532.79027262375
2025-04,通用电源管理,TMI3255B,82038.83,318979.4016666666,290725.839045442
2025-04,通用电源管理,TMI3255S,313732.85,296657.055,288515.42925462045
2025-04,通用电源管理,TMI3255SF,40803.95,80620.68333333333,104861.74979697679
2025-04,通用电源管理,TMI3256,207831.69,220059.67333333334,256737.2513765689
2025-04,通用电源管理,TMI32560,117876.08,131830.37333333332,2427.89015912743
2025-04,通用电源管理,TMI3257I,921088.64,828200.1016666666,921797.1405630042
2025-04,通用电源管理,TMI3258,210877.5,190375.53166666665,137649.27778889364
2025-04,通用电源管理,TMI3259,6403.64,175103.515,4899.185992626499
2025-04,通用电源管理,TMI3273T,101325.82,82180.75833333333,71003.41068585453
2025-04,通用电源管理,TMI3281,196539.16,262277.04833333334,221442.84947417772
2025-04,通用电源管理,TMI3282,24955.690000000002,51052.99833333333,40888.00510414685
2025-04,通用电源管理,TMI3286B,84213.69,82512.28166666666,87972.12467481558
2025-04,通用电源管理,TMI3331,55433.5,286658.75166666665,227337.25455994456
2025-04,通用电源管理,TMI3341,41084.02,83861.795,89193.5907650379
2025-04,通用电源管理,TMI3342,143987.61000000002,91815.08,88491.38800469355
2025-04,通用电源管理,TMI33431,10353.98,24079.615,17860.29625318923
2025-04,通用电源管理,TMI33431E,209030.68,433032.4766666666,467155.1331411673
2025-04,通用电源管理,TMI3343B,37115.0,76464.26666666666,80008.03836663713
2025-04,通用电源管理,TMI3344,148327.3,118318.51833333333,124491.97654309591
2025-04,通用电源管理,TMI3359,83506.05,123222.135,121580.19790785675
2025-04,通用电源管理,TMI3408,343179.96,272751.76,241508.55903032495
2025-04,通用电源管理,TMI3408      CVT,6929.23,13699.241666666667,5358.148090995265
2025-04,通用电源管理,TMI3408C,445553.74,351583.2533333334,331957.18275356066
2025-04,通用电源管理,TMI3408D,20525.469999999998,68316.38833333334,65848.65749246979
2025-04,通用电源管理,TMI3408F,575647.73,341877.0633333333,309493.9088464622
2025-04,通用电源管理,TMI3410,832697.25,655559.6633333333,636903.7620669055
2025-04,通用电源管理,TMI3411,771224.95,625572.855,565717.4224621298
2025-04,通用电源管理,TMI3411P,15300.99,23907.51833333333,31286.23405439536
2025-04,通用电源管理,TMI3421,361540.13,365632.38833333337,385842.37724557123
2025-04,通用电源管理,TMI3493,25613.97,34788.18166666667,27694.34442317358
2025-04,通用电源管理,TMI3494,85752.16,113651.12166666666,114977.31466920438
2025-04,通用电源管理,TMI36030,152463.98,85535.10333333335,84104.0091524824
2025-04,通用电源管理,TMI5101,434800.69999999995,259906.60166666665,272940.6302641437
2025-04,通用电源管理,TMI5102,74468.97,49627.10333333333,41773.90062237041
2025-04,通用电源管理,TMI5111,351556.42,186755.26666666663,216569.5113714317
2025-04,通用电源管理,TMI5130A,30132.710000000003,42880.48500000001,41878.6867135682
2025-04,通用电源管理,TMI6030,50148.44,77617.56666666667,82312.06397985628
2025-04,通用电源管理,TMI6030-12,41443.21,35370.50666666666,28220.35266128253
2025-04,通用电源管理,TMI6030-18,310508.52,223508.47166666668,186352.06671569668
2025-04,通用电源管理,TMI6030-25,76615.39,63737.121666666666,65777.60645397221
2025-04,通用电源管理,TMI6030-28,364935.98,255296.63999999998,195660.73383644136
2025-04,通用电源管理,TMI6030-33,157054.66,122597.5,129711.01133980823
2025-04,通用电源管理,TMI6050,925528.17,1080533.5983333334,1223710.9463470671
2025-04,通用电源管理,TMI6050-18,183153.7,211451.06166666668,259408.32263224857
2025-04,通用电源管理,TMI6050-25,92880.66,80174.12166666666,93390.28668174865
2025-04,通用电源管理,TMI6050-33,181269.85,134320.99833333332,158840.55660753654
2025-04,通用电源管理,TMI6050U,43109.11,46288.920000000006,44329.39042983428
2025-04,通用电源管理,TMI6240,871935.7,705031.8083333332,790253.5674395498
2025-04,通用电源管理,TMI6240I,204522.74000000002,78528.95333333332,104049.84154223657
2025-04,通用电源管理,TMI6260C,131878.94999999998,111738.44833333335,113439.85751201955
2025-04,通用电源管理,TMI6261B,248001.28,110776.74166666665,149935.91474560034
2025-04,通用电源管理,TMI6262AL,249057.44,188572.19166666668,212231.36509353408
2025-04,通用电源管理,TMI6263AH,149362.55,214501.63,172049.36442527996
2025-04,通用电源管理,TMI6263BH,1297984.98,810806.9316666666,905739.8160934557
2025-04,通用电源管理,TMI6263BH定制丝印,0.0,64832.05000000001,48043.01076326946
2025-04,通用电源管理,TMI6401,143113.0,167691.45166666666,165514.00034590607
2025-04,通用电源管理,TMI6601A,137527.96000000002,43982.01833333333,40892.44448010979
2025-04,通用电源管理,TMI6809-263,33764.29,56328.003333333334,36272.47316130692
2025-04,通用电源管理,TMI7003C,72132.59,168228.285,141609.5235018894
2025-04,通用电源管理,TMI7205B,167256.63999999998,47389.378333333334,0.0
2025-04,通用电源管理,TMI8037,173592.93,199634.66833333333,234474.72345766664
2025-04,音频功放,TMS8609DTF-TR,0.0,78258.81833333333,61562.160384483424
2025-05,POE电源管理,TMI7301,139380.37,152923.8633333333,77077.21837581124
2025-05,POE电源管理,TMI7302A,40672.51,60923.23833333332,25952.888133779936
2025-05,POE电源管理,TMI7302D,509097.1,201320.67666666667,229821.10531601636
2025-05,POE电源管理,TMI7303C,51238.89,58172.86666666667,46946.16136934944
2025-05,POE电源管理,TMI7321,138672.55000000002,84473.43666666666,57268.58568295691
2025-05,POE电源管理,TMI7604R,159064.75,121132.585,130362.35787950696
2025-05,POE电源管理,TMI7608,17256.64,85658.08,102590.68524146362
2025-05,POE电源管理,TMI7608R,147172.57,108838.29166666667,198142.19473610434
2025-05,POE电源管理,TMI7608RG,184460.16999999998,102526.54333333333,91167.11538811865
2025-05,POE电源管理,TMI7608S,338900.95,317453.1533333333,455943.6242411239
2025-05,充电与控制电源管理,IM2405,93111.28,157279.75166666665,114311.74288195772
2025-05,充电与控制电源管理,IM2406,141400.41999999998,154243.685,112935.5443432345
2025-05,充电与控制电源管理,IM2603,255597.25,178506.56499999997,177593.00385486404
2025-05,充电与控制电源管理,IM2605,65575.2,137588.44833333336,159805.5974052386
2025-05,充电与控制电源管理,IM5200,68739.78,99821.59833333333,62804.133170649024
2025-05,充电与控制电源管理,TMI2242D,0.0,51424.72166666666,48160.73794901347
2025-05,充电与控制电源管理,TMI2243D,2914.11,39756.545,35764.95571519292
2025-05,充电与控制电源管理,TMI2282,23495.54,30942.446666666667,24808.094698195688
2025-05,充电与控制电源管理,TMI2282L,72610.52,43640.91333333333,51281.84295588068
2025-05,充电与控制电源管理,TMI2283QE,87771.59999999999,177658.03666666665,99765.18983069566
2025-05,充电与控制电源管理,TMI2284Q,163898.06,203363.62,107474.88375471212
2025-05,充电与控制电源管理,TMI2286D,45118.49,49709.920000000006,43574.31693095333
2025-05,充电与控制电源管理,TMI2605S,86681.37999999999,193252.15500000003,178990.5418715465
2025-05,充电与控制电源管理,TMI3351,55838.46,69400.46,39726.74146380654
2025-05,充电与控制电源管理,TMI3352A,20947.96,132337.65333333335,114970.13944196027
2025-05,充电与控制电源管理,TMI5700,173188.33000000002,175113.25333333333,198355.24441879173
2025-05,充电与控制电源管理,TMI9723,43778.71000000001,27601.71166666667,36120.56903574781
2025-05,新显示MLED驱动,TMI9405,1064911.91,547997.57,769736.9463428087
2025-05,有刷直流电机驱动,TMI1042,212389.19,160171.68166666667,0.0
2025-05,有刷直流电机驱动,TMI8110,329990.85,142382.00666666668,213190.96037611627
2025-05,有刷直流电机驱动,TMI8113,318089.13,152336.88166666668,157136.58675287678
2025-05,有刷直流电机驱动,TMI8118,135072.62,161126.05000000002,182083.45109394018
2025-05,有刷直流电机驱动,TMI8118S,67409.63,54018.23333333334,50327.0293980707
2025-05,有刷直流电机驱动,TMI8122,141946.85,115634.46166666667,169988.05002905132
2025-05,有刷直流电机驱动,TMI8140,209615.0,539113.2433333333,531681.986876819
2025-05,有刷直流电机驱动,TMI8180A,3862110.51,2298911.105,2511338.077383838
2025-05,有刷直流电机驱动,TMI8180G,1070586.24,2084362.826666667,2317178.278154565
2025-05,有刷直流电机驱动,TMI8230,45790.27,47372.736666666664,38508.93983136787
2025-05,有刷直流电机驱动,TMI8260C,42663.64,86959.11166666666,37912.16861418743
2025-05,有刷直流电机驱动,TMI8260DP,204261.96,87839.37833333334,69058.14719087826
2025-05,有刷直流电机驱动,TMI8260SP,298254.68,274409.105,212300.38249355636
2025-05,有刷直流电机驱动,TMI8261,114929.1,259204.81499999997,404407.0494169446
2025-05,有刷直流电机驱动,TMI8340,126345.05,160964.62000000002,156700.65627321694
2025-05,有刷直流电机驱动,TMI8360SP,192743.3,82557.83833333333,68241.6209859413
2025-05,有刷直流电机驱动,TMI8460SP,55752.2,85399.67666666668,108687.71608609446
2025-05,有刷直流电机驱动,TMI8723,260707.86000000002,128221.49,138668.54819073912
2025-05,有刷直流电机驱动,TMI8837,518166.52,355186.13166666665,284929.8139547585
2025-05,有刷直流电机驱动,TMI8870,2777969.12,1915181.9416666667,2046574.4534775496
2025-05,有刷直流电机驱动,TMI8876,4070.8,36233.06166666667,58454.285018768685
2025-05,有刷直流电机驱动,TMI8876R,42442.44,24560.448333333334,23885.128955635737
2025-05,有刷直流电机驱动,TMI8913,259964.42,140606.76333333334,201183.25353099598
2025-05,有刷直流电机驱动,TMI8920,377461.24,257124.6,343329.73452309705
2025-05,有刷直流电机驱动,TMI8940D,28982.28,235637.71833333338,187710.0757116522
2025-05,步进电机驱动,TMI8150B,177336.09,439470.12333333335,397248.5765216067
2025-05,步进电机驱动,TMI8152,788010.85,485934.675,582356.736518978
2025-05,步进电机驱动,TMI8160,386156.15,181782.79833333334,219557.41480650555
2025-05,步进电机驱动,TMI8262,132809.72,91739.65833333333,107819.46935016887
2025-05,步进电机驱动,TMI8263,59734.5,2057.5216666666665,5064.1626396044285
2025-05,步进电机驱动,TMI8420,49969.02,40738.61000000001,61000.90295451042
2025-05,步进电机驱动,TMI8421,260160.02,103280.265,147694.05275769357
2025-05,电机驱动,SG501210(划片后),284571.78,254383.89500000002,165201.5000238778
2025-05,电脑&计算电源管理,TMI3388A,92513.84,92564.11833333333,180652.65097378677
2025-05,硬件锂电保护,JL1001,55221.12,83552.2,74126.06226180066
2025-05,硬件锂电保护,SIT8036,109274.11,111145.995,104813.87832211393
2025-05,硬件锂电保护,SIT8252B,309026.23,310930.285,315327.35463605035
2025-05,硬件锂电保护,SIT8252C,193884.78,235034.97666666665,204997.89963160656
2025-05,车规电机驱动,TMI8116-Q1,86067.26,89010.795,72415.62130419428
2025-05,车规电机驱动,TMI8122-Q1,111611.6,114617.295,154952.57872999675
2025-05,车规电机驱动,TMI8140-Q1,205752.19,121288.47833333335,118176.90957573526
2025-05,车规电机驱动,TMI8460-Q1,1261.06,38800.258333333324,16868.112661894447
2025-05,车规电机驱动,TMI8720-Q1,122053.04,285436.3,139991.98053623657
2025-05,车规电机驱动,TMI8721-Q1,9459.289999999999,74776.0,138906.311927772
2025-05,车规电机驱动,TMI8722-Q1,182300.8,308480.72,403473.99853183626
2025-05,车规电源管理,TMI6411-50TB-Q1,56770.229999999996,82136.59833333333,149541.16542011686
2025-05,通用电源管理,STI34061,141530.15,192592.05000000002,151289.9804943324
2025-05,通用电源管理,STI3408B,321913.26,215253.89,223922.72672244726
2025-05,通用电源管理,STI3411A,188139.17,158719.52166666667,157395.63166399527
2025-05,通用电源管理,STI3452,67669.93,71692.88000000002,59485.82595007419
2025-05,通用电源管理,STI3452HF,213214.23,52331.32666666667,82330.9987852812
2025-05,通用电源管理,STI3452HF2,0.0,0.0,0.0
2025-05,通用电源管理,STI3452HFI,1325722.47,1365123.7483333333,1192875.443215567
2025-05,通用电源管理,STI3452I,22630.57,72965.01666666666,73611.8751371329
2025-05,通用电源管理,STI3453,1792909.29,1663505.6416666666,1632399.0138120186
2025-05,通用电源管理,STI3453F,36287.27,172086.3866666667,130148.29194852653
2025-05,通用电源管理,STI3453FI,71501.74,169174.76499999998,95434.1947375448
2025-05,通用电源管理,STI3454I,338758.39,238590.22666666665,328675.8381442894
2025-05,通用电源管理,STI3470,773278.19,703346.4216666665,591717.9480118133
2025-05,通用电源管理,STI3470D,488779.14999999997,357788.93333333335,377828.4148478492
2025-05,通用电源管理,STI3470I,44235.3,49378.23500000001,57645.47920403708
2025-05,通用电源管理,STI3472,170797.87,233257.6383333333,210066.22000405248
2025-05,通用电源管理,STI3508,337990.37,339379.50000000006,325930.610194163
2025-05,通用电源管理,STI3508C,205645.41,307685.86833333335,285212.2090502317
2025-05,通用电源管理,STI3508CB,77353.5,173976.18666666668,195444.56298402074
2025-05,通用电源管理,STI8035,0.0,91023.88,84219.97025980617
2025-05,通用电源管理,STI8036,709226.46,788225.7983333332,575234.1244152914
2025-05,通用电源管理,STI8036B,871607.12,762424.945,781903.6439960491
2025-05,通用电源管理,STI8036C,45265.47,74827.32833333332,71738.76308617031
2025-05,通用电源管理,STI8070A,0.0,45034.761666666665,32510.734592534038
2025-05,通用电源管理,STI8070C,124409.87,97806.98166666667,177607.80830155453
2025-05,通用电源管理,STI9287,59840.61,65132.215000000004,40538.4645877246
2025-05,通用电源管理,STI9287B,36756.53,59215.76166666666,39167.20186399632
2025-05,通用电源管理,STI9287C,249038.56,376848.135,359854.9365591348
2025-05,通用电源管理,STI9287CA,66231.69,86047.655,78759.17754361984
2025-05,通用电源管理,STI9712,67029.95999999999,34084.83,30407.35102649052
2025-05,通用电源管理,TM108J,27695.29,62768.91333333333,53367.79338973356
2025-05,通用电源管理,TMI1304M,78639.29,111893.13333333335,106515.0686574803
2025-05,通用电源管理,TMI3101,98149.72,67521.30166666667,56555.50704641842
2025-05,通用电源管理,TMI3101C,201207.08,114277.47166666666,108474.0105676709
2025-05,通用电源管理,TMI3101D,42102.43,56371.24,29535.91921948126
2025-05,通用电源管理,TMI3108,494509.61,433598.5816666666,365175.1720437318
2025-05,通用电源管理,TMI3108K,106658.5,136277.74166666667,141673.13829014837
2025-05,通用电源管理,TMI3112,18903.23,40576.51833333333,54403.37344787852
2025-05,通用电源管理,TMI3112H,316729.22000000003,307254.6016666667,300725.9256263478
2025-05,通用电源管理,TMI3113,198465.97,186194.42166666666,181962.93876630103
2025-05,通用电源管理,TMI3113B,748771.95,566960.2666666666,687050.9208166534
2025-05,通用电源管理,TMI3113D,150432.04,129950.87,147581.13085288866
2025-05,通用电源管理,TMI3113H2,116940.64,53644.708333333336,77721.25057526161
2025-05,通用电源管理,TMI3113H2D,100159.05,107042.15833333334,93106.99789275038
2025-05,通用电源管理,TMI3117,33769.78,6769.896666666667,1726.252366405131
2025-05,通用电源管理,TMI31601F,461111.63,278738.0716666667,279944.6080223946
2025-05,通用电源管理,TMI31602H,154851.94,170282.86833333332,144770.15555084258
2025-05,通用电源管理,TMI3181A,178937.76,85924.195,116186.98705329259
2025-05,通用电源管理,TMI3214H,309734.01,185859.585,238083.19725930056
2025-05,通用电源管理,TMI3214HF,3274.32,27286.0,55443.97582614799
2025-05,通用电源管理,TMI3224,58938.0,32362.778333333335,63314.23932179126
2025-05,通用电源管理,TMI3227T,52778.41,38057.31666666666,34866.72087993017
2025-05,通用电源管理,TMI3244T,748143.55,799973.125,715027.0421919406
2025-05,通用电源管理,TMI3244TF,17929.68,32915.333333333336,32002.1764209527
2025-05,通用电源管理,TMI3252,264096.64,367283.8666666667,356838.56766758737
2025-05,通用电源管理,TMI3252S,630435.13,1116833.3883333334,1075804.0096713551
2025-05,通用电源管理,TMI3252S2,89266.34,158091.04833333334,129771.11672315543
2025-05,通用电源管理,TMI3252SHF,123902.29,148341.53333333335,129056.45377715964
2025-05,通用电源管理,TMI3252T,377014.47000000003,651455.5199999999,694450.3494204638
2025-05,通用电源管理,TMI3252TF,235555.18000000002,60607.225000000006,28898.42322315287
2025-05,通用电源管理,TMI3253,144290.9,250270.50833333333,236349.11169906674
2025-05,通用电源管理,TMI3253S,2106430.92,2230923.4833333334,2072038.2501681005
2025-05,通用电源管理,TMI3253SH,88113.46,108106.79833333334,101342.82736670692
2025-05,通用电源管理,TMI3253SHF,134007.21,248722.65666666665,294408.48358956043
2025-05,通用电源管理,TMI3253T,600542.75,947946.2633333333,957719.8725170367
2025-05,通用电源管理,TMI3253TF,401348.76,223732.875,152281.94798432954
2025-05,通用电源管理,TMI3253TH,67085.75,169026.18666666668,101268.23422910602
2025-05,通用电源管理,TMI3255,68912.53,169673.24833333332,64869.231587929564
2025-05,通用电源管理,TMI3255B,68593.34,270987.41833333333,178928.1908246419
2025-05,通用电源管理,TMI3255S,197553.79,308208.555,318048.2362354279
2025-05,通用电源管理,TMI3255SF,118824.26999999999,79656.13,63989.63808739364
2025-05,通用电源管理,TMI3256,20715.98,237600.22833333336,248236.04259952242
2025-05,通用电源管理,TMI32560,126159.26000000001,112290.59333333332,40818.94914426599
2025-05,通用电源管理,TMI3257I,683663.42,813196.6566666666,845951.7584162744
2025-05,通用电源管理,TMI3258,326924.05,174845.5816666667,148056.34799842437
2025-05,通用电源管理,TMI3259,7583.509999999999,146523.43,5675.126916023932
2025-05,通用电源管理,TMI3273T,72731.45,83620.12666666666,76558.25666004053
2025-05,通用电源管理,TMI3281,163625.97,264935.435,232970.8682175646
2025-05,通用电源管理,TMI3282,91393.83,43411.43,34143.11393700332
2025-05,通用电源管理,TMI3286B,35017.659999999996,83190.74833333334,92988.90055803602
2025-05,通用电源管理,TMI3331,31858.32,222884.465,115197.49855070688
2025-05,通用电源管理,TMI3341,93743.2,77743.36666666667,98108.32112933419
2025-05,通用电源管理,TMI3342,120744.78,101447.67333333332,121997.92996815182
2025-05,通用电源管理,TMI33431,49035.33,22088.466666666664,20769.08861004249
2025-05,通用电源管理,TMI33431E,324410.93,413911.9033333334,400736.73751674563
2025-05,通用电源管理,TMI3343B,33451.29,67782.85166666667,61307.14003319851
2025-05,通用电源管理,TMI3344,131525.58,120265.40833333333,134981.1828915218
2025-05,通用电源管理,TMI3359,80261.72,119501.78666666667,95674.44654757305
2025-05,通用电源管理,TMI3408,297371.56,287327.875,260649.53819624046
2025-05,通用电源管理,TMI3408      CVT,20429.29,11615.141666666668,2548.9476872973255
2025-05,通用电源管理,TMI3408C,378218.2,373641.25,344823.1493594963
2025-05,通用电源管理,TMI3408D,110123.35,63888.97333333333,27331.82848314637
2025-05,通用电源管理,TMI3408F,527643.48,408085.63000000006,407994.4269673729
2025-05,通用电源管理,TMI3410,873895.12,665725.725,730484.7207834985
2025-05,通用电源管理,TMI3411,378266.27,625819.6933333334,600807.4906286581
2025-05,通用电源管理,TMI3411P,28510.5,24573.403333333332,26028.49746499952
2025-05,通用电源管理,TMI3421,411504.0,343952.0966666667,387528.6688825567
2025-05,通用电源管理,TMI3493,33876.08,26611.168333333335,31175.779551917505
2025-05,通用电源管理,TMI3494,173097.24,112323.68833333334,121557.69634715153
2025-05,通用电源管理,TMI36030,178298.2,96071.72000000002,111754.7302780166
2025-05,通用电源管理,TMI4056E,72185.52,29107.434999999998,45200.11236342719
2025-05,通用电源管理,TMI5101,422344.78,291751.03833333333,330961.6406405459
2025-05,通用电源管理,TMI5102,61839.630000000005,52503.20333333333,25945.488639260147
2025-05,通用电源管理,TMI5111,276755.49,236720.9933333333,238145.69348018893
2025-05,通用电源管理,TMI5130A,43831.81,38424.740000000005,41520.2011747574
2025-05,通用电源管理,TMI6030,60922.08,75451.81166666668,70304.08976095112
2025-05,通用电源管理,TMI6030-12,46907.49,33541.21333333333,30714.020734213707
2025-05,通用电源管理,TMI6030-18,135158.01,237646.42,213144.71936424728
2025-05,通用电源管理,TMI6030-25,48608.8,67676.42333333332,72154.34568344423
2025-05,通用电源管理,TMI6030-28,226892.01,268008.06833333336,237905.66518541906
2025-05,通用电源管理,TMI6030-33,152371.25,127613.81666666667,124689.33815332978
2025-05,通用电源管理,TMI6050,882883.62,1037549.6433333332,975069.6924358752
2025-05,通用电源管理,TMI6050-18,150396.57,216422.66999999995,202805.086386489
2025-05,通用电源管理,TMI6050-25,59933.17,81756.61166666668,88258.52861356313
2025-05,通用电源管理,TMI6050-33,102179.47,152357.48,177263.74381378098
2025-05,通用电源管理,TMI6050U,67280.81,45207.195,44976.51244015021
2025-05,通用电源管理,TMI6240,1331742.27,705312.6133333333,789770.9645407898
2025-05,通用电源管理,TMI6240I,214059.13,103191.51000000001,138884.69739006343
2025-05,通用电源管理,TMI6260C,256428.94,118006.03833333333,140430.5424635812
2025-05,通用电源管理,TMI6261B,218166.26,150672.24166666667,212910.88853800594
2025-05,通用电源管理,TMI6262AL,189962.48,198385.29333333333,233733.59371730738
2025-05,通用电源管理,TMI6263AH,130626.29000000001,201106.05333333334,168003.00544197095
2025-05,通用电源管理,TMI6263BH,1016989.14,904122.9633333333,1047001.315324102
2025-05,通用电源管理,TMI6263BH定制丝印,309861.72000000003,43764.581666666665,46435.28816073423
2025-05,通用电源管理,TMI6401,210201.30000000002,161428.665,169353.779267012
2025-05,通用电源管理,TMI6601A,84596.16,59044.98833333334,66948.53646477204
2025-05,通用电源管理,TMI6809-263,25244.27,49499.55833333333,42580.00554568086
2025-05,通用电源管理,TMI6809-293,36686.340000000004,35356.965000000004,40709.308136828025
2025-05,通用电源管理,TMI7003C,219310.54,155949.55666666667,127924.66056005517
2025-05,通用电源管理,TMI7205B,378.56,27876.106666666663,56643.047136032736
2025-05,通用电源管理,TMI8037,126978.12,199282.88166666668,202069.17933116012
2025-05,音频功放,TMS8609DTF-TR,33451.32,65747.76,29271.535119221895
2025-06,POE电源管理,TMI7301,73460.11,149874.4566666667,108005.3257410528
2025-06,POE电源管理,TMI7302A,8548.66,48976.35333333334,28428.170857929552
2025-06,POE电源管理,TMI7302D,663822.6900000001,285860.4583333333,354554.63358318637
2025-06,POE电源管理,TMI7303B,31900.51,31287.079999999998,40732.99735242342
2025-06,POE电源管理,TMI7303C,72830.92,60321.47833333333,46158.76224683443
2025-06,POE电源管理,TMI7321,45132.740000000005,100063.40833333334,82731.15898869527
2025-06,POE电源管理,TMI7604R,353705.25,133947.21166666667,151357.4979849666
2025-06,POE电源管理,TMI7608,86283.18,82781.97500000002,84194.84053942922
2025-06,POE电源管理,TMI7608R,184101.76,122685.93500000001,181107.2518509603
2025-06,POE电源管理,TMI7608RG,122973.44,133269.905,93871.40944191322
2025-06,POE电源管理,TMI7608S,565884.92,346149.0366666667,362731.70388219424
2025-06,充电与控制电源管理,IM2405,237964.37,144064.68333333332,109869.7895107196
2025-06,充电与控制电源管理,IM2406,17548.559999999998,136339.11833333332,135330.7338414763
2025-06,充电与控制电源管理,IM2603,179701.29,201807.44166666665,200634.0077585438
2025-06,充电与控制电源管理,IM2605,258849.44,124092.87833333331,99057.62705175058
2025-06,充电与控制电源管理,IM5200,15929.2,83727.795,57620.310970924154
2025-06,充电与控制电源管理,TMI2242D,57429.950000000004,38513.22000000001,29177.188664568843
2025-06,充电与控制电源管理,TMI2243D,33769.82,28021.02,26072.215964617666
2025-06,充电与控制电源管理,TMI2282,5803.54,26362.806666666667,28008.539429697546
2025-06,充电与控制电源管理,TMI2282L,53214.11,48630.135,62027.70863037079
2025-06,充电与控制电源管理,TMI2283QE,192923.72,106419.70666666667,115553.24194211433
2025-06,充电与控制电源管理,TMI2284Q,200999.69,143172.44999999998,130565.10419722405
2025-06,充电与控制电源管理,TMI2286D,35302.37,46251.41833333333,46126.09086694369
2025-06,充电与控制电源管理,TMI2605S,353097.25,169137.1133333333,132547.00625148744
2025-06,充电与控制电源管理,TMI3351,37460.15,68499.23,33596.83938376001
2025-06,充电与控制电源管理,TMI3352A,18365.28,89790.36166666668,92046.79118609335
2025-06,充电与控制电源管理,TMI5700,157549.28999999998,167382.82499999998,190192.91931676876
2025-06,充电与控制电源管理,TMI9431,13829.72,90758.12,100542.87944208733
2025-06,充电与控制电源管理,TMI9723,44028.98,32464.543333333335,43983.47821539673
2025-06,新显示MLED驱动,TMI9405,1360523.29,702872.6283333333,932295.0508230716
2025-06,有刷直流电机驱动,TMI1042,354689.97,158578.7283333333,68779.88986256927
2025-06,有刷直流电机驱动,TMI8110,464698.77999999997,184706.82166666666,256610.6550190647
2025-06,有刷直流电机驱动,TMI8113,200227.59,178153.8866666667,219958.22067752012
2025-06,有刷直流电机驱动,TMI8118,154599.55000000002,155243.73,172470.32975333283
2025-06,有刷直流电机驱动,TMI8118S,75734.3,56450.84333333333,55822.818665547515
2025-06,有刷直流电机驱动,TMI8122,23752.21,116342.43,122893.09800338867
2025-06,有刷直流电机驱动,TMI8123,96106.15,75843.635,111486.53526055424
2025-06,有刷直流电机驱动,TMI8140,494468.91,473864.7416666667,386796.77431627625
2025-06,有刷直流电机驱动,TMI8180A,1774396.95,2591156.308333333,3008402.9454349563
2025-06,有刷直流电机驱动,TMI8180G,1526772.52,2054581.6066666665,2040029.883527725
2025-06,有刷直流电机驱动,TMI8230,1290.0,45094.275,30734.40727395935
2025-06,有刷直流电机驱动,TMI8260C,148353.77,79255.57333333333,29712.8897259971
2025-06,有刷直流电机驱动,TMI8260DP,56017.65,103606.29833333334,117016.45107537945
2025-06,有刷直流电机驱动,TMI8260SP,184551.63,275674.15333333326,263146.75460810884
2025-06,有刷直流电机驱动,TMI8261,232035.25999999998,243280.04666666666,354216.5304296717
2025-06,有刷直流电机驱动,TMI8340,128017.65,141256.51666666666,150447.43604566847
2025-06,有刷直流电机驱动,TMI8360SP,111637.11,98513.58833333333,121800.33265054208
2025-06,有刷直流电机驱动,TMI8460SP,145619.4,85443.92333333332,110136.72275018324
2025-06,有刷直流电机驱动,TMI8723,248044.16,161343.89833333335,163865.30414522206
2025-06,有刷直流电机驱动,TMI8837,447586.77,353715.3466666667,352278.00787440594
2025-06,有刷直流电机驱动,TMI8870,1796308.64,1999711.7116666667,2340658.219980636
2025-06,有刷直流电机驱动,TMI8876,21061.94,36085.57,17825.455304826173
2025-06,有刷直流电机驱动,TMI8876R,7716.81,29297.906666666666,36235.5370455312
2025-06,有刷直流电机驱动,TMI8913,346592.7,182901.71833333335,220336.41274359045
2025-06,有刷直流电机驱动,TMI8920,2946.9,291431.12166666664,436638.2165410669
2025-06,有刷直流电机驱动,TMI8940D,111725.58,205991.7233333334,85229.75831590018
2025-06,步进电机驱动,TMI8150B,153913.99,381818.61666666664,293388.3926668771
2025-06,步进电机驱动,TMI8152,617713.12,533985.7233333333,690983.8674780487
2025-06,步进电机驱动,TMI8160,576280.67,238958.38166666668,381051.2660507386
2025-06,步进电机驱动,TMI8262,125442.45,99803.81666666667,134509.74418922493
2025-06,步进电机驱动,TMI8263,0.0,12013.271666666667,24505.275076382648
2025-06,步进电机驱动,TMI8420,84734.48999999999,43387.88833333333,49022.94564271557
2025-06,步进电机驱动,TMI8421,248560.80000000002,136610.77166666667,156559.50194431053
2025-06,电机驱动,SG501210(划片后),284673.43,255740.89833333335,237372.63371815853
2025-06,电脑&计算电源管理,TMI3388A,144011.97,101586.72499999999,85869.15115765829
2025-06,硬件锂电保护,JL1001,55221.12,78835.39666666667,69377.39672112705
2025-06,硬件锂电保护,SIT8036,117875.87999999999,108273.86166666668,114492.66958644283
2025-06,硬件锂电保护,SIT8252B,401203.06,308098.4533333333,308080.08104401047
2025-06,硬件锂电保护,SIT8252C,340988.63,227114.64166666663,210022.40645868366
2025-06,磁传感,TMI86881MAS,42632.55,49569.51666666666,30174.229865905287
2025-06,车规电机驱动,TMI8116-Q1,117963.52,85529.38166666667,81129.81799588529
2025-06,车规电机驱动,TMI8122-Q1,344297.86,119747.84499999999,162869.4442022026
2025-06,车规电机驱动,TMI8140-Q1,68584.07,129301.75166666666,163225.7324686557
2025-06,车规电机驱动,TMI8460-Q1,0.0,20590.791666666664,14307.058137841817
2025-06,车规电机驱动,TMI8720-Q1,76283.16,182066.13999999998,112809.8620791859
2025-06,车规电机驱动,TMI8721-Q1,10619.47,72466.8,136408.98733705367
2025-06,车规电机驱动,TMI8722-Q1,109380.48,292404.00999999995,326987.22550876864
2025-06,车规电源管理,TMI6411-50TB-Q1,19007.42,91598.30333333333,67994.04457454901
2025-06,通用电源管理,STI34061,141955.31,166142.96333333335,159339.1613733342
2025-06,通用电源管理,STI3408B,161042.29,234030.30166666667,257300.88360537068
2025-06,通用电源管理,STI3411A,64420.200000000004,174593.81333333332,175939.14176482818
2025-06,通用电源管理,STI3452,72702.88,65671.13166666667,47306.75426317461
2025-06,通用电源管理,STI3452HF,399532.17,77196.78166666666,141686.50939613092
2025-06,通用电源管理,STI3452HF2,0.0,0.0,0.0
2025-06,通用电源管理,STI3452HFI,898117.66,1354148.6966666665,1264053.2721317552
2025-06,通用电源管理,STI3452I,0.0,72319.93166666667,44357.067463089836
2025-06,通用电源管理,STI3453,1271895.17,1748757.206666667,1566015.4163829272
2025-06,通用电源管理,STI3453F,1785.42,146619.5766666667,97006.46293882497
2025-06,通用电源管理,STI3453FI,135128.86000000002,125029.60833333334,86174.84729103096
2025-06,通用电源管理,STI3454I,340019.73,288012.23666666663,309090.6640040154
2025-06,通用电源管理,STI3470,684124.9,666699.7833333333,700155.0670742026
2025-06,通用电源管理,STI3470D,288477.94999999995,400916.01499999996,316327.1017848708
2025-06,通用电源管理,STI3470I,45212.18,50910.08666666667,37524.793887693486
2025-06,通用电源管理,STI3472,374100.16,221264.11999999997,197874.6163559225
2025-06,通用电源管理,STI3508,447608.43,362945.585,336356.4032730319
2025-06,通用电源管理,STI3508C,269821.9,289092.205,251279.9205133733
2025-06,通用电源管理,STI3508CB,117657.63,157609.84,138904.87701054657
2025-06,通用电源管理,STI8035,31906.07,74590.54166666667,58931.85021569342
2025-06,通用电源管理,STI8036,841572.68,763767.7216666667,578761.8659650958
2025-06,通用电源管理,STI8036B,950638.02,782244.685,718605.5168243257
2025-06,通用电源管理,STI8036C,46367.2,62902.57333333333,40998.167478878124
2025-06,通用电源管理,STI8070A,2070.8,38035.57333333334,1502.0836049266875
2025-06,通用电源管理,STI8070C,188402.47,115970.79666666665,176756.88954038807
2025-06,通用电源管理,STI9287,68999.81,56720.73166666666,50499.423939852175
2025-06,通用电源管理,STI9287B,86415.59999999999,44987.924999999996,31936.51768397481
2025-06,通用电源管理,STI9287C,303855.86,361858.76499999996,338497.3165302938
2025-06,通用电源管理,STI9287CA,71381.83,85263.31333333334,74199.60995967484
2025-06,通用电源管理,STI9712,54201.72,39206.96,43115.36111995687
2025-06,通用电源管理,TM108J,27695.3,41792.175,54259.680374431475
2025-06,通用电源管理,TMI1304M,56041.44,96093.97333333334,92012.28841304054
2025-06,通用电源管理,TMI3101,58706.71,67598.32666666666,73957.38349603908
2025-06,通用电源管理,TMI3101C,84409.34,130904.99999999999,134197.48260540958
2025-06,通用电源管理,TMI3101D,51518.16,43420.285,36510.19820029797
2025-06,通用电源管理,TMI3108,423179.24,439295.77333333326,430150.1749378972
2025-06,通用电源管理,TMI3108K,112491.28,135873.76833333334,145538.8147506775
2025-06,通用电源管理,TMI3112,18019.48,43727.056666666664,54717.72110441776
2025-06,通用电源管理,TMI3112H,279914.83,302055.24500000005,302908.4168604044
2025-06,通用电源管理,TMI3113,138003.86000000002,189041.47166666665,191393.98764684596
2025-06,通用电源管理,TMI3113B,695145.61,626631.355,701999.5193700914
2025-06,通用电源管理,TMI3113D,70313.6,133089.01666666666,148645.06658162337
2025-06,通用电源管理,TMI3113H2,68790.35,68687.92333333332,89831.26347938296
2025-06,通用电源管理,TMI3113H2D,115159.66,95504.80333333333,80327.70042581158
2025-06,通用电源管理,TMI3117,11150.4,12185.805,12098.58867393985
2025-06,通用电源管理,TMI31601F,236006.04,319878.4483333333,339716.3367103371
2025-06,通用电源管理,TMI31602H,184985.0,168963.28166666665,139949.1533462762
2025-06,通用电源管理,TMI3181A,206626.38,101869.59999999999,139255.34523448878
2025-06,通用电源管理,TMI3214H,166482.03,233101.395,275706.37814592477
2025-06,通用电源管理,TMI3214HF,44203.32,27831.72,51980.922528792136
2025-06,通用电源管理,TMI3224,0.0,42035.33666666667,74996.5921762377
2025-06,通用电源管理,TMI3227T,0.0,42254.16166666667,36907.22784403899
2025-06,通用电源管理,TMI3244T,761865.6,767442.6583333333,713912.2047739933
2025-06,通用电源管理,TMI3244TF,26837.01,32299.671666666665,29304.664402312083
2025-06,通用电源管理,TMI3252,293831.33999999997,344512.5333333334,308274.6220486219
2025-06,通用电源管理,TMI3252S,1173653.82,1096892.39,906187.7995042726
2025-06,通用电源管理,TMI3252S2,141547.78,124772.94333333334,130253.65128306355
2025-06,通用电源管理,TMI3252SHF,234398.95,135747.64833333335,102125.2899619916
2025-06,通用电源管理,TMI3252T,442649.35,614600.63,583734.0453717269
2025-06,通用电源管理,TMI3252TF,86601.58,90365.22833333335,91463.29135958047
2025-06,通用电源管理,TMI3253,173824.95,236434.57499999998,201598.42489209134
2025-06,通用电源管理,TMI3253S,2449514.35,2304819.6283333334,1866879.578978421
2025-06,通用电源管理,TMI3253SH,69559.24,101658.99166666665,93305.65807241904
2025-06,通用电源管理,TMI3253SHF,160762.09,238416.12999999998,241840.98874468502
2025-06,通用电源管理,TMI3253T,804481.41,896008.0366666666,857856.6535389876
2025-06,通用电源管理,TMI3253TF,689555.3,251548.3966666667,236557.32906590897
2025-06,通用电源管理,TMI3253TH,80497.17,114148.85333333333,86416.77803766709
2025-06,通用电源管理,TMI3255,48903.26,133363.39166666666,72089.44193194585
2025-06,通用电源管理,TMI3255B,262101.49,240687.1133333333,117788.84978955756
2025-06,通用电源管理,TMI3255S,488077.73,277259.82833333337,273316.4338212245
2025-06,通用电源管理,TMI3255SF,52556.51,86731.98333333334,89151.19531324282
2025-06,通用电源管理,TMI3256,186747.28,209468.95166666666,150065.88092942294
2025-06,通用电源管理,TMI32560,191150.40000000002,92299.48666666668,76789.98815393289
2025-06,通用电源管理,TMI3257I,501659.45999999996,826694.0633333334,737270.700695548
2025-06,通用电源管理,TMI3258,427091.27,184938.13166666668,183835.75685258358
2025-06,通用电源管理,TMI3259,1946.9,73490.99,6006.7531119612095
2025-06,通用电源管理,TMI3273T,59840.36,75789.35,72630.74723060429
2025-06,通用电源管理,TMI3281,172791.89,214993.40833333333,176586.17678570125
2025-06,通用电源管理,TMI3282,15530.99,38840.68,51034.90517002262
2025-06,通用电源管理,TMI3286B,84361.95,71817.47499999999,80233.8865422779
2025-06,通用电源管理,TMI3331,23893.739999999998,147968.72999999998,44549.57611705676
2025-06,通用电源管理,TMI3341,43672.48,84382.17333333334,83276.3693368554
2025-06,通用电源管理,TMI3342,121808.23999999999,99852.80166666668,113446.05888094642
2025-06,通用电源管理,TMI33431,66371.61,27672.52666666666,26007.0867853979
2025-06,通用电源管理,TMI33431E,374415.3,390321.16333333333,326303.584802727
2025-06,通用电源管理,TMI3343B,38230.03999999999,55835.95999999999,50276.74903910959
2025-06,通用电源管理,TMI3344,117583.75,120549.185,133920.72884745582
2025-06,通用电源管理,TMI3359,112239.34,105130.98166666667,62965.68845430382
2025-06,通用电源管理,TMI3408,167530.68,276773.5716666667,277227.7798529554
2025-06,通用电源管理,TMI3408      CVT,38708.05,11382.776666666667,8702.132630771557
2025-06,通用电源管理,TMI3408C,275926.43,376416.9766666666,356570.79870049475
2025-06,通用电源管理,TMI3408D,93411.26000000001,69079.15499999998,50819.88778316593
2025-06,通用电源管理,TMI3408F,494218.62,411765.355,471376.95967280574
2025-06,通用电源管理,TMI3410,870012.18,663906.4349999999,818572.5769641176
2025-06,通用电源管理,TMI3411,404191.15,576670.0066666666,543781.4802858611
2025-06,通用电源管理,TMI3411P,15052.34,26378.685,25829.32662768761
2025-06,通用电源管理,TMI3421,656241.5,326445.49,424752.29378980055
2025-06,通用电源管理,TMI3493,5115.049999999999,28186.38666666667,25316.72144204862
2025-06,通用电源管理,TMI3494,78716.77,111792.705,150158.5835396
2025-06,通用电源管理,TMI36030,272679.12,102032.085,136895.26521394346
2025-06,通用电源管理,TMI4056E,48106.04,39569.776666666665,53713.45372233662
2025-06,通用电源管理,TMI5101,366028.61,322014.6616666667,355427.29530373245
2025-06,通用电源管理,TMI5102,98203.20000000001,44854.06333333333,42436.34508377343
2025-06,通用电源管理,TMI5111,124739.23,252078.95666666667,254715.0781297705
2025-06,通用电源管理,TMI5130A,40619.43,43761.01666666666,42576.58653625341
2025-06,通用电源管理,TMI5302,212840.46000000002,77035.73333333332,76618.60614498366
2025-06,通用电源管理,TMI6030,68468.43000000001,75258.46333333333,54697.848922040735
2025-06,通用电源管理,TMI6030-12,45165.16,32432.066666666666,36383.59708352854
2025-06,通用电源管理,TMI6030-18,179087.46,215377.6466666667,211549.22411032463
2025-06,通用电源管理,TMI6030-25,90385.13,66746.34833333334,71492.37685839398
2025-06,通用电源管理,TMI6030-28,153932.05,252199.71666666667,253589.11542030374
2025-06,通用电源管理,TMI6030-33,106479.82,134742.23166666666,138373.35216255052
2025-06,通用电源管理,TMI6050,920860.28,1030177.92,927183.4014245694
2025-06,通用电源管理,TMI6050-18,182854.49,218063.45833333334,187036.65991309375
2025-06,通用电源管理,TMI6050-25,73850.97,84983.70166666668,79205.65051917186
2025-06,通用电源管理,TMI6050-33,51556.840000000004,151428.40833333333,162116.07785097664
2025-06,通用电源管理,TMI6050U,19589.27,48834.35833333333,45598.59948883352
2025-06,通用电源管理,TMI6240,641676.84,823574.4333333332,924564.4818706285
2025-06,通用电源管理,TMI6240I,212872.51,131593.03666666665,158655.82164333473
2025-06,通用电源管理,TMI6260C,295452.10000000003,142294.80166666667,179115.34467384062
2025-06,通用电源管理,TMI6261B,309370.98,175053.17833333334,194755.59888902295
2025-06,通用电源管理,TMI6262AL,157801.13,208959.845,206156.75925253748
2025-06,通用电源管理,TMI6263AH,180786.54,179943.96166666667,150872.68095037446
2025-06,通用电源管理,TMI6263BH,958677.48,950424.0883333334,1027319.2568277662
2025-06,通用电源管理,TMI6263BH定制丝印,7061.9,95408.20166666666,99567.1293566437
2025-06,通用电源管理,TMI6401,175385.48,165878.23333333334,176309.8339187365
2025-06,通用电源管理,TMI6601A,28141.210000000003,62631.14333333335,77621.93968390797
2025-06,通用电源管理,TMI6809-263,53519.94,39508.60833333334,43288.82559914581
2025-06,通用电源管理,TMI6809-293,16227.96,36884.78333333333,39207.053191296094
2025-06,通用电源管理,TMI7003C,143282.93,156056.72166666665,163436.42312634503
2025-06,通用电源管理,TMI7205B,5407.96,27939.199999999997,52181.66145378112
2025-06,通用电源管理,TMI8037,500406.94,203876.03999999995,174488.35416450535
2025-06,音频功放,TMS8609DTF-TR,57982.28,57517.674999999996,30474.57340246439
2025-07,POE电源管理,TMI7301,296415.58,74325.87666666666,119455.22907695446
2025-07,POE电源管理,TMI7302A,58778.67,30526.508333333335,22337.054216853885
2025-07,POE电源管理,TMI7302D,318185.69,357201.13999999996,512815.96886455896
2025-07,POE电源管理,TMI7303B,0.0,32754.058333333338,36073.51093346639
2025-07,POE电源管理,TMI7303C,54955.7,64428.645,63220.30441054525
2025-07,POE电源管理,TMI7321,109115.04,66081.11166666668,85865.66406847956
2025-07,POE电源管理,TMI7604R,165221.22,147906.93833333332,223049.62306015418
2025-07,POE电源管理,TMI7608,86283.19,75939.35,64984.338335639004
2025-07,POE电源管理,TMI7608R,108495.56999999999,146309.01833333334,213485.77291592452
2025-07,POE电源管理,TMI7608RG,61486.72,90128.31333333334,104299.76532197162
2025-07,POE电源管理,TMI7608S,312477.86,412343.7216666667,405343.45910420886
2025-07,POE电源管理,TMI7608SG,190778.75,66371.68,135103.32812391588
2025-07,充电与控制电源管理,IM2405,13716.810000000001,143113.35333333333,114267.77770200059
2025-07,充电与控制电源管理,IM2406,39953.21,115943.85666666669,92676.35085352576
2025-07,充电与控制电源管理,IM2423P,205690.81,110097.35333333332,162359.0105850829
2025-07,充电与控制电源管理,IM2603,204849.44,180593.96,194970.7984034235
2025-07,充电与控制电源管理,IM2605,16725.66,163915.86833333332,164768.0418722422
2025-07,充电与控制电源管理,IM5200,130972.51,65194.61833333334,50571.640813201666
2025-07,充电与控制电源管理,TMI2242D,55900.83,41713.19833333334,35204.572285237824
2025-07,充电与控制电源管理,TMI2243D,0.0,29233.399999999998,25675.547277016598
2025-07,充电与控制电源管理,TMI2243定制丝印,62362.79,22821.188333333335,33405.042776786744
2025-07,充电与控制电源管理,TMI2282,42658.34,23710.596666666668,19924.816646637424
2025-07,充电与控制电源管理,TMI2282L,51238.85,51499.16333333333,58166.574441229786
2025-07,充电与控制电源管理,TMI2283QE,175035.23,119794.90999999999,129243.41714820058
2025-07,充电与控制电源管理,TMI2284Q,130725.47,127194.53833333333,176224.66446965566
2025-07,充电与控制电源管理,TMI2286D,47761.02,41276.75,41368.3728694161
2025-07,充电与控制电源管理,TMI2605S,97407.06,200088.43333333335,167772.70642732404
2025-07,充电与控制电源管理,TMI3351,48792.01,42890.829999999994,43819.034159176044
2025-07,充电与控制电源管理,TMI3352A,41050.6,78319.71,90188.22256142522
2025-07,充电与控制电源管理,TMI5700,206000.04,165632.06666666668,172193.97176010182
2025-07,充电与控制电源管理,TMI9431,248197.77000000002,77734.16666666666,73187.2972532146
2025-07,充电与控制电源管理,TMI9723,34407.08,39802.70666666667,35466.33048527863
2025-07,新显示MLED驱动,TMI9405,1539147.0,852551.2983333333,1428292.0619870669
2025-07,有刷直流电机驱动,TMI1042,140176.87,94513.19333333331,152388.44340530684
2025-07,有刷直流电机驱动,TMI8110,100088.43,241017.9833333333,310772.10234669765
2025-07,有刷直流电机驱动,TMI8113,199272.59,188996.0266666667,215360.0108944439
2025-07,有刷直流电机驱动,TMI8118,242152.64,150364.3866666667,117291.28629275209
2025-07,有刷直流电机驱动,TMI8118S,52364.77,58387.665,50997.99085960171
2025-07,有刷直流电机驱动,TMI8122,167205.27000000002,112784.90833333333,61840.057166823324
2025-07,有刷直流电机驱动,TMI8123,128433.59,82289.05833333333,86919.48124043742
2025-07,有刷直流电机驱动,TMI8140,255067.7,447875.36833333335,397041.2713641354
2025-07,有刷直流电机驱动,TMI8180A,854669.98,2531568.84,2288402.196409136
2025-07,有刷直流电机驱动,TMI8180G,1192915.63,1984931.1266666667,1376159.052213706
2025-07,有刷直流电机驱动,TMI8230,46761.2,39170.346666666665,12922.756924326066
2025-07,有刷直流电机驱动,TMI8260C,60289.35,78779.15166666667,60605.751405411065
2025-07,有刷直流电机驱动,TMI8260DP,90353.92,93185.955,92321.57733135179
2025-07,有刷直流电机驱动,TMI8260SP,175008.71,243450.5,204688.89679106753
2025-07,有刷直流电机驱动,TMI8261,265725.47,265007.79833333334,230979.84410622154
2025-07,有刷直流电机驱动,TMI8340,162751.22999999998,141884.85166666668,112664.73104108796
2025-07,有刷直流电机驱动,TMI8360SP,36504.4,98181.21333333333,114829.76105264797
2025-07,有刷直流电机驱动,TMI8460SP,133017.62000000002,97103.20666666667,117409.06853455503
2025-07,有刷直流电机驱动,TMI8723,404973.25,184304.06499999997,171349.09210988923
2025-07,有刷直流电机驱动,TMI8837,493736.71,374974.0416666667,362458.7498237387
2025-07,有刷直流电机驱动,TMI8870,1962714.61,2082348.346666667,1795737.3119500587
2025-07,有刷直流电机驱动,TMI8876,18584.06,32603.53333333333,17027.17648435069
2025-07,有刷直流电机驱动,TMI8876R,86619.41,21362.811666666665,13479.05295951563
2025-07,有刷直流电机驱动,TMI8913,389894.87,199920.88,246501.6544379114
2025-07,有刷直流电机驱动,TMI8920,1500.0,268951.55666666664,273884.92119665554
2025-07,有刷直流电机驱动,TMI8940D,258297.18000000002,172219.62666666668,69083.71878273999
2025-07,步进电机驱动,TMI8150B,149154.66,286245.19,113926.85246521355
2025-07,步进电机驱动,TMI8152,660540.64,561291.615,348859.8715601006
2025-07,步进电机驱动,TMI8160,785259.15,287682.5,232220.11720597008
2025-07,步进电机驱动,TMI8262,220592.86,99060.45166666666,66462.64802107586
2025-07,步进电机驱动,TMI8263,49778.75,12013.271666666667,11083.127842681897
2025-07,步进电机驱动,TMI8420,43871.68,54250.90166666667,28472.965378062287
2025-07,步进电机驱动,TMI8421,170053.04,168687.30833333335,124417.0896971092
2025-07,电机驱动,SG501210(划片后),419069.2,232417.75999999998,226537.50840111778
2025-07,电脑&计算电源管理,TMI3388A,217445.81,120851.90833333333,157072.4334136571
2025-07,硬件锂电保护,JL1001,110442.24,56515.09666666667,55165.50649034405
2025-07,硬件锂电保护,SIT8036,32601.71,100946.45166666666,121968.56560528777
2025-07,硬件锂电保护,SIT8252B,173097.16999999998,313401.01499999996,316285.30343131436
2025-07,硬件锂电保护,SIT8252C,225902.46000000002,234970.365,260207.13910900473
2025-07,硬件锂电保护,TMI4101AN,49557.51,30353.97666666667,34268.76783382961
2025-07,磁传感,TMI86881MAS,35973.33,39290.495,37953.62485791115
2025-07,车规电机驱动,TMI8116-Q1,43921.409999999996,84549.96833333334,80287.82646534158
2025-07,车规电机驱动,TMI8122-Q1,19159.28,171606.63,212450.14396774294
2025-07,车规电机驱动,TMI8140-Q1,220424.76,97369.60166666667,133492.4185860647
2025-07,车规电机驱动,TMI8460-Q1,0.0,7194.686666666666,5406.3601708906435
2025-07,车规电机驱动,TMI8720-Q1,122053.04999999999,150777.07333333333,63025.392731847714
2025-07,车规电机驱动,TMI8721-Q1,10619.47,72417.39166666665,76316.49003689714
2025-07,车规电机驱动,TMI8722-Q1,350442.4,270368.605,167559.14859480367
2025-07,车规电源管理,TMI6411-50TB-Q1,155701.16,92786.26666666668,28923.12445687726
2025-07,通用电源管理,STI34061,208618.31,155087.70333333334,181925.3940349009
2025-07,通用电源管理,STI3408B,163684.04,226533.44666666668,230538.2947433378
2025-07,通用电源管理,STI3411A,73406.81,144023.15,123334.63192180608
2025-07,通用电源管理,STI3452,117908.39,57067.43833333333,62033.159480338094
2025-07,通用电源管理,STI3452HF,385852.99,142642.4833333333,272407.51925774734
2025-07,通用电源管理,STI3452HF2,0.0,0.0,0.0
2025-07,通用电源管理,STI3452HFI,832359.11,1323172.7133333331,1130939.0492999128
2025-07,通用电源管理,STI3452I,16487.92,59987.26500000001,33434.78919331733
2025-07,通用电源管理,STI3453,1185121.06,1677935.6916666667,1467080.1114245332
2025-07,通用电源管理,STI3453F,84271.84,83339.89166666668,79616.2639433313
2025-07,通用电源管理,STI3453FI,145657.88,126881.47499999999,99576.46842864905
2025-07,通用电源管理,STI3454I,19769.9,326458.1583333334,280420.35151308106
2025-07,通用电源管理,STI3470,746252.01,646587.615,763755.0253900756
2025-07,通用电源管理,STI3470D,409291.15,404093.08499999996,356919.4766292274
2025-07,通用电源管理,STI3470I,83558.86,53722.01666666667,43129.61450952317
2025-07,通用电源管理,STI3472,103834.29,235634.1416666667,246466.27318479185
2025-07,通用电源管理,STI3508,217117.52,340927.815,368329.61329165124
2025-07,通用电源管理,STI3508C,392775.11,286903.36166666663,272583.8302987549
2025-07,通用电源管理,STI3508CB,184638.43,146045.60166666665,130224.25029436646
2025-07,通用电源管理,STI8035,52431.56,63342.583333333336,45559.36353855433
2025-07,通用电源管理,STI8036,466879.06,652922.3183333334,689837.7270702092
2025-07,通用电源管理,STI8036B,736146.14,832056.9566666667,882464.3177826479
2025-07,通用电源管理,STI8036C,56787.49,61674.700000000004,45720.51974119629
2025-07,通用电源管理,STI8070A,2070.8,32211.40166666667,1525.5618533985846
2025-07,通用电源管理,STI8070C,309100.22000000003,141656.6,182376.7313604425
2025-07,通用电源管理,STI9287,25045.07,55397.27,60825.87882548957
2025-07,通用电源管理,STI9287B,40393.7,50673.73333333333,46567.15206962726
2025-07,通用电源管理,STI9287C,465999.18,292645.8666666667,324048.99061671103
2025-07,通用电源管理,STI9287CA,196345.02,84318.81000000001,77520.85517784861
2025-07,通用电源管理,STI9712,57030.02,38851.25666666667,47386.92722301582
2025-07,通用电源管理,TM108J,51581.75,45186.15,52513.78701186289
2025-07,通用电源管理,TMI1304M,0.0,93207.935,55329.27583434745
2025-07,通用电源管理,TMI3101,53585.64,61011.136666666665,81674.89205748872
2025-07,通用电源管理,TMI3101C,54504.11,122291.92333333332,144539.7230256061
2025-07,通用电源管理,TMI3101D,58243.04,33428.331666666665,42957.86734693856
2025-07,通用电源管理,TMI3108,460974.74,410018.2166666666,473637.76390738797
2025-07,通用电源管理,TMI3108K,220177.54,121079.195,146838.08956894066
2025-07,通用电源管理,TMI3112,14874.08,39692.415,39632.552532206406
2025-07,通用电源管理,TMI3112H,356377.75,288992.11833333335,278694.77801660524
2025-07,通用电源管理,TMI3113,200968.18,175235.6433333333,189003.07181850154
2025-07,通用电源管理,TMI3113B,751348.63,629171.7499999999,692715.8376971358
2025-07,通用电源管理,TMI3113D,191944.69,122206.27333333333,122480.74276363481
2025-07,通用电源管理,TMI3113H2,92502.73,73414.05833333333,79778.6827751623
2025-07,通用电源管理,TMI3113H2D,98683.48000000001,96793.145,82425.70266761823
2025-07,通用电源管理,TMI3117,23495.48,8336.248333333333,14770.190220339471
2025-07,通用电源管理,TMI31601F,558083.43,280836.39,314993.9105753527
2025-07,通用电源管理,TMI31602H,269720.73,152447.86166666666,163492.9412754815
2025-07,通用电源管理,TMI3181A,180753.62,128542.29333333333,174450.18205445842
2025-07,通用电源管理,TMI3214H,108920.59999999999,243016.56666666665,268612.34197984025
2025-07,通用电源管理,TMI3214HF,0.0,35198.94,49565.55771968409
2025-07,通用电源管理,TMI3224,0.0,41734.45333333333,73048.0241565504
2025-07,通用电源管理,TMI3227T,0.0,25955.585000000003,24686.754923584507
2025-07,通用电源管理,TMI3244T,694716.6,754132.5766666665,787573.3577674273
2025-07,通用电源管理,TMI3244TF,50142.95,35090.306666666664,31516.19125956291
2025-07,通用电源管理,TMI3252,250606.25,324863.31,283752.1044214387
2025-07,通用电源管理,TMI3252S,1346004.03,1062820.8433333335,1076426.441367434
2025-07,通用电源管理,TMI3252S2,29244.61,132632.85,93484.55879154021
2025-07,通用电源管理,TMI3252SHF,87992.59,140762.82000000004,147819.39576801163
2025-07,通用电源管理,TMI3252T,390467.85,592255.0216666667,535272.300830828
2025-07,通用电源管理,TMI3252TF,187085.11,79880.94666666667,120482.96745781605
2025-07,通用电源管理,TMI3253,238582.63,208681.23166666666,188519.12643653294
2025-07,通用电源管理,TMI3253S,2541670.7,2223479.2499999995,2081712.0501041117
2025-07,通用电源管理,TMI3253SH,87436.23,93567.27000000002,95681.86896639358
2025-07,通用电源管理,TMI3253SHF,236886.44999999998,232810.96,206903.6354558331
2025-07,通用电源管理,TMI3253T,772084.57,868386.5683333334,822149.2612427505
2025-07,通用电源管理,TMI3253TF,192448.32,297852.675,418359.9632291729
2025-07,通用电源管理,TMI3253TH,157550.37,101787.04666666668,91033.75936649759
2025-07,通用电源管理,TMI3255,79365.55,91645.02,72383.83188164892
2025-07,通用电源管理,TMI3255B,207949.35,207077.76333333334,135710.82459012666
2025-07,通用电源管理,TMI3255S,366054.23,303798.12833333336,328600.68335277634
2025-07,通用电源管理,TMI3255SF,34843.86,85243.44333333334,69768.39415940388
2025-07,通用电源管理,TMI3256,168333.71,191337.38,136553.0015473306
2025-07,通用电源管理,TMI32560,1911.5,73685.82500000001,143093.28593472237
2025-07,通用电源管理,TMI3257I,391320.71,789537.4866666667,692608.5076398714
2025-07,通用电源管理,TMI3258,193427.66,226290.75166666668,317266.1038677889
2025-07,通用电源管理,TMI3259,18076.32,4986.058333333333,5239.2699557392725
2025-07,通用电源管理,TMI3273T,53264.01,72756.95,76907.80596129801
2025-07,通用电源管理,TMI3281,410235.08999999997,194159.32666666666,175241.42967960655
2025-07,通用电源管理,TMI3282,82831.86,41429.17833333334,43363.5889049283
2025-07,通用电源管理,TMI3286B,71007.65999999999,75777.69333333333,66943.44877038871
2025-07,通用电源管理,TMI3331,94970.18,126667.85999999999,36558.888921526304
2025-07,通用电源管理,TMI3341,22768.329999999998,72176.43833333334,58692.430067589434
2025-07,通用电源管理,TMI3342,100525.06999999999,106515.91166666667,127098.30265572974
2025-07,通用电源管理,TMI3342C,437386.57,94110.73333333334,157400.85408114293
2025-07,通用电源管理,TMI33431,187088.13,29455.714999999997,41351.40844682489
2025-07,通用电源管理,TMI33431E,389822.54,373519.9783333333,298512.1442868129
2025-07,通用电源管理,TMI3343B,4465.75,56189.94166666666,35773.286958663695
2025-07,通用电源管理,TMI3344,189504.28,125456.21999999999,130681.01297970481
2025-07,通用电源管理,TMI3359,96890.37,103832.92833333333,90753.81080098433
2025-07,通用电源管理,TMI3408,257100.13,249558.12833333333,265705.2533554052
2025-07,通用电源管理,TMI3408      CVT,59854.11,13559.791666666666,21723.328047781044
2025-07,通用电源管理,TMI3408C,384597.68,341184.29,361591.4742527135
2025-07,通用电源管理,TMI3408D,41216.75,68665.41,73673.12424804352
2025-07,通用电源管理,TMI3408F,510360.33,413467.81833333336,525276.7034317799
2025-07,通用电源管理,TMI3410,827059.5,732388.4833333334,847212.5295600371
2025-07,通用电源管理,TMI3411,528601.27,528040.4283333333,510865.8101300541
2025-07,通用电源管理,TMI3411P,22477.01,24692.481666666663,19354.997379746143
2025-07,通用电源管理,TMI3421,995765.86,421746.93333333335,469962.95727883856
2025-07,通用电源管理,TMI3493,28809.73,23940.815,21242.78255795176
2025-07,通用电源管理,TMI3494,65514.11,110951.995,110995.02590709679
2025-07,通用电源管理,TMI36030,60079.46,140579.09,198417.34355937436
2025-07,通用电源管理,TMI4056E,113610.7,44014.44666666666,58999.04838662487
2025-07,通用电源管理,TMI5101,424708.13,333691.3233333333,402191.48680817016
2025-07,通用电源管理,TMI5102,65282.8,58955.785,77109.75100532113
2025-07,通用电源管理,TMI5111,261103.96000000002,228523.59166666667,247610.50787070504
2025-07,通用电源管理,TMI5130A,51809.7,39017.65333333333,37676.31246575297
2025-07,通用电源管理,TMI5302,273008.55,88934.71666666667,144270.14182944995
2025-07,通用电源管理,TMI6030,107420.42,69076.32833333334,59034.14553236468
2025-07,通用电源管理,TMI6030-12,36943.14,35676.14666666667,43901.30782272497
2025-07,通用电源管理,TMI6030-18,175293.52,192767.27833333335,205425.16243737366
2025-07,通用电源管理,TMI6030-25,66897.74,67223.15333333334,70894.43251736843
2025-07,通用电源管理,TMI6030-28,239602.95,217362.78333333333,245213.12357893432
2025-07,通用电源管理,TMI6030-33,55766.27,131016.92833333334,136753.83192652275
2025-07,通用电源管理,TMI6050,651285.84,1036958.15,897411.0886679364
2025-07,通用电源管理,TMI6050-18,142028.8,209459.55666666667,169798.88628871815
2025-07,通用电源管理,TMI6050-25,74639.89,82200.18666666666,74529.58140985192
2025-07,通用电源管理,TMI6050-33,122960.1,131389.6433333333,110153.26982628921
2025-07,通用电源管理,TMI6050U,36806.88,42749.24666666666,42738.41647530455
2025-07,通用电源管理,TMI6240,757591.49,850123.7050000001,935580.2178009497
2025-07,通用电源管理,TMI6240I,91128.26000000001,154735.52,207628.31556032333
2025-07,通用电源管理,TMI6260A,127051.62,63710.013333333336,97851.86492074285
2025-07,通用电源管理,TMI6260C,225280.62,167919.6466666667,224826.90668998688
2025-07,通用电源管理,TMI6261B,226234.25,200576.05500000002,255004.576197169
2025-07,通用电源管理,TMI6262AL,165722.12,200421.72833333336,196240.54124455276
2025-07,通用电源管理,TMI6263AH,297463.58999999997,158634.18000000002,151507.40739349672
2025-07,通用电源管理,TMI6263BH,943537.48,976439.5533333333,1076408.3502585844
2025-07,通用电源管理,TMI6263BH定制丝印,0.0,75673.10000000002,104207.55555117062
2025-07,通用电源管理,TMI6263CH,20661.4,69489.98666666666,74626.11335707223
2025-07,通用电源管理,TMI6401,86495.34,166846.25333333333,173841.60793771595
2025-07,通用电源管理,TMI6601A,238.94,61162.09333333333,82289.6642367869
2025-07,通用电源管理,TMI6809-263,22304.06,36008.385,37000.46059943371
2025-07,通用电源管理,TMI6809-293,30300.82,31108.441666666666,34003.57076202315
2025-07,通用电源管理,TMI7003C,126057.31,139813.385,142942.13869888123
2025-07,通用电源管理,TMI7205B,5407.96,28840.52666666666,56898.26687089494
2025-07,通用电源管理,TMI8037,178616.53999999998,245028.32666666666,263369.3203055991
2025-07,音频功放,TMS8609DTF-TR,35123.87,37845.11666666667,20105.756486602455
2025-08,POE电源管理,TME7624,14159.29,161955.95500000002,374388.0714196858
2025-08,POE电源管理,TME7628S,6637.17,94464.88333333335,233347.78739990096
2025-08,POE电源管理,TMI7301,101017.59,117755.02666666666,218771.89307891676
2025-08,POE电源管理,TMI7302A,58619.380000000005,29070.76,46395.774748404794
2025-08,POE电源管理,TMI7302D,1685307.48,346552.9283333333,640565.708025049
2025-08,POE电源管理,TMI7303B,7911.5,29110.376666666667,22861.401519342027
2025-08,POE电源管理,TMI7303C,22831.84,49863.52333333334,76907.7735316857
2025-08,POE电源管理,TMI7321,220672.52,73249.25499999999,125835.97947838072
2025-08,POE电源管理,TMI7604R,261805.27,168607.525,291259.0233885176
2025-08,POE电源管理,TMI7608,189823.0,75399.52666666667,81546.28390212607
2025-08,POE电源管理,TMI7608R,175744.95,157816.98166666666,188921.25415675156
2025-08,POE电源管理,TMI7608RG,0.0,100376.09999999999,158484.9063738165
2025-08,POE电源管理,TMI7608S,562962.8,397370.26999999996,522925.7175425726
2025-08,POE电源管理,TMI7608SG,199115.04,98168.13833333332,210263.94788243805
2025-08,充电与控制电源管理,IM2405,230044.05,118631.36666666668,110603.96203802004
2025-08,充电与控制电源管理,IM2406,58345.11,93579.94499999999,63804.673315765205
2025-08,充电与控制电源管理,IM2423P,438791.88,142240.785,155896.32222643078
2025-08,充电与控制电源管理,IM2603,229991.02999999997,201717.84,205349.3364635503
2025-08,充电与控制电源管理,IM2605,6371.68,142367.20333333334,109435.61477666635
2025-08,充电与控制电源管理,IM5200,68123.86,69545.50000000001,69174.3757209252
2025-08,充电与控制电源管理,TMI2242D,36106.08,44658.323333333334,36354.71984758367
2025-08,充电与控制电源管理,TMI2243D,52566.24,25251.11,11767.62392404226
2025-08,充电与控制电源管理,TMI2243定制丝印,0.0,33214.98666666667,43835.14357691277
2025-08,充电与控制电源管理,TMI2282,46964.53,25267.224999999995,23082.801027707694
2025-08,充电与控制电源管理,TMI2282EQ定制丝印,33289.65,23839.693333333333,10181.820979238326
2025-08,充电与控制电源管理,TMI2282L,79964.51,56950.48166666666,56799.16092202167
2025-08,充电与控制电源管理,TMI2283QE,58128.3,129337.47499999999,146191.14481727933
2025-08,充电与控制电源管理,TMI2284Q,141955.58000000002,140111.55833333332,158988.08172905302
2025-08,充电与控制电源管理,TMI2286,16815.86,17199.554999999997,17931.074671804854
2025-08,充电与控制电源管理,TMI2286D,37964.56,44679.40333333333,41118.71758878382
2025-08,充电与控制电源管理,TMI2605S,103407.04,185305.25333333333,172320.6640427334
2025-08,充电与控制电源管理,TMI3351,83734.48000000001,44938.76499999999,45580.42116245445
2025-08,充电与控制电源管理,TMI3352A,32183.33,74912.22499999999,25779.44746410497
2025-08,充电与控制电源管理,TMI5700,163119.19,195592.25166666668,172176.94311243264
2025-08,充电与控制电源管理,TMI9431,190517.65,106398.39666666667,150901.7127476389
2025-08,充电与控制电源管理,TMI9723,32601.739999999998,39696.53166666667,39204.563178572265
2025-08,新显示MLED驱动,TMI9405,905932.9600000001,1051608.5383333333,1609487.0198157132
2025-08,有刷直流电机驱动,TMI1042,165663.59,117876.00499999999,190212.82104161318
2025-08,有刷直流电机驱动,TMI8110,663706.58,252762.2233333333,240645.89311276964
2025-08,有刷直流电机驱动,TMI8113,172414.47,195982.62333333332,192991.90281121345
2025-08,有刷直流电机驱动,TMI8118,161544.47,177148.59333333335,143031.50926831964
2025-08,有刷直流电机驱动,TMI8118S,59734.23,57048.85166666668,52581.04531845199
2025-08,有刷直流电机驱动,TMI8122,121274.32,138115.58166666667,89532.88351075373
2025-08,有刷直流电机驱动,TMI8123,236548.62,101703.50666666665,113225.71690017858
2025-08,有刷直流电机驱动,TMI8140,366143.74,418310.2650000001,257958.8236875197
2025-08,有刷直流电机驱动,TMI8180A,993588.3099999999,2302629.303333333,1745768.3220376032
2025-08,有刷直流电机驱动,TMI8180G,879572.89,1758097.3333333333,1019374.5315167967
2025-08,有刷直流电机驱动,TMI8230,89765.65,34359.51666666666,25238.173988268314
2025-08,有刷直流电机驱动,TMI8260C,94354.95000000001,60313.63999999999,67587.64257750851
2025-08,有刷直流电机驱动,TMI8260DP,54778.71,92008.22333333334,94301.05939581612
2025-08,有刷直流电机驱动,TMI8260SP,300284.07,212835.47166666668,176915.9192290594
2025-08,有刷直流电机驱动,TMI8261,602845.66,298698.0366666667,164779.73469919572
2025-08,有刷直流电机驱动,TMI8340,52355.72,145691.48666666666,112180.61629118097
2025-08,有刷直流电机驱动,TMI8360SP,151991.1,89986.52166666667,91679.19198982908
2025-08,有刷直流电机驱动,TMI8460SP,172971.62,108564.84999999999,89932.23693279027
2025-08,有刷直流电机驱动,TMI8723,138053.01,219694.6,245741.64643560507
2025-08,有刷直流电机驱动,TMI8837,322402.97000000003,381753.2783333333,392522.2244934753
2025-08,有刷直流电机驱动,TMI8870,2273433.07,2084342.61,1758090.0085435836
2025-08,有刷直流电机驱动,TMI8876,0.0,35700.87666666666,11757.405383891879
2025-08,有刷直流电机驱动,TMI8876R,67256.58,34407.051666666666,36785.907328201436
2025-08,有刷直流电机驱动,TMI8913,249521.92,263870.9083333334,267990.56637301395
2025-08,有刷直流电机驱动,TMI8920,5283.92,230544.61833333332,102712.2026632355
2025-08,有刷直流电机驱动,TMI8940D,197123.76,157747.07833333334,107310.3247606411
2025-08,步进电机驱动,TMI8150B,125425.96,241465.81833333336,109246.8306892997
2025-08,步进电机驱动,TMI8152,794879.11,580983.5016666667,469880.58445876674
2025-08,步进电机驱动,TMI8160,1366822.41,380486.77499999997,397436.2237370127
2025-08,步进电机驱动,TMI8262,100752.19,123613.54166666667,108892.14356798943
2025-08,步进电机驱动,TMI8263,0.0,20309.73,24903.949700798024
2025-08,步进电机驱动,TMI8420,57960.17,54546.62499999999,40609.03634556046
2025-08,步进电机驱动,TMI8421,120973.4,173135.68166666667,154357.12178806233
2025-08,电机驱动,SG501210(划片后),130065.89,256181.09,249543.4438912114
2025-08,电脑&计算电源管理,TMI3388A,237863.43,148679.45166666666,189560.08984211888
2025-08,硬件锂电保护,JL1001,55221.12,74922.13666666667,75807.70957306163
2025-08,硬件锂电保护,SIT2122,0.0,53653.831666666665,55785.96380176007
2025-08,硬件锂电保护,SIT8036,74654.72,97176.54999999999,89146.96693361628
2025-08,硬件锂电保护,SIT8252B,247224.06,309330.2233333333,303158.265070867
2025-08,硬件锂电保护,SIT8252C,229824.88,232184.97833333336,261098.81601076404
2025-08,硬件锂电保护,TMI4101AN,19469.02,33008.84333333333,42459.686291922175
2025-08,磁传感,TMI86881MAS,40752.04,39936.52166666667,36212.354493455605
2025-08,车规电机驱动,TMI8116-Q1,136153.03,71310.20333333332,81162.27883405259
2025-08,车规电机驱动,TMI8122-Q1,72831.85,143338.69999999998,155504.4201917395
2025-08,车规电机驱动,TMI8140-Q1,796.46,131393.19666666666,161950.30123129894
2025-08,车规电机驱动,TMI8460-Q1,0.0,7194.686666666666,412.78321980729567
2025-08,车规电机驱动,TMI8720-Q1,106796.42,111364.11166666665,104873.12753290456
2025-08,车规电机驱动,TMI8721-Q1,37964.61,62632.73666666666,10048.462580515534
2025-08,车规电机驱动,TMI8722-Q1,280353.92,274085.43166666664,210186.57331523448
2025-08,车规电源管理,TMI6411-50TB-Q1,238150.69999999998,118736.46000000002,108882.47095473029
2025-08,通用电源管理,STI34061,137388.76,156472.605,163718.1067104255
2025-08,通用电源管理,STI3408B,360860.81,217973.795,215130.6611587345
2025-08,通用电源管理,STI3411A,180665.83000000002,131787.81999999998,108445.75696144286
2025-08,通用电源管理,STI3452,23650.38,72322.00833333335,85927.6267338833
2025-08,通用电源管理,STI3452HF,92149.0,206951.31499999997,332224.2410233635
2025-08,通用电源管理,STI3452HF2,0.0,0.0,0.0
2025-08,通用电源管理,STI3452HFI,1261528.19,1096423.995,1016767.567748244
2025-08,通用电源管理,STI3452I,33545.840000000004,42746.833333333336,13014.338663104965
2025-08,通用电源管理,STI3453,1983129.96,1511683.9333333333,1413908.6148328444
2025-08,通用电源管理,STI3453F,26089.18,84441.47000000002,40702.827409708436
2025-08,通用电源管理,STI3453FI,202640.21,105681.39,117202.92848293686
2025-08,通用电源管理,STI3454I,381522.33,278178.02166666667,232400.0876496363
2025-08,通用电源管理,STI3470,1159655.73,658481.805,733134.4785567754
2025-08,通用电源管理,STI3470D,356819.7,383701.1666666667,394752.9867746566
2025-08,通用电源管理,STI3470I,34991.020000000004,57203.829999999994,57557.51563069748
2025-08,通用电源管理,STI3472,262819.85,211503.29166666666,215826.8919424493
2025-08,通用电源管理,STI3508,450085.17,327521.7116666666,333593.90333068406
2025-08,通用电源管理,STI3508C,291276.31,285070.38666666666,288855.7532653694
2025-08,通用电源管理,STI3508CB,140229.05,159460.31499999997,126305.69194104343
2025-08,通用电源管理,STI8035,13100.93,55503.986666666664,28058.303857425
2025-08,通用电源管理,STI8036,487788.15,619373.3650000001,671261.7845925044
2025-08,通用电源管理,STI8036B,975254.46,811201.81,851151.7328673628
2025-08,通用电源管理,STI8036C,41075.200000000004,60041.95166666667,49377.93423703791
2025-08,通用电源管理,STI8070A,1486.73,16689.983333333334,1377.8697748076556
2025-08,通用电源管理,STI8070B定制,0.0,21655.645,42266.04555445545
2025-08,通用电源管理,STI8070C,371273.74,191059.365,206904.22034895996
2025-08,通用电源管理,STI9287,45173.98,45598.036666666674,51196.19602387138
2025-08,通用电源管理,STI9287B,52805.15,46536.57833333333,54416.75037384761
2025-08,通用电源管理,STI9287C,514386.7,346913.32166666666,338975.92601529876
2025-08,通用电源管理,STI9287CA,35925.44,94420.01666666666,111104.73689030652
2025-08,通用电源管理,STI9712,35447.7,44674.848333333335,59305.922454082924
2025-08,通用电源管理,TM108J,65153.24,44092.958333333336,35588.65028647092
2025-08,通用电源管理,TMI1304M,0.0,74866.73333333334,44806.96038150247
2025-08,通用电源管理,TMI3101,88353.39,62906.70333333334,70012.01651558743
2025-08,通用电源管理,TMI3101C,221961.80000000002,110070.76666666665,113154.77063901883
2025-08,通用电源管理,TMI3101D,31028.86,39846.306666666664,50523.54299535762
2025-08,通用电源管理,TMI3108,543557.71,409493.2683333333,458667.87963318854
2025-08,通用电源管理,TMI3108K,182650.24,142943.7316666667,146159.8984632149
2025-08,通用电源管理,TMI3112,52651.23,35406.68,17232.284955828527
2025-08,通用电源管理,TMI3112H,267631.46,306835.1483333334,317061.02302317624
2025-08,通用电源管理,TMI3113,178876.61000000002,179123.59166666667,178800.36454794634
2025-08,通用电源管理,TMI3113     JA,21238.92,61150.39166666667,88324.76283276279
2025-08,通用电源管理,TMI3113B,894573.54,704000.4816666666,730343.5703250337
2025-08,通用电源管理,TMI3113D,105364.08,141411.7716666667,137298.03265945456
2025-08,通用电源管理,TMI3113H2,4513.26,84621.745,92565.63480787526
2025-08,通用电源管理,TMI3113H2D,119663.95,98155.04333333333,104465.45461280925
2025-08,通用电源管理,TMI3117,5734.47,12252.161666666667,22761.220310391425
2025-08,通用电源管理,TMI31601F,571163.3300000001,346971.12166666664,417593.1178760193
2025-08,通用电源管理,TMI31602H,290230.39,172839.61166666666,202793.86939713615
2025-08,通用电源管理,TMI3181A,185853.69999999998,151566.14166666666,188408.37464766658
2025-08,通用电源管理,TMI3214H,160287.36,214692.18666666668,194669.23179170082
2025-08,通用电源管理,TMI3214HF,0.0,35198.94,15795.346034189428
2025-08,通用电源管理,TMI3224,0.0,40982.24333333334,19608.09561223044
2025-08,通用电源管理,TMI3227T,0.0,25955.585000000003,17558.860320022726
2025-08,通用电源管理,TMI3244T,649503.31,719345.1433333334,733490.6733303891
2025-08,通用电源管理,TMI3244TF,26700.05,31567.710000000003,31575.508087182647
2025-08,通用电源管理,TMI3252,290107.43,310368.96166666667,268991.42298009974
2025-08,通用电源管理,TMI3252S,1007971.22,1054457.835,1048005.0958508251
2025-08,通用电源管理,TMI3252S2,41374.82,107208.21500000001,86518.99356332453
2025-08,通用电源管理,TMI3252SHF,171144.3,137895.68666666668,148477.58813988458
2025-08,通用电源管理,TMI3252T,438045.64,543452.9233333335,402598.95973307703
2025-08,通用电源管理,TMI3252TF,23363.61,99095.61166666668,169419.78480286105
2025-08,通用电源管理,TMI3253,224839.38,209099.08666666667,185208.13436192874
2025-08,通用电源管理,TMI3253S,1743484.02,2202661.49,2361307.34939519
2025-08,通用电源管理,TMI3253SH,68785.62999999999,90725.985,81545.3414579982
2025-08,通用电源管理,TMI3253SHF,391194.95,233498.42999999996,176876.66325277553
2025-08,通用电源管理,TMI3253T,695348.2,834180.2883333334,724302.7611398689
2025-08,通用电源管理,TMI3253TF,198437.68,288835.5566666667,426958.7731382724
2025-08,通用电源管理,TMI3253TH,72793.79,100693.335,101514.85840704535
2025-08,通用电源管理,TMI3255,114941.82,64788.06833333333,65600.30146370287
2025-08,通用电源管理,TMI3255B,230252.88,177831.11,179201.6454988541
2025-08,通用电源管理,TMI3255S,469981.22,331804.08,349885.55329363537
2025-08,通用电源管理,TMI3255SF,17049.71,65862.40499999998,68608.91884213584
2025-08,通用电源管理,TMI3256,248141.59,184798.82666666666,125023.97296390265
2025-08,通用电源管理,TMI32560,78451.31,73292.01833333334,106201.75483944335
2025-08,通用电源管理,TMI3257I,500832.49,679097.605,524533.8874602166
2025-08,通用电源管理,TMI3257N(NCH),79645.68,86389.63666666667,53612.42521391764
2025-08,通用电源管理,TMI3258,240488.3,230771.085,315205.0042243805
2025-08,通用电源管理,TMI3259,4173.94,7394.058333333333,9184.488808256652
2025-08,通用电源管理,TMI3273T,43086.29,68649.74333333333,61825.75802940797
2025-08,通用电源管理,TMI3281,464499.47,239095.6083333333,248404.1269258189
2025-08,通用电源管理,TMI3282,54225.630000000005,48429.18333333333,63130.18976720309
2025-08,通用电源管理,TMI3286B,57607.32,77494.43666666666,63339.98088689015
2025-08,通用电源管理,TMI3331,105320.45999999999,81813.25833333333,50143.81371627038
2025-08,通用电源管理,TMI3341,123304.58,74980.01333333334,53291.65196699035
2025-08,通用电源管理,TMI3342,115368.79000000001,117219.30666666666,114138.72189727171
2025-08,通用电源管理,TMI3342C,74099.97,159116.48500000002,298227.8194679741
2025-08,通用电源管理,TMI33431,313499.38,60637.07,100637.1484405365
2025-08,通用电源管理,TMI33431E,377128.55,378658.60666666663,362182.7881892339
2025-08,通用电源管理,TMI3343B,35707.92,42862.65666666667,25333.388055790158
2025-08,通用电源管理,TMI3344,64274.3,139531.42500000002,145922.4541332511
2025-08,通用电源管理,TMI3359,155709.49,95316.78499999999,96277.69569378148
2025-08,通用电源管理,TMI3408,247412.17,248608.86000000002,240203.12028261868
2025-08,通用电源管理,TMI3408      CVT,85181.59,21086.338333333337,39587.29051949402
2025-08,通用电源管理,TMI3408C,414488.11,342823.75,345579.3975185638
2025-08,通用电源管理,TMI3408D,44123.84,54242.881666666675,81426.381419516
2025-08,通用电源管理,TMI3408F,665997.53,456159.3233333333,509755.4023998789
2025-08,通用电源管理,TMI3410,975908.71,787992.6050000001,855335.4852602759
2025-08,通用电源管理,TMI3411,591117.24,514189.0316666667,436176.39123766654
2025-08,通用电源管理,TMI3411P,15104.24,23816.213333333333,21970.811581956572
2025-08,通用电源管理,TMI3421,757283.1900000001,534635.5333333333,686510.0282297273
2025-08,通用电源管理,TMI3493,100415.87,26642.88,22556.68236912434
2025-08,通用电源管理,TMI3494,99291.97,112710.99,105571.95896381511
2025-08,通用电源管理,TMI36010,46104.4,47617.17333333334,61082.910693431695
2025-08,通用电源管理,TMI36030,120854.07,140174.70333333334,170023.5875923618
2025-08,通用电源管理,TMI4056E,55672.37,61228.331666666665,77816.99205939774
2025-08,通用电源管理,TMI5101,498532.31,365058.5316666667,403580.34594980883
2025-08,通用电源管理,TMI5102,83495.08,50322.99166666667,74963.63122138621
2025-08,通用电源管理,TMI5111,92349.76,227633.28333333333,220440.09416637282
2025-08,通用电源管理,TMI5130A,57358.340000000004,43143.76,45332.680778655464
2025-08,通用电源管理,TMI5302,99052.97,127356.50166666666,204991.41798507725
2025-08,通用电源管理,TMI6030,104999.34,74067.69166666667,78784.67809327107
2025-08,通用电源管理,TMI6030-12,62098.12,36618.119999999995,42922.29030179924
2025-08,通用电源管理,TMI6030-18,222499.94,186486.11166666666,162864.82951295807
2025-08,通用电源管理,TMI6030-25,57854.18,69825.06,68498.14298282599
2025-08,通用电源管理,TMI6030-28,293099.78,220486.545,206409.99240711005
2025-08,通用电源管理,TMI6030-33,185963.28,113800.38833333335,104670.10899564989
2025-08,通用电源管理,TMI6050,928206.98,889038.935,816764.360392094
2025-08,通用电源管理,TMI6050-18,144226.33,179021.08000000005,158120.95655515115
2025-08,通用电源管理,TMI6050-25,70553.88,78172.57500000001,69340.63436367686
2025-08,通用电源管理,TMI6050-33,150666.79,133354.01333333334,92054.18682074241
2025-08,通用电源管理,TMI6050U,80157.34999999999,42747.40666666666,41146.1138265635
2025-08,通用电源管理,TMI6240,1124714.49,843843.4916666667,908580.4907328857
2025-08,通用电源管理,TMI6240I,112756.42,154693.535,172353.45705762904
2025-08,通用电源管理,TMI6260A,35614.399999999994,80243.245,132735.3993474903
2025-08,通用电源管理,TMI6260C,161563.5,198637.92833333337,258554.0760704423
2025-08,通用电源管理,TMI6261B,216271.58,230409.785,250772.39549515428
2025-08,通用电源管理,TMI6262AL,136567.43,200609.77000000002,170831.67547856978
2025-08,通用电源管理,TMI6263AH,219796.3,184159.80166666667,202567.22419139737
2025-08,通用电源管理,TMI6263BH,868328.68,1001801.5,971190.6258172167
2025-08,通用电源管理,TMI6263BH定制丝印,5660.42,75673.10000000002,105437.38577376548
2025-08,通用电源管理,TMI6263CH,98362.45,71203.47166666666,63276.08773200997
2025-08,通用电源管理,TMI6401,92755.54000000001,162025.51666666666,157057.0997621983
2025-08,通用电源管理,TMI6601A,2389.38,51777.19833333334,37586.112328158175
2025-08,通用电源管理,TMI6809-263,31247.44,37799.88333333333,33624.423996788515
2025-08,通用电源管理,TMI6809-293,13017.140000000001,33903.72,27684.85576950744
2025-08,通用电源管理,TMI7003C,110538.22,144398.18166666667,162569.33074130415
2025-08,通用电源管理,TMI7205B,5575.22,29741.85333333333,3724.2939049374163
2025-08,通用电源管理,TMI8037,265289.94,233779.20333333334,268148.84177289216
2025-08,音频功放,TMS8007SP-TR,28306.760000000002,61613.704999999994,74256.99519070673
2025-08,音频功放,TMS8609DTF-TR,35123.869999999995,36796.443333333336,36395.636839538456
2025-09,POE电源管理,TME7624,33801.76,164315.8366666667,321861.8008680904
2025-09,POE电源管理,TME7628S,87610.60999999999,95387.89166666666,195525.7258404246
2025-09,POE电源管理,TMI7301,59495.51,134193.06166666668,191922.32762229515
2025-09,POE电源管理,TMI7302A,19539.81,35654.81666666667,51332.19514105234
2025-09,POE电源管理,TMI7302D,1000361.19,627437.5083333333,1087119.9273751879
2025-09,POE电源管理,TMI7303B,9292.029999999999,27646.056666666667,16226.210801993375
2025-09,POE电源管理,TMI7303C,33654.92,48912.49333333334,61387.67880927405
2025-09,POE电源管理,TMI7321,97433.61,105160.75166666666,152806.54811818333
2025-09,POE电源管理,TMI7604R,352256.58999999997,208194.53833333333,318203.4213556935
2025-09,POE电源管理,TMI7608,172566.37,103827.25333333334,147699.30757129754
2025-09,POE电源管理,TMI7608R,226668.16,171475.02000000002,190882.6146372968
2025-09,POE电源管理,TMI7608RG,0.0,79163.71166666667,75180.56588274307
2025-09,POE电源管理,TMI7608S,671442.46,427323.65666666656,587442.1486226234
2025-09,POE电源管理,TMI7608SG,181964.6,137867.25166666668,231947.4260011386
2025-09,充电与控制电源管理,IM2405,197022.41999999998,140603.69333333336,155314.46370379566
2025-09,充电与控制电源管理,IM2406,70454.28,93601.48,37350.537024930105
2025-09,充电与控制电源管理,IM2423P,279254.35,212195.5016666667,274100.07596569014
2025-09,充电与控制电源管理,IM2603,215203.41999999998,212567.38833333334,198136.23604058832
2025-09,充电与控制电源管理,IM2605,121327.39,101371.64000000001,90903.29964389047
2025-09,充电与控制电源管理,IM5200,119044.19,67469.90833333334,69327.03335291983
2025-09,充电与控制电源管理,TMI2242D,42982.18000000001,40923.793333333335,48180.38234883232
2025-09,充电与控制电源管理,TMI2243D,15929.16,28702.429999999997,27835.865805074656
2025-09,充电与控制电源管理,TMI2243定制丝印,46194.66,33214.98666666667,36362.612088753056
2025-09,充电与控制电源管理,TMI2282,65017.6,31280.48833333334,30766.712576645656
2025-09,充电与控制电源管理,TMI2282EQ定制丝印,36738.88,27635.75833333333,17512.237866374973
2025-09,充电与控制电源管理,TMI2282L,31752.17,64788.125,59458.58482575392
2025-09,充电与控制电源管理,TMI2283QE,199446.65,134450.79,137376.05714522177
2025-09,充电与控制电源管理,TMI2284Q,333657.97,150624.22833333336,152720.8157644495
2025-09,充电与控制电源管理,TMI2286,38311.659999999996,17753.035,18223.825867291467
2025-09,充电与控制电源管理,TMI2286D,52194.65,45493.55833333333,39020.98120835355
2025-09,充电与控制电源管理,TMI2605S,257256.52,165084.01833333334,178588.20528186875
2025-09,充电与控制电源管理,TMI3351,94407.03,46775.05000000001,54805.8980186904
2025-09,充电与控制电源管理,TMI3352A,60573.14,65798.24666666667,29532.77364534416
2025-09,充电与控制电源管理,TMI5700,12362.83,192189.915,169804.76346126146
2025-09,充电与控制电源管理,TMI9431,296929.20999999996,130620.07166666667,145906.42412659002
2025-09,充电与控制电源管理,TMI9723,26973.43,42652.285,35800.0272434336
2025-09,新显示MLED驱动,TMI9405,415350.0,1078733.3666666667,1370164.115972773
2025-09,有刷直流电机驱动,TMI1042,263362.61,145486.6033333333,217030.91418075166
2025-09,有刷直流电机驱动,TMI8110,162451.22999999998,336815.98166666663,403647.00579968194
2025-09,有刷直流电机驱动,TMI8113,162075.34,208522.615,187914.36955124783
2025-09,有刷直流电机驱动,TMI8118,287246.61,181812.87333333338,183439.89769534208
2025-09,有刷直流电机驱动,TMI8118S,69331.8,60035.27333333334,61716.509885225714
2025-09,有刷直流电机驱动,TMI8122,88876.08,115286.68833333335,102590.20616249525
2025-09,有刷直流电机驱动,TMI8123,5341.6,134225.62333333332,151500.10316542652
2025-09,有刷直流电机驱动,TMI8140,560398.06,385015.2166666666,366579.8202423483
2025-09,有刷直流电机驱动,TMI8180A,338226.55,2152077.9183333335,1190298.194889962
2025-09,有刷直流电机驱动,TMI8180G,538725.23,1649796.846666667,1182611.547338346
2025-09,有刷直流电机驱动,TMI8230,223893.25,38787.21833333333,45282.57228817077
2025-09,有刷直流电机驱动,TMI8260C,69026.48,65791.68833333334,99556.27347418861
2025-09,有刷直流电机驱动,TMI8260DP,59805.25,93748.63166666667,66092.0786891138
2025-09,有刷直流电机驱动,TMI8260SP,237157.78,245404.94833333336,216805.50814193182
2025-09,有刷直流电机驱动,TMI8261,516981.95,365735.17,361626.95937396394
2025-09,有刷直流电机驱动,TMI8340,91778.71,134616.58,112740.67360667206
2025-09,有刷直流电机驱动,TMI8360SP,248229.96000000002,112707.755,98614.76741314554
2025-09,有刷直流电机驱动,TMI8460SP,177610.53,131950.97666666665,148385.3453823861
2025-09,有刷直流电机驱动,TMI8723,111637.11,216179.845,259922.52383277967
2025-09,有刷直流电机驱动,TMI8837,515069.31,391924.1683333334,415223.4238745003
2025-09,有刷直流电机驱动,TMI8870,1547398.44,2210050.5116666667,1982088.1074094546
2025-09,有刷直流电机驱动,TMI8876,0.0,15781.699999999999,13026.512076983467
2025-09,有刷直流电机驱动,TMI8876R,16991.14,45581.083333333336,53094.65168626277
2025-09,有刷直流电机驱动,TMI8913,516335.89,277733.0616666667,323973.7812012639
2025-09,有刷直流电机驱动,TMI8920,11822.91,226341.6483333333,3197.2618738069978
2025-09,有刷直流电机驱动,TMI8940D,173893.69,138388.69333333333,186347.70196739002
2025-09,步进电机驱动,TMI8150B,291290.02,215244.16666666666,161464.39115670664
2025-09,步进电机驱动,TMI8152,810954.8099999999,684264.5950000001,781193.342528873
2025-09,步进电机驱动,TMI8160,844140.89,641530.5883333333,1028095.420667962
2025-09,步进电机驱动,TMI8262,85022.1,140405.57333333333,168357.47750462266
2025-09,步进电机驱动,TMI8263,80442.45999999999,20309.73,18757.518469816714
2025-09,步进电机驱动,TMI8420,9159.29,55127.00999999999,70301.51557433853
2025-09,步进电机驱动,TMI8421,85130.42,166681.695,203326.07026848654
2025-09,步进电机驱动,TMI8548,7743.36,34567.31666666667,40521.73389815473
2025-09,电机驱动,SG501210(划片后),403024.89,230712.80333333332,227307.94527805492
2025-09,电脑&计算电源管理,TMI3388A,249975.48,163919.86166666666,222700.51164033712
2025-09,硬件锂电保护,JL1001,165663.36000000002,74922.13666666667,79388.65358588578
2025-09,硬件锂电保护,SIT2122,0.0,50149.41,58421.13658564438
2025-09,硬件锂电保护,SIT8036,182017.39,100411.31166666666,80915.37698610716
2025-09,硬件锂电保护,SIT8252B,292088.23,306144.89666666667,295266.13762633194
2025-09,硬件锂电保护,SIT8252C,331144.29,248148.43499999997,286349.7161442623
2025-09,硬件锂电保护,TMI4101AN,0.0,34483.76833333333,35305.11607271265
2025-09,磁传感,TMI86881MAS,49194.47,38312.65000000001,37895.384662429045
2025-09,车规电机驱动,TMI8116-Q1,133140.65,82454.64833333333,95344.237644248
2025-09,车规电机驱动,TMI8122-Q1,468364.39,138524.54333333333,139571.62082349826
2025-09,车规电机驱动,TMI8140-Q1,315376.08,114254.55666666666,92710.55418685665
2025-09,车规电机驱动,TMI8460-Q1,0.0,5780.969999999998,0.0
2025-09,车规电机驱动,TMI8720-Q1,201654.78999999998,96437.86499999999,97613.86766885131
2025-09,车规电机驱动,TMI8721-Q1,50221.25,64985.24666666665,18939.59192507934
2025-09,车规电机驱动,TMI8722-Q1,219026.5,255486.63166666668,236787.26266264555
2025-09,车规电源管理,TMI6411-50TB-Q1,272427.49,138556.51333333334,232562.16208289415
2025-09,车规电源管理,TMI7205B-Q1,6087.169999999999,26221.376666666667,62412.231467566686
2025-09,通用电源管理,STI34061,143362.07,166640.72666666668,159794.77234814336
2025-09,通用电源管理,STI3408B,201555.2,252029.03000000003,224511.65387199455
2025-09,通用电源管理,STI3411A,112340.47,147283.795,104297.9806400519
2025-09,通用电源管理,STI3452,921.8,61039.34333333333,70165.02293616891
2025-09,通用电源管理,STI3452HF,53354.27,222117.74166666667,287369.2257278505
2025-09,通用电源管理,STI3452HF2,0.0,0.0,0.0
2025-09,通用电源管理,STI3452HFI,1469853.92,1175469.1933333334,979802.4828219663
2025-09,通用电源管理,STI3452I,113328.8,32088.701666666664,16384.732956097232
2025-09,通用电源管理,STI3453,2239984.06,1578503.1849999998,1454030.4308367502
2025-09,通用电源管理,STI3453F,133935.49,70630.45,36724.99271246017
2025-09,通用电源管理,STI3453FI,259531.78,126711.05166666665,158309.53898988536
2025-09,通用电源管理,STI3454I,175376.95,289045.87833333336,242760.05844375942
2025-09,通用电源管理,STI3470,651472.9,806550.4049999999,848167.1805991698
2025-09,通用电源管理,STI3470D,333548.11,345133.23166666663,345349.93705232296
2025-09,通用电源管理,STI3470I,32654.659999999996,47385.27000000001,53627.74297674954
2025-09,通用电源管理,STI3472,215582.61,229405.43666666668,242577.43954443428
2025-09,通用电源管理,STI3508,373848.91,365894.41,365071.1539106328
2025-09,通用电源管理,STI3508C,1207964.76,293519.63833333337,312368.2813793303
2025-09,通用电源管理,STI3508CB,191377.03,148126.8866666667,144915.2682852049
2025-09,通用电源管理,STI8035,138413.1,47793.15833333333,31908.551050863607
2025-09,通用电源管理,STI8036,568939.24,609255.045,588221.0516007484
2025-09,通用电源管理,STI8036B,887361.16,828430.1750000002,871747.2344176731
2025-09,通用电源管理,STI8036C,74097.32,45989.628333333334,47231.4739475362
2025-09,通用电源管理,STI8070A,16088.48,1742.3033333333333,1843.129199940015
2025-09,通用电源管理,STI8070B定制,0.0,21655.645,41603.30395166583
2025-09,通用电源管理,STI8070C,713593.91,239435.56666666665,284501.30080372735
2025-09,通用电源管理,STI9287,117464.27,50241.636666666665,45590.49416938257
2025-09,通用电源管理,STI9287B,48265.340000000004,47035.25,58818.98138989111
2025-09,通用电源管理,STI9287C,542704.3,395279.13833333337,420555.20034819795
2025-09,通用电源管理,STI9287CA,163446.01,90336.80500000001,99438.09306271192
2025-09,通用电源管理,STI9712,28764.879999999997,47531.47833333333,48033.63677944425
2025-09,通用电源管理,TM108J,83829.16,53123.53166666667,47297.099646752125
2025-09,通用电源管理,TMI1304M,0.0,58605.62666666667,18352.089246843443
2025-09,通用电源管理,TMI3101,93599.64,73039.35333333335,65706.17256585386
2025-09,通用电源管理,TMI3101C,186981.79,131998.13499999998,118177.0988571482
2025-09,通用电源管理,TMI3101D,16009.080000000002,43013.36666666667,46105.02060954257
2025-09,通用电源管理,TMI3108,740442.91,468263.73666666663,467537.814046921
2025-09,通用电源管理,TMI3108K,208503.54,163811.1666666667,168753.36143609928
2025-09,通用电源管理,TMI3112,49693.49,43554.52666666667,28013.655978191866
2025-09,通用电源管理,TMI3112H,188202.01,312837.7816666667,296011.213388651
2025-09,通用电源管理,TMI3113,226426.16,188784.625,169581.73525086785
2025-09,通用电源管理,TMI3113     JA,148672.44,64690.21166666667,59119.07160070693
2025-09,通用电源管理,TMI3113B,615402.77,766043.8216666667,766637.7743232447
2025-09,通用电源管理,TMI3113D,164793.76,140858.20666666664,120386.60218895345
2025-09,通用电源管理,TMI3113H2,0.0,75732.00833333335,54297.1906034618
2025-09,通用电源管理,TMI3113H2D,66358.28,98593.71833333332,109214.75037284997
2025-09,通用电源管理,TMI3117,24530.87,13207.906666666668,13223.496523622067
2025-09,通用电源管理,TMI31601F,549823.77,409433.6716666667,447084.17967316526
2025-09,通用电源管理,TMI31602H,367972.21,199087.85,243946.87498103685
2025-09,通用电源管理,TMI3181A,164729.15,170099.3,187718.8741348952
2025-09,通用电源管理,TMI3214H,192814.7,220234.20833333334,142676.94728108926
2025-09,通用电源管理,TMI3214HF,0.0,35198.94,14475.418077172531
2025-09,通用电源管理,TMI3224,0.0,40154.81166666667,0.0
2025-09,通用电源管理,TMI3227T,0.0,19760.935,0.0
2025-09,通用电源管理,TMI3244T,910722.66,733258.4216666667,689687.296418575
2025-09,通用电源管理,TMI3244TF,55729.46,32970.35833333333,33952.46083315526
2025-09,通用电源管理,TMI3252,256545.18,304147.795,273291.41948438063
2025-09,通用电源管理,TMI3252S,1181432.94,1073130.8966666667,1155205.211043816
2025-09,通用电源管理,TMI3252S2,182542.54,105101.84833333333,69479.14923623974
2025-09,通用电源管理,TMI3252SHF,197047.16,136936.08166666667,161619.93307445073
2025-09,通用电源管理,TMI3252T,449479.79,524404.4166666666,416272.20654842147
2025-09,通用电源管理,TMI3252TF,25523.88,98479.82500000001,97276.11596707042
2025-09,通用电源管理,TMI3253,320230.0,214148.02166666664,208681.5235689817
2025-09,通用电源管理,TMI3253S,1863914.32,2122012.901666667,2205425.981569998
2025-09,通用电源管理,TMI3253SH,101713.83,87588.06833333331,73937.33810998582
2025-09,通用电源管理,TMI3253SHF,413777.77999999997,260960.85666666666,258325.37726138823
2025-09,通用电源管理,TMI3253SHFN(NCH),165963.49,88616.86,123254.24221108908
2025-09,通用电源管理,TMI3253T,832138.44,837967.5316666667,743991.7995063856
2025-09,通用电源管理,TMI3253TF,164558.78,306731.505,353815.9469773716
2025-09,通用电源管理,TMI3253TH,119764.33,98076.31666666667,101792.31350528312
2025-09,通用电源管理,TMI3255,72405.8,79133.365,79645.04815616836
2025-09,通用电源管理,TMI3255B,324088.32,179784.00666666668,229330.94455346724
2025-09,通用电源管理,TMI3255S,456005.41,367025.11166666663,433612.0423080078
2025-09,通用电源管理,TMI3255SF,104620.33,65141.84166666667,34204.63838901958
2025-09,通用电源管理,TMI3256,186180.26,180885.64333333334,197539.43909848065
2025-09,通用电源管理,TMI32560,11946.89,86367.23666666668,88913.39447410607
2025-09,通用电源管理,TMI32561,41591.14,62809.72166666667,100502.92897772917
2025-09,通用电源管理,TMI3257I,724376.36,627052.9283333333,456436.7783857848
2025-09,通用电源管理,TMI3257N(NCH),186336.61,95969.03166666666,55987.85466846693
2025-09,通用电源管理,TMI3258,399216.3,241930.88,281957.09330697893
2025-09,通用电源管理,TMI3259,9115.04,7249.006666666667,7923.929860477359
2025-09,通用电源管理,TMI3273T,47512.46,64919.863333333335,51148.30974798971
2025-09,通用电源管理,TMI3281,294238.0,269135.8333333333,343037.2042336722
2025-09,通用电源管理,TMI3282,63517.67999999999,52756.615,49968.691079318916
2025-09,通用电源管理,TMI3286B,45918.59,78455.12833333333,69744.31111832117
2025-09,通用电源管理,TMI3331,120813.97,61216.878333333334,73414.4545448558
2025-09,通用电源管理,TMI3341,70804.7,76212.21666666666,62136.5962662115
2025-09,通用电源管理,TMI3342,167245.69999999998,117025.17833333333,110588.50518556357
2025-09,通用电源管理,TMI3342C,141642.44,171466.48,285606.10159066226
2025-09,通用电源管理,TMI33431,3982.3,108417.94833333332,185664.11515392576
2025-09,通用电源管理,TMI33431E,124789.31,364937.79,373767.30242169934
2025-09,通用电源管理,TMI3343B,106725.58,39986.55333333332,25675.141167029822
2025-09,通用电源管理,TMI3344,83787.54,133597.80166666667,121611.34016320293
2025-09,通用电源管理,TMI3359,71097.26000000001,94519.73666666665,119475.1876316341
2025-09,通用电源管理,TMI3408,250176.69,260440.965,220076.29972881894
2025-09,通用电源管理,TMI3408      CVT,82433.84,35283.27,60171.217915701134
2025-09,通用电源管理,TMI3408C,495305.11,370084.4883333333,352038.06688206614
2025-09,通用电源管理,TMI3408D,71627.6,57002.05166666667,58536.502706539526
2025-09,通用电源管理,TMI3408F,558033.3200000001,530814.9216666667,547069.6087509096
2025-09,通用电源管理,TMI3410,803404.4400000001,883778.3483333335,875330.3746717144
2025-09,通用电源管理,TMI3411,713957.16,545137.4116666666,499040.10468765354
2025-09,通用电源管理,TMI3411P,7221.74,22601.850000000002,17236.10851294625
2025-09,通用电源管理,TMI3421,2336.28,628970.07,788978.9269365049
2025-09,通用电源管理,TMI3493,68466.31999999999,35945.23333333333,43993.00942800468
2025-09,通用电源管理,TMI3494,44601.75,120985.32333333332,79747.29194763141
2025-09,通用电源管理,TMI36010,42039.63,52629.915,63393.01075685399
2025-09,通用电源管理,TMI36030,79872.73,148898.81999999998,148546.14435848113
2025-09,通用电源管理,TMI4056E,62599.93,64990.87333333333,71189.18336166712
2025-09,通用电源管理,TMI5101,454610.74,405181.7033333333,422201.51139572903
2025-09,通用电源管理,TMI5102,83229.65,63884.85833333334,80879.77079892631
2025-09,通用电源管理,TMI5111,213868.05,216078.835,156595.54243451534
2025-09,通用电源管理,TMI5130A,34141.58,47761.011666666665,49051.434393885764
2025-09,通用电源管理,TMI5302,235433.30000000002,138506.93666666668,191539.92719700705
2025-09,通用电源管理,TMI6030,132722.21,76101.12,91983.45244633825
2025-09,通用电源管理,TMI6030-12,129068.44,43514.975,47223.7881433416
2025-09,通用电源管理,TMI6030-18,227827.0,209414.89,188913.2422122121
2025-09,通用电源管理,TMI6030-25,132001.59,74134.75333333333,70451.69328094747
2025-09,通用电源管理,TMI6030-28,291108.85,250216.275,224854.72826084972
2025-09,通用电源管理,TMI6030-33,115053.20999999999,132123.00666666668,114029.35818257222
2025-09,通用电源管理,TMI6050,1229056.34,913159.7383333333,818799.503364326
2025-09,通用电源管理,TMI6050-18,197510.73,178328.44500000004,153620.99212284363
2025-09,通用电源管理,TMI6050-25,93935.13,78915.89,71731.35839356764
2025-09,通用电源管理,TMI6050-33,140252.24,140997.77333333335,106489.07013419786
2025-09,通用电源管理,TMI6050U,72833.11,47173.401666666665,44717.659270868775
2025-09,通用电源管理,TMI6240,742956.7,915695.7983333333,826537.6116341694
2025-09,通用电源管理,TMI6240I,151101.35,154407.32,136476.95607292908
2025-09,通用电源管理,TMI6260A,91636.39,84886.505,108166.57958674042
2025-09,通用电源管理,TMI6260C,112360.53,209618.30000000005,223433.9646201798
2025-09,通用电源管理,TMI6261B,191221.87,229589.19833333333,246219.76736771842
2025-09,通用电源管理,TMI6262AL,404174.91,187062.60666666666,150667.5278329909
2025-09,通用电源管理,TMI6263AH,195142.75,197121.59666666668,228591.7417860864
2025-09,通用电源管理,TMI6263BH,1161214.59,1011806.4166666666,907279.7583994004
2025-09,通用电源管理,TMI6263BH定制丝印,126370.86,55430.80000000001,4166.223281680508
2025-09,通用电源管理,TMI6263CH,59203.3,73269.835,70883.96818980975
2025-09,通用电源管理,TMI6401,211757.04,153506.19166666668,116134.02740714193
2025-09,通用电源管理,TMI6601A,56282.409999999996,46688.73500000001,10076.207189598033
2025-09,通用电源管理,TMI6809-263,41446.4,41023.02166666667,35063.06445137818
2025-09,通用电源管理,TMI6809-293,25721.78,30916.631666666668,19499.713749778737
2025-09,通用电源管理,TMI7003C,216875.61,150820.50333333333,124400.1474778922
2025-09,通用电源管理,TMI7205B,0.0,30671.05666666666,5367.664787655446
2025-09,通用电源管理,TMI8037,209852.16999999998,250810.44166666665,309237.6669984204
2025-09,音频功放,TMS8007SP-TR,92019.2,63774.86833333334,75278.92692470878
2025-09,音频功放,TMS8609DTF-TR,17840.71,42650.42166666667,41867.63885369348
2025-10,POE电源管理,TME7624,955.75,153332.94666666668,303104.2855883436
2025-10,POE电源管理,TME7628S,54690.270000000004,108986.71,153252.67097072117
2025-10,POE电源管理,TMI7301,168159.11000000002,134839.08,186933.31320829483
2025-10,POE电源管理,TMI7302A,18690.25,33796.41333333334,56022.41442461793
2025-10,POE电源管理,TMI7302D,818194.38,752571.475,1228901.7356274987
2025-10,POE电源管理,TMI7303A,20973.45,30979.353333333336,45631.869675131704
2025-10,POE电源管理,TMI7303B,39152.65,20588.946666666667,7038.106826164416
2025-10,POE电源管理,TMI7303C,19412.379999999997,49631.73333333334,45592.03480044821
2025-10,POE电源管理,TMI7321,231358.36000000002,113386.415,174779.7244437013
2025-10,POE电源管理,TMI7604R,283738.93,239457.2233333333,318811.1721758517
2025-10,POE电源管理,TMI7608,34513.28,106703.35999999999,183555.66603183554
2025-10,POE电源管理,TMI7608R,58761.05,190029.76166666663,209016.97897202792
2025-10,POE电源管理,TMI7608RG,7106.970000000001,61486.72166666666,25154.727183924468
2025-10,POE电源管理,TMI7608S,529380.51,456945.3383333334,632842.7157769662
2025-10,POE电源管理,TMI7608SG,358407.07,161681.41166666665,233952.01091045808
2025-10,充电与控制电源管理,IM2405,154358.29,135726.045,145660.8154650936
2025-10,充电与控制电源管理,IM2406,54851.75,78622.87333333334,55765.82062698647
2025-10,充电与控制电源管理,IM2423P,318874.76,242422.26333333334,305257.246875861
2025-10,充电与控制电源管理,IM2603,212787.51,214576.23166666666,214812.87381295764
2025-10,充电与控制电源管理,IM2605,6637.17,113849.51000000002,47726.45628737543
2025-10,充电与控制电源管理,IM5200,111513.23,80578.875,105132.42108938782
2025-10,充电与控制电源管理,TMI2242D,22566.31,41680.43,44608.36383878017
2025-10,充电与控制电源管理,TMI2243D,15929.16,25405.978333333333,22634.92349257842
2025-10,充电与控制电源管理,TMI2243定制丝印,22127.5,36294.630000000005,35873.789704117466
2025-10,充电与控制电源管理,TMI2282,45663.64,36630.034999999996,51102.33982583309
2025-10,充电与控制电源管理,TMI2282EQ定制丝印,0.0,24997.855,30089.963564894904
2025-10,充电与控制电源管理,TMI2282L,57752.99,58853.026666666665,53850.12649378742
2025-10,充电与控制电源管理,TMI2283QE,148313.99,142523.78,142959.94076113988
2025-10,充电与控制电源管理,TMI2284Q,197747.53,197077.70333333334,200370.2048351419
2025-10,充电与控制电源管理,TMI2286,3716.82,19920.118333333332,24358.660584014524
2025-10,充电与控制电源管理,TMI2286D,79911.42,45527.48166666667,45576.985522076204
2025-10,充电与控制电源管理,TMI2605S,116017.63,167761.005,151373.57308517012
2025-10,充电与控制电源管理,TMI3351,149867.16,61698.34500000001,74992.23105641422
2025-10,充电与控制电源管理,TMI3352A,114424.72,71442.88833333334,44217.75465529196
2025-10,充电与控制电源管理,TMI5700,73864.7,157405.30166666667,126064.19178355348
2025-10,充电与控制电源管理,TMI9431,208967.25,162485.69333333333,243100.41138202214
2025-10,充电与控制电源管理,TMI9723,28141.56,34988.583333333336,31057.283239609933
2025-10,新显示MLED驱动,TMI9405,608543.44,1021498.6216666666,426058.0766729546
2025-10,有刷直流电机驱动,TMI1042,0.0,189380.37166666667,176073.59237932065
2025-10,有刷直流电机驱动,TMI8110,146628.21,347119.06666666665,286519.0149178893
2025-10,有刷直流电机驱动,TMI8113,197321.69,222529.33666666667,165110.60498146628
2025-10,有刷直流电机驱动,TMI8118,191142.1,187902.79,213732.05684279156
2025-10,有刷直流电机驱动,TMI8118S,19848.0,61868.049999999996,56122.62900172701
2025-10,有刷直流电机驱动,TMI8122,73628.31,101246.57833333332,116728.75977567275
2025-10,有刷直流电机驱动,TMI8123,24557.520000000004,115629.16999999998,114553.5697309169
2025-10,有刷直流电机驱动,TMI8140,195930.91,443184.8133333333,365511.4324217065
2025-10,有刷直流电机驱动,TMI8180A,266893.62,1783709.425,676353.0640509794
2025-10,有刷直流电机驱动,TMI8180G,2247687.69,1288713.12,807735.9551711085
2025-10,有刷直流电机驱动,TMI8230,70125.56999999999,68084.87,111490.02020089945
2025-10,有刷直流电机驱动,TMI8260C,1927.44,74866.89833333333,69188.87093297778
2025-10,有刷直流电机驱动,TMI8260DP,62911.46,91415.295,63394.156932783466
2025-10,有刷直流电机驱动,TMI8260SP,543793.41,245692.34,220384.84348276397
2025-10,有刷直流电机驱动,TMI8261,671176.77,374182.0633333334,428598.0190300665
2025-10,有刷直流电机驱动,TMI8340,66430.41,121023.66666666664,94930.02313901573
2025-10,有刷直流电机驱动,TMI8360SP,96769.86,144006.41166666665,135093.8262256936
2025-10,有刷直流电机驱动,TMI8460SP,182986.61000000002,153418.51499999998,149593.62179426267
2025-10,有刷直流电机驱动,TMI8723,226743.46000000002,215383.38333333333,202509.32827022942
2025-10,有刷直流电机驱动,TMI8837,422126.14,446669.555,411787.5700792463
2025-10,有刷直流电机驱动,TMI8870,992073.67,2077662.7966666666,1789044.7113011556
2025-10,有刷直流电机驱动,TMI8876,14867.25,13657.808333333332,5748.672798256057
2025-10,有刷直流电机驱动,TMI8876R,0.0,36837.73,52854.93171820804
2025-10,有刷直流电机驱动,TMI8913,269592.73,345508.815,357513.05113239714
2025-10,有刷直流电机驱动,TMI8920,8065.49,172967.94666666668,5755.716322632124
2025-10,有刷直流电机驱动,TMI8940D,135132.65000000002,147732.34666666668,194668.11315856574
2025-10,步进电机驱动,TMI8150B,443005.95,196649.965,228345.71776207315
2025-10,步进电机驱动,TMI8152,819433.21,691102.8733333334,914549.8794934878
2025-10,步进电机驱动,TMI8160,648015.98,707969.0516666666,1209065.3190985266
2025-10,步进电机驱动,TMI8262,163991.11000000002,127429.91333333332,163981.29180492216
2025-10,步进电机驱动,TMI8263,0.0,31659.285,52548.150696236255
2025-10,步进电机驱动,TMI8420,57942.47,44075.213333333326,44788.24264240101
2025-10,步进电机驱动,TMI8421,55124.14,174454.17,151790.5367697247
2025-10,步进电机驱动,TMI8548,70796.44,19368.208333333336,35826.29571352032
2025-10,电机驱动,SG501210(划片后),391176.85,255456.75,284640.3878307858
2025-10,电脑&计算电源管理,TMI3388A,269557.11,182539.99,260869.18848842412
2025-10,硬件锂电保护,8254AAV,17522.12,19070.793333333335,34629.175189493246
2025-10,硬件锂电保护,JL1001,110442.24,83665.48,140315.3536324945
2025-10,硬件锂电保护,SIT2122,0.0,42937.0,32161.111549731268
2025-10,硬件锂电保护,SIT8036,57451.200000000004,111101.56166666666,122506.14242619055
2025-10,硬件锂电保护,SIT8252B,327796.04,281817.48833333334,301702.154631641
2025-10,硬件锂电保护,SIT8252C,269381.64999999997,265312.9066666667,333236.54375604645
2025-10,硬件锂电保护,TMI4101A,178761.03,52825.781666666655,129731.57168712965
2025-10,硬件锂电保护,TMI4101AN,19946.9,29174.035,29232.420394509652
2025-10,磁传感,TMI86600BS,43964.46,50048.29833333333,40356.56989817471
2025-10,磁传感,TMI86620LBT,22035.35,20405.57166666667,24325.723101329022
2025-10,磁传感,TMI86881MAS,57536.03,42706.44166666667,36550.15862754545
2025-10,车规电机驱动,TMI8116-Q1,150831.06,97312.89666666667,166268.32517341577
2025-10,车规电机驱动,TMI8122-Q1,89985.84,212759.46333333335,297461.3190318465
2025-10,车规电机驱动,TMI8140-Q1,145804.59,164436.70666666667,284849.41247108165
2025-10,车规电机驱动,TMI8460-Q1,24690.26,3037.608333333333,0.0
2025-10,车规电机驱动,TMI8720-Q1,163209.89,107162.04999999999,228530.56757329518
2025-10,车规电机驱动,TMI8721-Q1,33451.32,59346.60833333333,52450.20837695481
2025-10,车规电机驱动,TMI8722-Q1,481858.3,235781.635,451123.2743465496
2025-10,车规电源管理,TMI6411-50TB-Q1,177701.86,146130.6683333333,246897.01566386403
2025-10,车规电源管理,TMI7205B-Q1,46434.94,20421.75,36861.9367866343
2025-10,通用电源管理,STI34061,196658.08,173775.65333333335,156922.85059512014
2025-10,通用电源管理,STI3408B,355125.5,237871.65500000003,232833.82696191114
2025-10,通用电源管理,STI3411A,122643.93999999999,123584.565,117495.33228969712
2025-10,通用电源管理,STI3452,13915.86,55190.056666666664,45688.326809527774
2025-10,通用电源管理,STI3452HF,90873.67,226636.97999999998,170386.58996920363
2025-10,通用电源管理,STI3452HF2,0.0,0.0,0.0
2025-10,通用电源管理,STI3452HFI,925678.95,1167205.9266666668,1142761.946586438
2025-10,通用电源管理,STI3452I,32314.39,44174.48,52384.420063178375
2025-10,通用电源管理,STI3453,1272824.66,1645004.3566666667,1734223.9141645252
2025-10,通用电源管理,STI3453F,127823.4,81071.88333333333,78336.98859645965
2025-10,通用电源管理,STI3453FI,139953.77,151778.18166666667,194908.8899991963
2025-10,通用电源管理,STI3454I,393283.52,238250.66833333333,184916.79221119347
2025-10,通用电源管理,STI3470,583153.42,813361.3566666668,820058.7803423255
2025-10,通用电源管理,STI3470D,214513.19,364191.4183333333,352620.55691878154
2025-10,通用电源管理,STI3470I,5378.449999999999,47062.244999999995,48485.78608721397
2025-10,通用电源管理,STI3472,236483.11,221967.99333333332,186702.1090280403
2025-10,通用电源管理,STI3508,233006.06,360207.0816666666,333827.31221795216
2025-10,通用电源管理,STI3508C,690659.73,453503.00166666665,606700.6438895797
2025-10,通用电源管理,STI3508CB,121456.63,152048.66666666666,165540.80241610864
2025-10,通用电源管理,STI8035,64168.090000000004,57084.00833333333,65397.91893927685
2025-10,通用电源管理,STI8036,709583.14,603598.545,488565.0683226804
2025-10,通用电源管理,STI8036B,585879.9,880429.4366666666,833328.1975990384
2025-10,通用电源管理,STI8036C,17840.670000000002,51834.76500000001,55141.30898725115
2025-10,通用电源管理,STI8070A,23362.829999999998,4047.61,6299.759506740119
2025-10,通用电源管理,STI8070B,39982.79,46000.23,63619.54769514
2025-10,通用电源管理,STI8070B定制,115830.03,21173.875,40738.14082119787
2025-10,通用电源管理,STI8070C,513711.29,324770.88166666665,446994.69974426227
2025-10,通用电源管理,STI8070D,232167.80000000002,106380.41666666667,123747.57907674946
2025-10,通用电源管理,STI9287,83444.88,62111.90333333334,60183.201547110475
2025-10,通用电源管理,STI9287B,28765.42,47181.26833333333,45362.410780397164
2025-10,通用电源管理,STI9287C,148905.7,418101.93500000006,488399.5193465502
2025-10,通用电源管理,STI9287CA,113139.21,105246.425,126891.8520277726
2025-10,通用电源管理,STI9712,29702.58,44226.53,38878.08374178215
2025-10,通用电源管理,TM108J,106071.49,60045.48500000001,64313.614350891155
2025-10,通用电源管理,TMI1304M,8424.29,28045.23833333333,0.0
2025-10,通用电源管理,TMI3101,90663.38,80655.71833333334,75528.66844399567
2025-10,通用电源管理,TMI3101C,139892.6,150505.40833333335,148610.7893639392
2025-10,通用电源管理,TMI3101D,19057.53,39321.263333333336,33759.77384893504
2025-10,通用电源管理,TMI3108,655707.23,530906.18,559550.0110804819
2025-10,通用电源管理,TMI3108K,282328.09,176317.67166666666,196031.6774214197
2025-10,通用电源管理,TMI3112,85434.93,39625.36833333333,37587.797708983584
2025-10,通用电源管理,TMI3112H,147725.87,276633.01833333337,260446.54129138638
2025-10,通用电源管理,TMI3113,164638.76,196846.81333333335,194409.00116221377
2025-10,通用电源管理,TMI3113     JA,15929.19,87610.54666666668,80023.93545299991
2025-10,通用电源管理,TMI3113B,330488.69,728010.48,725124.5056168416
2025-10,通用电源管理,TMI3113D,176483.72,139099.98333333334,148179.4423629104
2025-10,通用电源管理,TMI3113H2,6663.7,56607.456666666665,31109.492732025697
2025-10,通用电源管理,TMI3113H2D,154138.04,89230.795,91294.74652592027
2025-10,通用电源管理,TMI3117,3504.4,16446.833333333332,17239.135930661967
2025-10,通用电源管理,TMI31601F,269699.2,439508.8316666667,538416.7336703315
2025-10,通用电源管理,TMI31602H,256653.00999999998,237524.99833333332,297551.19842112716
2025-10,通用电源管理,TMI3181A,66999.82,176981.18166666664,170380.24403735087
2025-10,通用电源管理,TMI3214H,119174.39,213157.68499999997,148153.83096437177
2025-10,通用电源管理,TMI3214HF,0.0,25123.73166666667,0.0
2025-10,通用电源管理,TMI3224,4014.1400000000003,37026.496666666666,0.0
2025-10,通用电源管理,TMI3227T,3716.79,12513.193333333335,0.0
2025-10,通用电源管理,TMI3244T,688202.0,775028.02,723077.9121312926
2025-10,通用电源管理,TMI3244TF,41934.98,38070.299999999996,42511.15698388243
2025-10,通用电源管理,TMI3252,264504.32,276704.41,255651.86430312257
2025-10,通用电源管理,TMI3252S,1001581.96,1134852.4683333335,1133676.5763205546
2025-10,通用电源管理,TMI3252S2,88968.81,89579.005,81179.81856125273
2025-10,通用电源管理,TMI3252SHF,164881.63,150957.19666666668,146281.6014962178
2025-10,通用电源管理,TMI3252SN,51879.14,74650.91666666667,81249.05303049611
2025-10,通用电源管理,TMI3252SU,169338.29,57407.53,54625.23626039452
2025-10,通用电源管理,TMI3252T,299943.96,484317.075,409805.8748432881
2025-10,通用电源管理,TMI3252TF,40136.21,100399.03166666666,75667.81398259409
2025-10,通用电源管理,TMI3253,182127.25,226165.02166666664,251288.64334149798
2025-10,通用电源管理,TMI3253S,1618576.03,2080020.5983333334,1971782.3691600147
2025-10,通用电源管理,TMI3253SH,65697.86,91488.395,82710.57661097964
2025-10,通用电源管理,TMI3253SHF,619006.42,278518.2683333333,334086.27369575115
2025-10,通用电源管理,TMI3253SHFN(NCH),43741.46,112739.84666666668,153804.76303040804
2025-10,通用电源管理,TMI3253T,648290.9400000001,799991.9199999999,737388.6907124335
2025-10,通用电源管理,TMI3253TF,116418.95,304631.9366666667,178110.90054795728
2025-10,通用电源管理,TMI3253TH,69512.88,104494.5,112267.034795764
2025-10,通用电源管理,TMI3255,117822.4,81142.02666666666,85525.19459576235
2025-10,通用电源管理,TMI3255B,271223.41000000003,195837.36833333332,244438.80153072576
2025-10,通用电源管理,TMI3255S,506402.33,381900.87166666664,414310.4218557192
2025-10,通用电源管理,TMI3255SF,46734.32,61449.77166666667,50188.30436622868
2025-10,通用电源管理,TMI3256,195237.79,169658.41833333333,193249.67733396197
2025-10,通用电源管理,TMI32560,14203.539999999999,87915.90666666668,29600.35702615077
2025-10,通用电源管理,TMI32561,45986.29,66488.04166666667,78770.85280643459
2025-10,通用电源管理,TMI3257I,554715.8,620490.1799999999,518362.1235831816
2025-10,通用电源管理,TMI3257N(NCH),199138.57,110418.22000000002,114448.4961680209
2025-10,通用电源管理,TMI3258,137368.54,299670.8466666667,267155.15645705565
2025-10,通用电源管理,TMI3259,13185.83,7883.224999999999,10057.708759018033
2025-10,通用电源管理,TMI3273T,24955.96,62960.065,46131.54477554842
2025-10,通用电源管理,TMI3281,279257.5,283654.93,374846.9026524131
2025-10,通用电源管理,TMI3282,57743.36,55409.28,64317.148063322544
2025-10,通用电源管理,TMI3286B,42784.87,63021.145,55966.55589876987
2025-10,通用电源管理,TMI3331,184619.71,72048.36166666665,102966.54738064259
2025-10,通用电源管理,TMI3341,115327.16,65896.21833333334,69544.74651069482
2025-10,通用电源管理,TMI3342,105859.81999999999,128280.03166666666,122858.89529315244
2025-10,通用电源管理,TMI3342B,32495.510000000002,56166.543333333335,63120.89661949914
2025-10,通用电源管理,TMI3342C,2623.01,188637.99,209434.66387742228
2025-10,通用电源管理,TMI33431,19513.27,105055.12166666666,161797.15155197188
2025-10,通用电源管理,TMI33431E,148797.21,299932.885,285948.65127546183
2025-10,通用电源管理,TMI3343B,15663.7,42615.93,47105.23646890607
2025-10,通用电源管理,TMI3344,94114.97,122500.45833333336,108245.15378050687
2025-10,通用电源管理,TMI3359,266574.76,99950.705,103797.87086662365
2025-10,通用电源管理,TMI3408,314921.0,260461.865,242001.25823943887
2025-10,通用电源管理,TMI3408      CVT,74309.79000000001,48922.685,72941.19249195137
2025-10,通用电源管理,TMI3408C,511569.2,399014.87833333324,415063.9940483028
2025-10,通用电源管理,TMI3408D,79789.36,63504.71166666667,50333.97861490904
2025-10,通用电源管理,TMI3408F,754389.41,555316.8350000001,556156.0502418157
2025-10,通用电源管理,TMI3410,608107.21,863829.5333333333,835768.7326813402
2025-10,通用电源管理,TMI3411,489089.1,564559.6733333333,587992.9682597411
2025-10,通用电源管理,TMI3411P,1898.22,17277.803333333333,14366.686272830078
2025-10,通用电源管理,TMI3421,74526.08,530778.4933333333,562888.1091203578
2025-10,通用电源管理,TMI3492,45511.700000000004,48936.52833333333,52588.746883621556
2025-10,通用电源管理,TMI3493,12769.909999999998,43716.170000000006,63392.59485390198
2025-10,通用电源管理,TMI3494,195107.87,91162.33333333333,67149.46026334705
2025-10,通用电源管理,TMI36010,57504.02,55593.28166666667,60608.53610638893
2025-10,通用电源管理,TMI36030,135963.4,144041.26,83631.06380645919
2025-10,通用电源管理,TMI4056E,54424.55,68552.535,74356.42828754638
2025-10,通用电源管理,TMI5101,329005.92,433504.2116666666,441826.66455316317
2025-10,通用电源管理,TMI5102,43619.34,77753.22166666668,74396.36052067536
2025-10,通用电源管理,TMI5111,178420.14,220062.15166666664,181919.41844364992
2025-10,通用电源管理,TMI5130A,12637.150000000001,42982.261666666665,45954.17293396032
2025-10,通用电源管理,TMI5302,397552.54,174376.61666666667,194801.45167341246
2025-10,通用电源管理,TMI6030,88788.01,87446.81999999999,110674.4528116657
2025-10,通用电源管理,TMI6030-12,-57292.299999999996,60270.926666666666,73146.4684765322
2025-10,通用电源管理,TMI6030-18,243812.22,208395.74166666667,200613.68392340868
2025-10,通用电源管理,TMI6030-25,39573.05,78727.13833333332,82331.49456359811
2025-10,通用电源管理,TMI6030-28,278988.74,261595.27000000002,264166.35402647144
2025-10,通用电源管理,TMI6030-33,55579.3,128781.415,114407.22997448225
2025-10,通用电源管理,TMI6030C-18,44269.86,38930.183333333334,40181.29892932062
2025-10,通用电源管理,TMI6050,1011235.99,922970.2050000001,900599.3721298613
2025-10,通用电源管理,TMI6050-18,208287.41999999998,166695.10333333333,155126.08288254504
2025-10,通用电源管理,TMI6050-25,73932.15,77632.28333333334,76679.92437707743
2025-10,通用电源管理,TMI6050-33,39209.53,124814.21500000001,132715.9552427607
2025-10,通用电源管理,TMI6050U,19306.09,53296.088333333326,60861.090726258735
2025-10,通用电源管理,TMI6240,563353.83,911769.5816666667,841826.0769499781
2025-10,通用电源管理,TMI6240I,229588.07,164406.73500000002,113831.08413629196
2025-10,通用电源管理,TMI6260A,129064.12,91982.77333333333,81545.51611163912
2025-10,通用电源管理,TMI6260C,100132.4,197160.77333333332,160076.7402463082
2025-10,通用电源管理,TMI6261B,294089.06,234877.70333333337,203213.3803637252
2025-10,通用电源管理,TMI6262AL,202170.57,217214.25166666668,226537.40876946636
2025-10,通用电源管理,TMI6263AH,249986.1,195529.67,228441.56670829127
2025-10,通用电源管理,TMI6263BH,1221392.3,1041122.0583333332,953358.6575146068
2025-10,通用电源管理,TMI6263BH定制丝印,117943.52999999998,74825.81666666667,42337.620278472146
2025-10,通用电源管理,TMI6263CH,100791.62,67530.92166666666,57150.95241077945
2025-10,通用电源管理,TMI6401,89936.31,153284.61666666667,125381.99162225206
2025-10,通用电源管理,TMI6601A,0.0,51529.34333333333,18890.524405031876
2025-10,通用电源管理,TMI6809-263,16673.920000000002,34587.73333333333,30462.364808189912
2025-10,通用电源管理,TMI6809-293,18772.18,28742.31333333334,22138.5288110851
2025-10,通用电源管理,TMI7003C,118831.62,148032.86666666667,145411.67011761063
2025-10,通用电源管理,TMI7205B,21799.11,30671.05666666666,3521.9055991134046
2025-10,通用电源管理,TMI8037,121390.09999999999,242456.10666666666,209636.57610125848
2025-10,音频功放,TMS8007SP-TR,74681.68,73353.895,76737.93693745724
2025-10,音频功放,TMS8609DTF-TR,48683.61,29920.341666666664,30215.51248198608
2025-11,POE电源管理,TME7624,217256.62,153402.56333333335,14852.15224845668
2025-11,POE电源管理,TME7628S,37801.759999999995,115353.96666666667,45220.672533531484
2025-11,POE电源管理,TMI7301,127831.72,139654.71166666667,99791.68103303418
2025-11,POE电源管理,TMI7302A,53787.55,34141.54666666667,29405.49316508378
2025-11,POE电源管理,TMI7302D,1225115.89,832494.755,1063845.293975521
2025-11,POE电源管理,TMI7303A,4424.78,27483.776666666672,19007.192192924882
2025-11,POE电源管理,TMI7303B,20442.48,18262.138333333332,17110.901888541957
2025-11,POE电源管理,TMI7303C,64247.729999999996,42487.44166666667,23044.548760485723
2025-11,POE电源管理,TMI7321,143269.89,140397.47,166828.78398833534
2025-11,POE电源管理,TMI7604R,399989.95,262632.00166666665,272590.88946670026
2025-11,POE电源管理,TMI7608,86283.19,97787.61,120507.8538583046
2025-11,POE电源管理,TMI7608R,180530.98,150157.34333333335,140022.01365122249
2025-11,POE电源管理,TMI7608RG,167187.4,62671.21666666665,2157.823088697833
2025-11,POE电源管理,TMI7608S,542920.36,496841.5833333333,535521.8409565097
2025-11,POE电源管理,TMI7608SG,358407.05,204823.00333333333,224523.46029646933
2025-11,充电与控制电源管理,IM2405,200833.5,154369.53666666665,184142.50153198827
2025-11,充电与控制电源管理,IM2406,74402.75,63758.88833333333,58163.98381245648
2025-11,充电与控制电源管理,IM2423P,355097.25,253817.67999999996,328402.2940296278
2025-11,充电与控制电源管理,IM2603,174086.36,216354.99,208388.8620039515
2025-11,充电与控制电源管理,IM2605,63982.29,79247.75666666667,42545.50714352368
2025-11,充电与控制电源管理,IM5200,260970.52999999997,85720.46166666666,94595.0737632436
2025-11,充电与控制电源管理,TMI2242D,53482.15,35830.89166666666,32194.925465435303
2025-11,充电与控制电源管理,TMI2243D,1911.5,20184.748333333333,26738.024829106747
2025-11,充电与控制电源管理,TMI2243定制丝印,66011.14,34162.02,21638.24851984072
2025-11,充电与控制电源管理,TMI2282,53893.74,38267.198333333334,49927.84697324632
2025-11,充电与控制电源管理,TMI2282EQ定制丝印,37582.28,16961.49,22178.67139474398
2025-11,充电与控制电源管理,TMI2282L,48217.65,57755.524999999994,53672.58347855799
2025-11,充电与控制电源管理,TMI2283QE,146075.21,143603.24833333332,128548.71326045194
2025-11,充电与控制电源管理,TMI2284Q,296017.33999999997,194830.71666666667,213259.56896896043
2025-11,充电与控制电源管理,TMI2284Q      DH,19911.48,17588.475000000002,33422.57854274563
2025-11,充电与控制电源管理,TMI2286,14587.099999999999,19123.661666666667,18636.536855772767
2025-11,充电与控制电源管理,TMI2286D,91433.53,49708.75166666667,53862.91296800158
2025-11,充电与控制电源管理,TMI2605S,38495.56,168977.81333333332,150969.26171469715
2025-11,充电与控制电源管理,TMI3351,112300.83,78349.88166666667,103883.32450441297
2025-11,充电与控制电源管理,TMI3352A,115424.73000000001,47924.17166666667,65616.16432876741
2025-11,充电与控制电源管理,TMI5330BS,148141.56,43805.299999999996,42377.347289764744
2025-11,充电与控制电源管理,TMI5700,116850.59,131014.06333333334,78970.37059377423
2025-11,充电与控制电源管理,TMI9431,209881.49,194471.53333333333,220560.67291935286
2025-11,充电与控制电源管理,TMI9723,46805.29,34988.583333333336,27780.68496499186
2025-11,新显示MLED驱动,TMI9405,404696.44,982401.4333333332,630468.6842859262
2025-11,无刷直流电机驱动,TMI85120,38761.04,3561.9449999999997,3850.7266005579722
2025-11,有刷直流电机驱动,TMI1042,0.0,189380.37166666667,139280.16679418506
2025-11,有刷直流电机驱动,TMI8110,212681.3,311260.67999999993,315807.7504838899
2025-11,有刷直流电机驱动,TMI8113,107808.92,208233.4683333333,172648.65041590878
2025-11,有刷直流电机驱动,TMI8118,194318.07,195292.99833333332,207749.5501382742
2025-11,有刷直流电机驱动,TMI8118S,56063.310000000005,57403.78833333333,48343.83293233439
2025-11,有刷直流电机驱动,TMI8122,114734.48999999999,102780.50666666667,92126.6488187404
2025-11,有刷直流电机驱动,TMI8123,67699.09,114574.59999999999,86500.27823273651
2025-11,有刷直流电机驱动,TMI8140,714336.12,346937.38666666666,364402.4217418911
2025-11,有刷直流电机驱动,TMI8180A,30863.7,1348314.3199999998,519008.82451859146
2025-11,有刷直流电机驱动,TMI8180G,866642.23,1242710.0333333332,1190135.0432256018
2025-11,有刷直流电机驱动,TMI8230,48811.979999999996,79604.32333333333,124592.77544032957
2025-11,有刷直流电机驱动,TMI8260C,78796.39,69435.93833333332,53666.295872276
2025-11,有刷直流电机驱动,TMI8260DP,72893.75,88021.49166666665,57622.56874476182
2025-11,有刷直流电机驱动,TMI8260SP,143283.06,289841.7133333334,351014.99012543773
2025-11,有刷直流电机驱动,TMI8261,260277.73,400615.70166666666,581436.2590804852
2025-11,有刷直流电机驱动,TMI8340,180159.18,104613.12833333334,68358.31013628282
2025-11,有刷直流电机驱动,TMI8360SP,168318.48,139645.95500000002,161344.40794710323
2025-11,有刷直流电机驱动,TMI8460SP,228053.0,144659.66333333333,173219.13181285086
2025-11,有刷直流电机驱动,TMI8723,79778.73,231693.1416666667,154670.62032283976
2025-11,有刷直流电机驱动,TMI8837,609307.83,453181.4033333333,408919.2642111181
2025-11,有刷直流电机驱动,TMI8870,1131357.52,1891649.5916666666,1562473.8914196787
2025-11,有刷直流电机驱动,TMI8876,0.0,9764.008333333333,4826.542201317422
2025-11,有刷直流电机驱动,TMI8876R,0.0,36837.73,27350.396068188384
2025-11,有刷直流电机驱动,TMI8913,103522.04,338650.42166666663,336151.3211042333
2025-11,有刷直流电机驱动,TMI8920,99716.65000000001,67846.74333333333,8172.00657721277
2025-11,有刷直流电机驱动,TMI8940D,172477.77,150859.19,164317.8676521235
2025-11,步进电机驱动,TMI8150B,455233.29,223354.44499999998,296898.96586448955
2025-11,步进电机驱动,TMI8152,851378.28,748588.6233333334,837549.0698976801
2025-11,步进电机驱动,TMI8160,512554.32,767779.2083333334,987328.5326803316
2025-11,步进电机驱动,TMI8262,195849.5,138101.7383333333,120789.03879441523
2025-11,步进电机驱动,TMI8263,79646.0,31659.285,27780.241904025366
2025-11,步进电机驱动,TMI8420,32046.9,50606.18666666667,43189.26433110433
2025-11,步进电机驱动,TMI8421,39142.47,156666.97,90213.25206731698
2025-11,步进电机驱动,TMI8548,28849.55,37885.9,41601.29079902706
2025-11,电机驱动,SG501210(划片后),230421.48,318763.67333333334,296898.7664288968
2025-11,电脑&计算电源管理,TMI3388A,132862.6,201894.6066666667,297344.90355637943
2025-11,硬件锂电保护,8254AAV,46725.65,19557.51833333333,34650.114372322096
2025-11,硬件锂电保护,JL1001,82831.68000000001,92035.20000000001,131040.17941443546
2025-11,硬件锂电保护,SIT2122,0.0,27091.03,0.0
2025-11,硬件锂电保护,SIT8036,123468.26,95645.835,124236.20678904594
2025-11,硬件锂电保护,SIT8252B,204026.26,291739.13166666665,342942.552701308
2025-11,硬件锂电保护,SIT8252C,198745.42,265187.7816666667,328404.90628019243
2025-11,硬件锂电保护,SIT8995AN,102955.68000000001,38188.025,60341.90465947641
2025-11,硬件锂电保护,TMI4101A,21785.48,81734.33166666667,149007.70488401168
2025-11,硬件锂电保护,TMI4101AN,9734.52,27188.78333333333,15589.051280213786
2025-11,硬件锂电保护,TMI4151AN,80176.98,37881.41,61542.80509024755
2025-11,磁传感,TMI86600BS,28353.95,52065.97833333333,60810.05862999093
2025-11,磁传感,TMI86620LBT,27345.09,22750.69666666667,39221.86466368281
2025-11,磁传感,TMI86881MAS,34911.4,44694.055,63307.940553618995
2025-11,车规电机驱动,TMI8116-Q1,87107.21,111346.15499999998,145087.14560775197
2025-11,车规电机驱动,TMI8122-Q1,258498.96,184375.1366666667,217974.32435415193
2025-11,车规电机驱动,TMI8140-Q1,0.0,159456.35833333334,159540.57627684902
2025-11,车规电机驱动,TMI8460-Q1,16460.18,4325.22,8526.60890123551
2025-11,车规电机驱动,TMI8720-Q1,88080.0,132008.39166666666,162884.86770194126
2025-11,车规电机驱动,TMI8721-Q1,58723.0,25389.235,42006.55083053747
2025-11,车规电机驱动,TMI8722-Q1,289114.98,270560.39999999997,338863.9408491016
2025-11,车规电源管理,TMI6411-50TB-Q1,131519.91999999998,153293.14333333334,208715.4635185918
2025-11,车规电源管理,TMI7205B-Q1,186611.88999999998,28160.906666666666,35390.620244537706
2025-11,通用电源管理,STI34061,103809.43,161585.44666666668,156531.39664294338
2025-11,通用电源管理,STI3408B,226245.35,260696.85,300840.74894659006
2025-11,通用电源管理,STI3411A,172922.31,123602.73666666668,136282.14978680355
2025-11,通用电源管理,STI3452,22706.06,49461.54,12619.34272498071
2025-11,通用电源管理,STI3452HF,199708.83,205829.38833333334,77502.55970795607
2025-11,通用电源管理,STI3452HF2,0.0,0.0,0.0
2025-11,通用电源管理,STI3452HFI,1585736.8599999999,1118876.7166666666,1199066.174383555
2025-11,通用电源管理,STI3452I,173999.86,36384.58666666667,58751.95988485905
2025-11,通用电源管理,STI3453,1924864.49,1624310.7,1801991.8343048408
2025-11,通用电源管理,STI3453F,218655.21,68365.43333333333,94378.75890937126
2025-11,通用电源管理,STI3453FI,280030.39,159069.04,197423.1820840833
2025-11,通用电源管理,STI3454I,505208.32,274788.47000000003,311543.0768774352
2025-11,通用电源管理,STI3470,491215.17,766322.8583333333,785029.9929333735
2025-11,通用电源管理,STI3470D,513285.55,348571.5416666667,296689.6590297472
2025-11,通用电源管理,STI3470I,29468.88,41005.078333333346,23942.931977402473
2025-11,通用电源管理,STI3472,286161.47,227269.64833333335,234394.52923487886
2025-11,通用电源管理,STI3508,288366.4,343276.07666666666,346546.3522291364
2025-11,通用电源管理,STI3508C,193020.23,509690.5366666667,718018.0837712035
2025-11,通用电源管理,STI3508CB,151424.0,138785.37833333333,148548.8378571251
2025-11,通用电源管理,STI8035,11992.9,50003.291666666664,70717.20440766578
2025-11,通用电源管理,STI8036,894171.99,630664.7883333333,579132.580843616
2025-11,通用电源管理,STI8036B,984680.6,834481.1333333334,802805.3423208835
2025-11,通用电源管理,STI8036C,142380.4,46905.55833333334,43611.96443240491
2025-11,通用电源管理,STI8070A,4247.78,7513.2733333333335,13422.641351676242
2025-11,通用电源管理,STI8070B,47071.54,49256.950000000004,70822.06930553354
2025-11,通用电源管理,STI8070B定制,232027.01,40478.88,37978.001644531585
2025-11,通用电源管理,STI8070C,310510.95,370081.9166666667,524137.2519046533
2025-11,通用电源管理,STI8070D,217619.26,142597.17500000002,161297.8329804545
2025-11,通用电源管理,STI9287,73911.27,66661.43666666666,80684.99607426053
2025-11,通用电源管理,STI9287B,76566.11,48900.29,42570.207428067275
2025-11,通用电源管理,STI9287C,556134.97,370815.05,395418.5685344264
2025-11,通用电源管理,STI9287CA,86319.87999999999,107744.86666666665,102465.05469621006
2025-11,通用电源管理,STI9712,42583.96,45362.81,30792.620021996427
2025-11,通用电源管理,TM108J,92129.06999999999,60337.704999999994,83626.30186545043
2025-11,通用电源管理,TMI1304M,2100.88,23850.836666666666,2762.130852197923
2025-11,通用电源管理,TMI3101,65841.93999999999,80509.74666666667,89384.64806843527
2025-11,通用电源管理,TMI3101C,122190.11,148159.45333333334,179950.75824808516
2025-11,通用电源管理,TMI3101D,28476.61,36326.51666666667,21671.18378848808
2025-11,通用电源管理,TMI3108,260194.53,553061.9066666666,635985.5722838959
2025-11,通用电源管理,TMI3108K,492296.36,185468.19833333336,220819.20868381206
2025-11,通用电源管理,TMI3112,11265.66,39929.40666666667,61568.626516884826
2025-11,通用电源管理,TMI3112H,225121.96,259430.19000000003,197893.21998010707
2025-11,通用电源管理,TMI3113,318970.77,184563.25666666668,186870.71361051057
2025-11,通用电源管理,TMI3113     JA,26548.649999999998,75221.17666666667,60932.840244629595
2025-11,通用电源管理,TMI3113B,696280.4299999999,672621.865,603446.1252984465
2025-11,通用电源管理,TMI3113D,171635.45,143221.98166666666,146443.49051965328
2025-11,通用电源管理,TMI3113H2,929.2,48235.113333333335,3664.6680076044504
2025-11,通用电源管理,TMI3113H2D,103719.11,109027.07666666668,111530.72561117621
2025-11,通用电源管理,TMI3117,0.0,17030.899999999998,11072.320720761309
2025-11,通用电源管理,TMI31601F,1149152.15,440981.2333333334,455974.03875685384
2025-11,通用电源管理,TMI31602H,70653.28,254068.88,299960.1041378384
2025-11,通用电源管理,TMI3181A,25778.73,163983.405,136915.7491195322
2025-11,通用电源管理,TMI3214H,0.0,176235.51499999998,154848.5811043435
2025-11,通用电源管理,TMI3214HF,8628.3,7912.94,0.0
2025-11,通用电源管理,TMI3224,10619.46,10492.023333333333,1316.1441425973906
2025-11,通用电源管理,TMI3227T,0.0,9415.866666666667,1218.6499194757919
2025-11,通用电源管理,TMI3244T,1018435.34,742192.2866666667,737207.7961325817
2025-11,通用电源管理,TMI3244TF,24695.54,36545.68833333333,40776.25470477156
2025-11,通用电源管理,TMI3252,307883.51,269948.5266666667,265959.69302186306
2025-11,通用电源管理,TMI3252S,576634.1,1056846.5166666668,1046250.9257144928
2025-11,通用电源管理,TMI3252S2,122909.56,95490.81666666665,102588.17578490819
2025-11,通用电源管理,TMI3252SHF,228390.56,163227.81999999998,174782.40045932416
2025-11,通用电源管理,TMI3252SN,149551.33,79564.70666666667,80213.13846093958
2025-11,通用电源管理,TMI3252SU,56307.07,56614.818333333336,111376.1775129398
2025-11,通用电源管理,TMI3252T,340904.78,399600.1766666667,389343.88988978864
2025-11,通用电源管理,TMI3252TF,277039.56,99710.92833333333,29188.822838104134
2025-11,通用电源管理,TMI3253,157178.2,213982.5183333333,238431.04253739576
2025-11,通用电源管理,TMI3253N,146177.03,81218.27333333333,120983.97008028848
2025-11,通用电源管理,TMI3253S,2270260.62,2053931.7233333334,1713476.748802879
2025-11,通用电源管理,TMI3253SH,85218.46,80217.70833333333,77443.66644292463
2025-11,通用电源管理,TMI3253SHF,844178.2,325939.14999999997,466889.99821962137
2025-11,通用电源管理,TMI3253SHFN(NCH),0.0,102953.98499999999,112039.28249604248
2025-11,通用电源管理,TMI3253T,603316.66,725481.0516666666,713387.404901604
2025-11,通用电源管理,TMI3253TF,454361.82999999996,293794.63166666665,157189.2818243575
2025-11,通用电源管理,TMI3253TH,117010.73999999999,94534.04833333334,85927.05077417348
2025-11,通用电源管理,TMI3255,89557.77,83725.22666666667,100058.22774475443
2025-11,通用电源管理,TMI3255B,205932.44,227368.13166666668,270683.6397801768
2025-11,通用电源管理,TMI3255S,389617.87,414012.45166666666,469647.38141299697
2025-11,通用电源管理,TMI3255SF,67254.53,62438.166666666664,55215.91474185312
2025-11,通用电源管理,TMI3256,104172.31,167559.435,206418.1200958915
2025-11,通用电源管理,TMI32560,97699.1,70637.15000000001,34296.50371100538
2025-11,通用电源管理,TMI32561,22883.61,69814.375,56945.26586171297
2025-11,通用电源管理,TMI3257I,679379.01,559428.04,583596.337537358
2025-11,通用电源管理,TMI3257N(NCH),60815.04,104378.175,152502.42778997764
2025-11,通用电源管理,TMI3258,173162.55,287419.35333333333,254784.402532239
2025-11,通用电源管理,TMI3259,1769.91,9013.59,8680.481026540881
2025-11,通用电源管理,TMI3273T,29348.82,50231.755000000005,37887.73055151043
2025-11,通用电源管理,TMI3281,380539.61,297441.32,340334.6669052534
2025-11,通用电源管理,TMI3282,73086.78,60873.89166666666,57538.041230355986
2025-11,通用电源管理,TMI3286B,64139.32,56116.34166666665,47971.93822234786
2025-11,通用电源管理,TMI3331,91433.43,93579.39666666667,134676.8312536754
2025-11,通用电源管理,TMI3341,133167.91,78270.075,101457.0886945121
2025-11,通用电源管理,TMI3342,233378.01,121925.39999999998,127371.78764469172
2025-11,通用电源管理,TMI3342B,3296.4500000000003,51069.204999999994,58584.20162267588
2025-11,通用电源管理,TMI3342C,368532.62,185796.39833333332,71596.99673624214
2025-11,通用电源管理,TMI33431,25194.67,106581.67,110492.89001564482
2025-11,通用电源管理,TMI33431E,101176.93000000001,289893.9733333333,213354.4988167704
2025-11,通用电源管理,TMI3343B,25168.12,39040.71333333333,51836.43414057511
2025-11,通用电源管理,TMI3344,111982.2,113465.06999999999,79404.20362877754
2025-11,通用电源管理,TMI3359,61890.200000000004,130462.15666666666,161768.44466121157
2025-11,通用电源管理,TMI3408,239205.75,255752.03833333333,266403.28763860394
2025-11,通用电源管理,TMI3408      CVT,69599.99,60152.77833333334,79321.71305674069
2025-11,通用电源管理,TMI3408C,418413.43,410017.455,466032.03266230173
2025-11,通用电源管理,TMI3408D,56903.37,73382.02666666667,64113.32902161055
2025-11,通用电源管理,TMI3408F,419953.16000000003,585107.1150000001,648678.4807692324
2025-11,通用电源管理,TMI3410,984311.97,826397.86,782780.2026665121
2025-11,通用电源管理,TMI3411,510913.74,517537.0316666667,588264.9288233677
2025-11,通用电源管理,TMI3411P,35527.69,15044.008333333333,7942.557792978747
2025-11,通用电源管理,TMI3421,29827.36,482942.8183333333,273497.1325629347
2025-11,通用电源管理,TMI3492,29946.870000000003,40803.53333333333,67011.07963338403
2025-11,通用电源管理,TMI3493,19247.77,41575.49333333333,59559.543863820254
2025-11,通用电源管理,TMI3494,126902.56999999999,109388.28499999999,111150.82109983759
2025-11,通用电源管理,TMI36010,80564.18000000001,54875.170000000006,47754.64430444176
2025-11,通用电源管理,TMI36030,162449.17,141291.16333333336,110392.96950279358
2025-11,通用电源管理,TMI4056E,49167.88,67766.51833333333,56623.32344475284
2025-11,通用电源管理,TMI5101,225463.78,415871.74833333335,420387.1456408539
2025-11,通用电源管理,TMI5102,51902.46,72611.61666666665,68966.98063859144
2025-11,通用电源管理,TMI5111,116324.48999999999,191206.10499999998,158901.63252226057
2025-11,通用电源管理,TMI5130A,5814.16,40066.335,34144.14910983534
2025-11,通用电源管理,TMI5302,128680.98,224700.31166666668,240018.6819431968
2025-11,通用电源管理,TMI6030,56087.58,93886.74833333334,107054.97189835213
2025-11,通用电源管理,TMI6030-12,81764.89,43815.00833333333,43894.28947260438
2025-11,通用电源管理,TMI6030-18,322086.01,197279.69166666665,227592.2587606493
2025-11,通用电源管理,TMI6030-25,74067.32,72553.415,75224.4310328068
2025-11,通用电源管理,TMI6030-28,279872.73000000004,247270.73,283022.555872733
2025-11,通用电源管理,TMI6030-33,103241.79000000001,111868.855,116919.55444588108
2025-11,通用电源管理,TMI6030C-18,31871.61,42758.14666666667,43728.86569459347
2025-11,通用电源管理,TMI6050,1198369.67,937254.8416666667,1038878.018126018
2025-11,通用电源管理,TMI6050-18,150961.57,170884.05666666664,180340.37119711208
2025-11,通用电源管理,TMI6050-25,65315.130000000005,74474.19833333335,78172.81240945139
2025-11,通用电源管理,TMI6050-33,71577.51,101137.49500000001,108241.55872692811
2025-11,通用电源管理,TMI6050U,26460.92,49328.918333333335,56492.0742854605
2025-11,通用电源管理,TMI6220,30849.480000000003,31577.350000000006,27619.96422631823
2025-11,通用电源管理,TMI6240,742434.14,860339.27,797077.1673585635
2025-11,通用电源管理,TMI6240I,269491.7,168584.29,161789.53698800967
2025-11,通用电源管理,TMI6260A,153529.71,109215.14666666667,84039.76130799555
2025-11,通用电源管理,TMI6260C,190631.41,191869.68166666664,122644.49654107502
2025-11,通用电源管理,TMI6261B,413435.0,242559.0,230032.76195779798
2025-11,通用电源管理,TMI6262AL,188338.11,209399.77333333332,243584.04912546204
2025-11,通用电源管理,TMI6263AH,234282.7,212300.2616666667,218013.65708176378
2025-11,通用电源管理,TMI6263BH,1066901.54,1028356.6116666667,1065906.970961902
2025-11,通用电源管理,TMI6263BH定制丝印,247808.68,94483.07166666667,81960.98840060277
2025-11,通用电源管理,TMI6263CH,0.0,74758.765,84709.43694598763
2025-11,通用电源管理,TMI6401,88956.38,144421.835,129330.71495452136
2025-11,通用电源管理,TMI6601A,0.0,28608.016666666666,19237.129931742325
2025-11,通用电源管理,TMI6809-263,83664.91,31739.338333333333,29301.63219545142
2025-11,通用电源管理,TMI6809-293,24697.79,23454.37,18856.56638765284
2025-11,通用电源管理,TMI7003C,127048.48000000001,155816.03833333333,146313.61516495104
2025-11,通用电源管理,TMI7205B,27876.100000000002,6428.134999999999,8975.412937024625
2025-11,通用电源管理,TMI8037,138423.88,233755.635,195589.18574393928
2025-11,音频功放,TMS8007SP-TR,72844.49,75536.54833333334,74886.82947091575
2025-11,音频功放,TMS8609DTF-TR,51132.68,38034.276666666665,39034.93560845742
2025-12,POE电源管理,TME7624,929.2,173620.32166666668,103450.6458629417
2025-12,POE电源管理,TME7628S,405929.14,109972.84666666668,73931.30865170488
2025-12,POE电源管理,TMI7301,223274.08,137729.93666666668,145925.5140513482
2025-12,POE电源管理,TMI7302A,17097.32,36327.386666666665,37772.80736308033
2025-12,POE电源管理,TMI7302D,611945.98,951831.2200000001,1249413.1909651365
2025-12,POE电源管理,TMI7303A,45707.96000000001,25890.85666666667,11348.564560803807
2025-12,POE电源管理,TMI7303B,8628.31,18116.528333333332,28277.863600996512
2025-12,POE电源管理,TMI7303C,70946.0,44655.581666666665,48157.28238305678
2025-12,POE电源管理,TMI7321,267637.1,141163.69333333333,193779.2309671746
2025-12,POE电源管理,TMI7604R,309426.95,302786.20166666666,425267.2894814398
2025-12,POE电源管理,TMI7608,138053.09,109292.03499999999,120424.1018953454
2025-12,POE电源管理,TMI7608R,195230.07,155717.07833333334,191274.52338453816
2025-12,POE电源管理,TMI7608RG,57345.12,59792.42166666667,71547.0404249735
2025-12,POE电源管理,TMI7608S,641707.93,530844.8183333332,715798.6487015497
2025-12,POE电源管理,TMI7608SG,477876.1,244646.00833333333,368944.54716435156
2025-12,充电与控制电源管理,IM2405,337302.43,172323.24,156864.9252090205
2025-12,充电与控制电源管理,IM2406,104426.41,52592.61000000001,56730.34534602927
2025-12,充电与控制电源管理,IM2423P,382522.0,300563.08166666667,270778.5836743804
2025-12,充电与控制电源管理,IM2603,380336.1,202769.84166666665,171029.29869533738
2025-12,充电与控制电源管理,IM2605,16991.15,78982.27166666665,54525.44995058545
2025-12,充电与控制电源管理,IM5200,143132.7,117758.92,139626.0612614318
2025-12,充电与控制电源管理,TMI2242D,11946.9,44744.583333333336,33812.480923266805
2025-12,充电与控制电源管理,TMI2243D,15929.16,20017.646666666667,9592.835882695023
2025-12,充电与控制电源管理,TMI2243定制丝印,18477.86,41186.003333333334,38159.43645778495
2025-12,充电与控制电源管理,TMI2282,41699.07,43333.565,46750.05000138632
2025-12,充电与控制电源管理,TMI2282EQ定制丝印,0.0,21439.554999999997,21112.066646831936
2025-12,充电与控制电源管理,TMI2282L,129555.63,53690.04666666666,39122.27881681303
2025-12,充电与控制电源管理,TMI2283QE,69331.8,153320.51666666666,140281.65569260353
2025-12,充电与控制电源管理,TMI2284Q,279875.77,216850.59666666668,235042.16219433278
2025-12,充电与控制电源管理,TMI2284Q      DH,0.0,20907.055,35633.81991473068
2025-12,充电与控制电源管理,TMI2286,41606.3,18856.47,16082.524791177171
2025-12,充电与控制电源管理,TMI2286D,147212.22999999998,57427.92500000001,63499.85567241083
2025-12,充电与控制电源管理,TMI2605S,253849.47999999998,160946.84333333335,116969.50855808305
2025-12,充电与控制电源管理,TMI3351,51632.71,87760.27666666667,101290.60938816659
2025-12,充电与控制电源管理,TMI3352A,171119.4,63670.29999999999,82498.99592290467
2025-12,充电与控制电源管理,TMI5330BS,76460.16,60530.96,80091.32899625975
2025-12,充电与控制电源管理,TMI5700,156724.46,121624.43999999999,57687.45810686127
2025-12,充电与控制电源管理,TMI9431,279562.82,194720.51499999998,203327.71696153202
2025-12,充电与控制电源管理,TMI9723,24822.99,35493.01333333333,28952.02044779403
2025-12,新显示MLED驱动,TMI9405,401521.95,872365.5216666666,423261.39887798735
2025-12,无刷直流电机驱动,TMI85120,2122.7599999999998,8318.58,17400.369558370458
2025-12,有刷直流电机驱动,TMI1042,0.0,153982.1733333333,79680.70614125865
2025-12,有刷直流电机驱动,TMI8110,418990.88,291709.0883333333,157859.4022894353
2025-12,有刷直流电机驱动,TMI8113,127849.95,173186.76666666666,141353.77838713548
2025-12,有刷直流电机驱动,TMI8118,177543.38,205167.24,203528.32642573043
2025-12,有刷直流电机驱动,TMI8118S,70226.43000000001,55512.73500000001,43943.49511858387
2025-12,有刷直流电机驱动,TMI8122,85350.44,98245.11333333334,83878.98999106849
2025-12,有刷直流电机驱动,TMI8123,150884.91,93114.42833333333,29528.46757906467
2025-12,有刷直流电机驱动,TMI8140,763052.8,431057.5733333333,444951.6689878556
2025-12,有刷直流电机驱动,TMI8180A,64874.21000000001,709773.1849999999,192417.7614128689
2025-12,有刷直流电机驱动,TMI8180G,1795743.31,1208719.365,1105236.6694154558
2025-12,有刷直流电机驱动,TMI8230,39884.19,80107.94166666667,103723.91217938118
2025-12,有刷直流电机驱动,TMI8260C,154406.87,75458.06333333334,45307.15444258541
2025-12,有刷直流电机驱动,TMI8260DP,103141.51000000001,66126.79,59182.20350799391
2025-12,有刷直流电机驱动,TMI8260SP,270022.3,264013.11000000004,279628.2952995362
2025-12,有刷直流电机驱动,TMI8261,215176.86000000002,424840.4733333334,438226.36454255175
2025-12,有刷直流电机驱动,TMI8340,364391.27,113582.14999999998,102373.77689952744
2025-12,有刷直流电机驱动,TMI8360SP,108352.16,135575.15166666667,155305.1308962592
2025-12,有刷直流电机驱动,TMI8460SP,222740.61,173376.46333333335,178096.87876859502
2025-12,有刷直流电机驱动,TMI8723,174530.89,201538.28666666665,126514.6495302975
2025-12,有刷直流电机驱动,TMI8837,426422.05,468371.62166666664,467896.61372270214
2025-12,有刷直流电机驱动,TMI8870,2334127.89,1617214.325,1110614.3618589414
2025-12,有刷直流电机驱动,TMI8876,11150.44,9085.541666666666,4498.10616009094
2025-12,有刷直流电机驱动,TMI8876R,0.0,29763.99,5140.691889957294
2025-12,有刷直流电机驱动,TMI8913,433252.68,312576.6916666667,269104.474118815
2025-12,有刷直流电机驱动,TMI8920,450107.72,21555.978333333336,36186.66614087911
2025-12,有刷直流电机驱动,TMI8940D,199070.63,174775.10499999998,145679.7056146971
2025-12,步进电机驱动,TMI8150B,146422.74,269670.645,414699.15787900775
2025-12,步进电机驱动,TMI8152,854625.5700000001,759149.8616666667,865204.7740822287
2025-12,步进电机驱动,TMI8160,-6621.359999999983,788845.57,698891.6290160222
2025-12,步进电机驱动,TMI8262,108358.37,148608.36833333332,155090.08261702888
2025-12,步进电机驱动,TMI8263,109513.26,34977.86833333333,55810.77471616563
2025-12,步进电机驱动,TMI8420,45939.81,47619.166666666664,34565.66155155533
2025-12,步进电机驱动,TMI8421,23495.57,119830.71166666667,62542.21713469669
2025-12,步进电机驱动,TMI8548,690.26,35821.005,37438.56877482275
2025-12,电机驱动,SG501210(划片后),345277.18,309738.62333333335,295710.1048102727
2025-12,电脑&计算电源管理,TMI3388A,255230.85,208619.4,145016.85560252116
2025-12,硬件锂电保护,8254AAV,17522.12,25309.728333333333,36687.5761995718
2025-12,硬件锂电保护,JL1001,138052.8,96636.96,145458.9707814514
2025-12,硬件锂电保护,SIT2122,0.0,27091.03,0.0
2025-12,硬件锂电保护,SIT8036,63354.2,98011.52666666667,147079.79249093885
2025-12,硬件锂电保护,SIT8252B,610143.34,274239.13666666666,333888.91148280876
2025-12,硬件锂电保护,SIT8252C,591397.39,265997.8883333333,323903.9126855001
2025-12,硬件锂电保护,SIT8995AN,23097.33,49910.73,91717.08648479273
2025-12,硬件锂电保护,TMI4101A,0.0,84480.29,149207.79952342145
2025-12,硬件锂电保护,TMI4101AN,29203.53,21318.580000000005,12028.365525397605
2025-12,硬件锂电保护,TMI4151AN,45929.19,45846.01,95551.24040195227
2025-12,磁传感,TMI86600BS,53999.82000000001,44251.84333333333,34807.26777003134
2025-12,磁传感,TMI86620LBT,14601.75,24852.463333333333,21519.48847702765
2025-12,磁传感,TMI86881MAS,27690.100000000002,43499.97,37155.51519651134
2025-12,车规电机驱动,TMI8116-Q1,62242.68,111519.47999999998,129367.2386256826
2025-12,车规电机驱动,TMI8122-Q1,298320.76,208856.3633333333,284773.7189811956
2025-12,车规电机驱动,TMI8140-Q1,278030.98,125164.32666666668,160778.9248320605
2025-12,车规电机驱动,TMI8460-Q1,8230.09,6858.406666666667,14346.055526495105
2025-12,车规电机驱动,TMI8720-Q1,40018.58,126346.21833333334,157907.65614439498
2025-12,车规电机驱动,TMI8721-Q1,42955.75,33599.85333333333,49642.59808514613
2025-12,车规电机驱动,TMI8722-Q1,305663.6,288362.76333333337,345138.2734935019
2025-12,车规电源管理,TMI6411-50TB-Q1,66435.35,165751.42500000002,236102.19265825918
2025-12,车规电源管理,TMI7205B-Q1,47787.6,58322.033333333326,97068.91188764005
2025-12,通用电源管理,STI34061,397435.49,155298.66,145899.35347699808
2025-12,通用电源管理,STI3408B,324593.57,244752.19833333336,257369.96735391056
2025-12,通用电源管理,STI3411A,106773.14,121066.59333333334,134090.49195622082
2025-12,通用电源管理,STI3452,10619.4,41967.56166666667,12341.684110197075
2025-12,通用电源管理,STI3452HF,1681.57,203578.4883333333,113061.7575781384
2025-12,通用电源管理,STI3452HF2,0.0,0.0,0.0
2025-12,通用电源管理,STI3452HFI,1522357.21,1162212.4483333332,1308756.1212674074
2025-12,通用电源管理,STI3452I,45167.479999999996,61612.801666666666,105075.72374607334
2025-12,通用电源管理,STI3453,1341221.83,1646303.2333333334,1787517.1946813292
2025-12,通用电源管理,STI3453F,163269.06,98760.08999999998,157925.72137989066
2025-12,通用电源管理,STI3453FI,366343.94,193823.81500000003,223376.1353249925
2025-12,通用电源管理,STI3454I,230350.17,302530.125,353011.08632760844
2025-12,通用电源管理,STI3470,858581.62,719312.355,567332.9785607777
2025-12,通用电源管理,STI3470D,161415.35,352655.94166666665,348894.7699922309
2025-12,通用电源管理,STI3470I,42610.4,38544.00833333334,22189.81596362006
2025-12,通用电源管理,STI3472,361702.96,246496.915,242676.186071557
2025-12,通用电源管理,STI3508,362951.44,335005.415,294284.61956454645
2025-12,通用电源管理,STI3508C,431611.33999999997,507586.34,687582.8608619926
2025-12,通用电源管理,STI3508CB,227238.12,151130.46166666667,152614.64195501342
2025-12,通用电源管理,STI8035,84074.48999999999,52002.10833333334,70536.5807387493
2025-12,通用电源管理,STI8036,949652.37,661489.0433333333,714226.1763763325
2025-12,通用电源管理,STI8036B,648611.48,853326.7133333334,807988.4650570379
2025-12,通用电源管理,STI8036C,52672.51,63091.380000000005,77027.09136414721
2025-12,通用电源管理,STI8070A,9716.81,8221.236666666666,14365.128566989948
2025-12,通用电源管理,STI8070B,10620.0,54345.573333333334,73476.03981637434
2025-12,通用电源管理,STI8070B定制,18982.28,79150.04833333334,114350.4613604669
2025-12,通用电源管理,STI8070C,536279.99,401098.76333333337,505523.7238840328
2025-12,通用电源管理,STI8070D,22300.88,164252.01,194060.00871213
2025-12,通用电源管理,STI9287,159291.48,69006.54666666668,90341.25575919719
2025-12,通用电源管理,STI9287B,52114.85,55535.219999999994,50491.641474393204
2025-12,通用电源管理,STI9287C,590015.42,421997.785,410169.1113674224
2025-12,通用电源管理,STI9287CA,142853.98,111092.89833333333,119297.18488683275
2025-12,通用电源管理,STI9712,41681.31,41288.47666666667,33218.46382102921
2025-12,通用电源管理,TM108J,16350.380000000001,71076.66833333333,92711.15685732075
2025-12,通用电源管理,TMI1304M,22021.62,11094.435,3459.9214821046758
2025-12,通用电源管理,TMI3101,93790.71,75125.11666666667,82216.58404424162
2025-12,通用电源管理,TMI3101C,213914.92,134989.95833333334,147620.21994899795
2025-12,通用电源管理,TMI3101D,15944.41,34055.54666666667,20888.45614086076
2025-12,通用电源管理,TMI3108,733841.88,514009.3933333333,544487.4054768312
2025-12,通用电源管理,TMI3108K,639387.97,249741.17499999996,323182.0153270104
2025-12,通用电源管理,TMI3108K定制丝印,16141.88,50099.945,80472.61783299307
2025-12,通用电源管理,TMI3112,10411.14,38656.47833333333,48123.88039765157
2025-12,通用电源管理,TMI3112H,371500.7,244162.31333333332,184432.97295410818
2025-12,通用电源管理,TMI3113,362645.14,204647.39,233408.841557145
2025-12,通用电源管理,TMI3113     JA,167237.28,61946.85166666666,62836.51096203897
2025-12,通用电源管理,TMI3113B,648817.87,663873.2783333333,539828.4112769138
2025-12,通用电源管理,TMI3113D,128949.53,146755.88333333333,168609.0072612843
2025-12,通用电源管理,TMI3113H2,3318.5699999999997,28899.87333333334,2496.0012827795263
2025-12,通用电源管理,TMI3113H2D,217810.41,109620.42,106578.79455503375
2025-12,通用电源管理,TMI3117,28141.4,11402.603333333333,9215.987288528806
2025-12,通用电源管理,TMI31601F,681127.06,555654.6533333334,647159.2704890276
2025-12,通用电源管理,TMI31602H,116548.54,240035.77000000002,228557.73523805462
2025-12,通用电源管理,TMI3181A,102722.42,138456.9,84650.07434914268
2025-12,通用电源管理,TMI3214H,386163.83,124613.18,102559.6503118989
2025-12,通用电源管理,TMI3214HF,59070.64,8805.269999999999,2836.366588287293
2025-12,通用电源管理,TMI3224,43815.89,2438.933333333333,4810.478785665882
2025-12,通用电源管理,TMI3227T,0.0,619.465,1221.8141431893107
2025-12,通用电源管理,TMI3244T,861754.37,787240.9183333333,860400.3631676727
2025-12,通用电源管理,TMI3244TF,68362.76,37673.33166666667,40223.19101277209
2025-12,通用电源管理,TMI3252,332847.99,277246.3383333333,272493.7581554207
2025-12,通用电源管理,TMI3252S,772423.25,1047879.6783333332,907174.7875016446
2025-12,通用电源管理,TMI3252S2,111392.34,101098.02,129657.32425227095
2025-12,通用电源管理,TMI3252SHF,296777.97,180642.53166666665,194054.68988786582
2025-12,通用电源管理,TMI3252SN,129627.68,93999.87166666666,93988.98630672846
2025-12,通用电源管理,TMI3252SU,112421.9,65999.33,118380.47007467286
2025-12,通用电源管理,TMI3252T,573293.59,393581.895,358421.8690528145
2025-12,通用电源管理,TMI3252TF,21918.56,106624.99166666665,112655.08119533969
2025-12,通用电源管理,TMI3252TN,254092.35,86291.81333333334,134316.39405970252
2025-12,通用电源管理,TMI3253,188195.58000000002,216130.40166666664,216807.98235701406
2025-12,通用电源管理,TMI3253N,170441.85,103032.455,142296.1491808006
2025-12,通用电源管理,TMI3253S,1743539.08,2081236.673333333,1891092.1783022517
2025-12,通用电源管理,TMI3253SH,98216.09,79735.20833333333,83046.68551788964
2025-12,通用电源管理,TMI3253SHF,272652.66,444300.98166666663,617010.7018568581
2025-12,通用电源管理,TMI3253SHFN(NCH),0.0,97680.69666666666,68935.95651269166
2025-12,通用电源管理,TMI3253T,771796.31,725943.37,684986.3410326435
2025-12,通用电源管理,TMI3253TF,347760.48,302630.1433333333,241726.94030456513
2025-12,通用电源管理,TMI3253TH,98628.72,102854.88,100685.52412120685
2025-12,通用电源管理,TMI3255,110710.96,87166.09999999999,91973.5726828635
2025-12,通用电源管理,TMI3255B,313114.19,250257.9816666667,263391.6522197865
2025-12,通用电源管理,TMI3255S,628951.15,446023.13166666665,444449.11126325536
2025-12,通用电源管理,TMI3255SF,65919.34999999999,53843.21,71863.02910711063
2025-12,通用电源管理,TMI3255T,14203.529999999999,19294.233333333334,16789.565693878958
2025-12,通用电源管理,TMI3256,212510.5,181468.82333333333,159627.30464847057
2025-12,通用电源管理,TMI32560,127699.06,65893.79,40712.84828611485
2025-12,通用电源管理,TMI32561,97871.62,69560.83333333333,36311.67242254745
2025-12,通用电源管理,TMI3257I,652486.75,558713.9716666667,643804.9431187978
2025-12,通用电源管理,TMI3257N(NCH),60711.229999999996,102876.55166666668,146708.23553740428
2025-12,通用电源管理,TMI3258,143678.62,261792.43666666668,233314.06918165926
2025-12,通用电源管理,TMI3259,5507.88,8044.656666666667,7912.747139762643
2025-12,通用电源管理,TMI3273T,34594.020000000004,43001.316666666666,33470.210545255555
2025-12,通用电源管理,TMI3281,441454.13,333593.5933333333,313618.36167692277
2025-12,通用电源管理,TMI3282,151075.17,57822.716666666674,63887.63292357393
2025-12,通用电源管理,TMI3286B,97608.65,60969.95166666667,50243.75073339421
2025-12,通用电源管理,TMI3331,70380.45,103508.58166666667,130461.45947569485
2025-12,通用电源管理,TMI3341,273583.36,84840.86,104962.87788739584
2025-12,通用电源管理,TMI3342,311718.74,140697.60499999998,166495.48138217317
2025-12,通用电源管理,TMI3342B,65362.64,48611.24833333333,24560.032640933594
2025-12,通用电源管理,TMI3342C,182813.91,230824.70166666666,168571.2495261185
2025-12,通用电源管理,TMI33431,24822.97,102608.22666666668,16005.860935721925
2025-12,通用电源管理,TMI33431E,220093.61,252688.30666666664,123195.36039443177
2025-12,通用电源管理,TMI3343B,24955.73,37660.185,48506.29663022188
2025-12,通用电源管理,TMI3344,108716.69,110207.83999999998,95293.31454624335
2025-12,通用电源管理,TMI3359,125240.54,127400.23666666665,131347.41846596627
2025-12,通用电源管理,TMI3408,322344.98,246057.73666666666,264397.3209161171
2025-12,通用电源管理,TMI3408      CVT,109250.23999999999,68347.895,74405.5585967103
2025-12,通用电源管理,TMI3408C,724905.73,416716.66,468532.4483886173
2025-12,通用电源管理,TMI3408D,33862.79,64512.03,68480.79270226847
2025-12,通用电源管理,TMI3408F,560659.13,567158.7283333334,569481.020913791
2025-12,通用电源管理,TMI3410,1427552.29,844800.6683333333,787575.0805138339
2025-12,通用电源管理,TMI3411,845607.51,539644.9433333334,563427.1962797873
2025-12,通用电源管理,TMI3411P,8267.65,16213.539999999999,14676.947104939
2025-12,通用电源管理,TMI3421,6504.410000000001,419330.0449999999,35071.93272391162
2025-12,通用电源管理,TMI3492,32345.1,44246.005000000005,69663.62295364769
2025-12,通用电源管理,TMI3493,122883.12,39137.44166666666,33031.93679606184
2025-12,通用电源管理,TMI3494,110035.35,101689.17333333332,120515.81036529015
2025-12,通用电源管理,TMI36010,47940.5,62281.651666666665,59206.544893076025
2025-12,通用电源管理,TMI36030,70299.54,138649.65833333335,124353.09223835928
2025-12,通用电源管理,TMI4056E,69769.61,63930.244999999995,54632.13577791843
2025-12,通用电源管理,TMI5101,253253.49,383058.2483333333,331713.32069008274
2025-12,通用电源管理,TMI5102,61061.73,70955.42166666666,58760.66437049089
2025-12,通用电源管理,TMI5111,184708.87,164467.605,167195.39329082865
2025-12,通用电源管理,TMI5130A,33320.78,33730.06,17288.77252500132
2025-12,通用电源管理,TMI5302,297954.92,224428.13333333333,250381.45633033526
2025-12,通用电源管理,TMI6030,121548.85,93080.99833333334,91254.25922859176
2025-12,通用电源管理,TMI6030-12,59679.62,49624.575000000004,50473.28528484371
2025-12,通用电源管理,TMI6030-18,270604.93,228434.3583333333,260919.96368376704
2025-12,通用电源管理,TMI6030-25,97364.81,76796.50166666666,80749.4695392376
2025-12,通用电源管理,TMI6030-28,257787.8,256100.85,279409.317789583
2025-12,通用电源管理,TMI6030-33,143676.32,103680.61166666665,90030.23931835596
2025-12,通用电源管理,TMI6030C-18,51066.15,39696.299999999996,42226.9808031401
2025-12,通用电源管理,TMI6050,1270730.61,989835.8500000001,1130385.5922039289
2025-12,通用电源管理,TMI6050-18,184951.68,170978.22333333336,183022.6890015633
2025-12,通用电源管理,TMI6050-25,96407.22,75371.19166666667,76653.66256392439
2025-12,通用电源管理,TMI6050-33,91552.65000000001,96037.16833333333,82523.72149087286
2025-12,通用电源管理,TMI6050U,48175.8,42525.60333333333,38987.21854071643
2025-12,通用电源管理,TMI6220,57106.08,25345.076666666664,29061.848680550058
2025-12,通用电源管理,TMI6240,1532197.07,762121.2483333334,673480.3993741149
2025-12,通用电源管理,TMI6240I,369361.54,177823.05166666667,213732.94914446777
2025-12,通用电源管理,TMI6260A,56707.77,117422.755,123020.07259082358
2025-12,通用电源管理,TMI6260C,476328.83,180903.42666666667,132518.38819945607
2025-12,通用电源管理,TMI6261B,319003.54,275103.79,295443.242262229
2025-12,通用电源管理,TMI6262AL,203411.56,209129.045,261235.00375928025
2025-12,通用电源管理,TMI6263AH,281334.36,229576.33,223341.81937536734
2025-12,通用电源管理,TMI6263BH,986971.18,1036675.3450000001,1133951.1209470413
2025-12,通用电源管理,TMI6263BH定制丝印,29734.33,84140.89833333333,161774.79145061816
2025-12,通用电源管理,TMI6263CH,22300.31,62742.0,52594.86172058208
2025-12,通用电源管理,TMI6401,246216.04,124214.34833333333,128417.63057560031
2025-12,通用电源管理,TMI6601A,59625.090000000004,14508.656666666668,18501.622246825747
2025-12,通用电源管理,TMI6809-263,32733.670000000002,41476.11166666667,46608.820866755814
2025-12,通用电源管理,TMI6809-293,32153.210000000003,21456.278333333335,22745.287934486205
2025-12,通用电源管理,TMI7003C,210185.5,140439.02833333332,152120.90845046693
2025-12,通用电源管理,TMI7205B,5407.96,11011.058333333334,16329.648471906963
2025-12,通用电源管理,TMI8037,200105.04,235663.26166666663,154392.56580201525
2025-12,音频功放,TMS8007SP-TR,189346.83,78350.95666666667,92196.93520129024
2025-12,音频功放,TMS8525GM-TR,276035.29,91924.45,154328.82130593943
2025-12,音频功放,TMS8609DTF-TR,63736.65,40981.16999999999,45284.17645884037
2026-01,POE电源管理,TME7624,74336.28,160005.27833333335,109598.66941635455
2026-01,POE电源管理,TME7628S,262831.83,145503.815,249274.00602698364
2026-01,POE电源管理,TMI7301,266681.12,162698.93166666667,259698.52826464234
2026-01,POE电源管理,TMI7302A,15876.08,37752.16333333334,44798.9578828439
2026-01,POE电源管理,TMI7302D,1476185.17,943185.1016666666,1327965.9900194164
2026-01,POE电源管理,TMI7303A,57659.280000000006,30441.003333333338,35562.14282514493
2026-01,POE电源管理,TMI7303B,13053.1,14237.828333333333,34120.40101294565
2026-01,POE电源管理,TMI7303C,109592.88,44341.42833333334,77322.7276761709
2026-01,POE电源管理,TMI7321,210438.16,178247.75333333333,321214.39931378263
2026-01,POE电源管理,TMI7604R,353601.73,295406.485,496704.28796825366
2026-01,POE电源管理,TMI7608,259168.12,117920.35333333333,129457.71701374975
2026-01,POE电源管理,TMI7608R,219026.55000000002,157571.79666666666,217316.34026351164
2026-01,POE电源管理,TMI7608RG,133805.3,48854.36833333334,115849.219699772
2026-01,POE电源管理,TMI7608S,651238.89,543481.9866666667,857222.4970731139
2026-01,POE电源管理,TMI7608SG,497787.6,294424.7683333333,597497.1269792941
2026-01,dTOF模组,TMIS7701,82212.37,35206.473333333335,37917.506819904556
2026-01,充电与控制电源管理,IM2405,225929.03,188879.58333333334,223899.68900608178
2026-01,充电与控制电源管理,IM2406,35046.799999999996,67072.25166666666,75554.54119986473
2026-01,充电与控制电源管理,IM2423P,318827.32,330038.5083333333,341589.3930144114
2026-01,充电与控制电源管理,IM2603,211946.34,236208.97666666665,248057.05047670339
2026-01,充电与控制电源管理,IM2605,0.0,38672.55666666667,28326.57337216926
2026-01,充电与控制电源管理,IM5200,222035.27,138959.50333333333,166710.94386956297
2026-01,充电与控制电源管理,TMI2242D,32203.480000000003,37164.075000000004,28450.972107721285
2026-01,充电与控制电源管理,TMI2243D,3823.01,17044.203333333335,10918.578058010882
2026-01,充电与控制电源管理,TMI2243定制丝印,36955.73,35862.325000000004,34471.62518254219
2026-01,充电与控制电源管理,TMI2282,56548.59,49316.15333333333,45671.53676041245
2026-01,充电与控制电源管理,TMI2282EQ定制丝印,0.0,21439.554999999997,12151.236156367468
2026-01,充电与控制电源管理,TMI2282L,199313.94,66413.63333333333,76151.18954460364
2026-01,充电与控制电源管理,TMI2283QE,211725.38,132721.86333333334,117599.56463605005
2026-01,充电与控制电源管理,TMI2284Q,325037.95,229996.61000000002,250136.23752479273
2026-01,充电与控制电源管理,TMI2284Q      DH,0.0,20907.055,11588.129396621845
2026-01,充电与控制电源管理,TMI2286,1858.41,22270.301666666666,19370.384963337227
2026-01,充电与控制电源管理,TMI2286D,72318.48,76079.56833333331,102997.03805853342
2026-01,充电与控制电源管理,TMI2605S,127964.57,144405.54833333334,132033.26782235553
2026-01,充电与控制电源管理,TMI3351,107203.47,90122.37000000001,101459.1560632676
2026-01,充电与控制电源管理,TMI3352A,106327.37000000001,89129.32,129642.67169786087
2026-01,充电与控制电源管理,TMI5330,132534.08000000002,92918.185,133591.01481648377
2026-01,充电与控制电源管理,TMI5330BS,47787.600000000006,59734.5,105065.82378804525
2026-01,充电与控制电源管理,TMI5700,78543.35,121486.96833333332,112335.45310075051
2026-01,充电与控制电源管理,TMI9431,279045.08,239009.36500000002,225812.90437666388
2026-01,充电与控制电源管理,TMI9723,29707.940000000002,32292.015,32257.938771224028
2026-01,新显示MLED驱动,TMI9405,0.0,712531.965,497174.9537211707
2026-01,无刷直流电机驱动,TMI85120,9876.089999999997,8672.373333333335,31551.974282730112
2026-01,有刷直流电机驱动,TMI1042,0.0,94867.17833333333,0.0
2026-01,有刷直流电机驱动,TMI8110,254760.93,284091.105,405912.9852567915
2026-01,有刷直流电机驱动,TMI8113,255632.54,161123.8266666667,225815.6798145217
2026-01,有刷直流电机驱动,TMI8118,275298.82,208991.21166666667,293627.56928680366
2026-01,有刷直流电机驱动,TMI8118S,167020.97,54594.75666666666,76216.33891521092
2026-01,有刷直流电机驱动,TMI8122,284884.88,108511.48499999999,142751.77011373287
2026-01,有刷直流电机驱动,TMI8123,43840.689999999995,102244.22166666666,126807.46597476829
2026-01,有刷直流电机驱动,TMI8140,591698.92,475821.555,872699.3538891674
2026-01,有刷直流电机驱动,TMI8180A,524788.34,424852.72833333333,189126.00941975342
2026-01,有刷直流电机驱动,TMI8180G,5802758.65,1253547.83,2560788.235784845
2026-01,有刷直流电机驱动,TMI8230,143585.53,86540.30666666666,82831.52293817812
2026-01,有刷直流电机驱动,TMI8260C,144371.58,76466.91333333334,122629.52144032599
2026-01,有刷直流电机驱动,TMI8260DP,63132.71000000001,73980.76666666668,124619.71968499038
2026-01,有刷直流电机驱动,TMI8260SP,440999.6,278258.22166666674,499163.0788162695
2026-01,有刷直流电机驱动,TMI8261,308670.61,422030.74,598011.4674318163
2026-01,有刷直流电机驱动,TMI8340,227415.7,152977.75333333333,318649.54457669205
2026-01,有刷直流电机驱动,TMI8360SP,148181.33,135027.66,194763.29463330843
2026-01,有刷直流电机驱动,TMI8460SP,282544.08999999997,186229.99833333332,330540.2700580763
2026-01,有刷直流电机驱动,TMI8723,94991.96,189286.07500000004,250887.31070759732
2026-01,有刷直流电机驱动,TMI8837,355602.49,464844.1683333333,760326.856771567
2026-01,有刷直流电机驱动,TMI8870,1900692.23,1706850.8666666665,2324785.052621286
2026-01,有刷直流电机驱动,TMI8876,0.0,7433.625,13569.205865855693
2026-01,有刷直流电机驱动,TMI8876R,0.0,28477.855,0.0
2026-01,有刷直流电机驱动,TMI8913,188318.43,327020.02166666667,420551.01481242554
2026-01,有刷直流电机驱动,TMI8920,264706.61,96082.78166666666,290960.5872317416
2026-01,有刷直流电机驱动,TMI8940D,205796.24,189332.61333333337,264253.2629060428
2026-01,步进电机驱动,TMI8150B,558263.99,268422.10333333333,431175.9058757697
2026-01,步进电机驱动,TMI8152,881999.11,798635.27,1042354.0177826139
2026-01,步进电机驱动,TMI8160,449093.31,691695.2316666667,476283.22755546664
2026-01,步进电机驱动,TMI8262,285327.35,145761.02166666667,193245.39726391822
2026-01,步进电机驱动,TMI8263,39823.0,53230.07833333333,78073.97689086977
2026-01,步进电机驱动,TMI8420,52805.31,41153.386666666665,56103.68563566423
2026-01,步进电机驱动,TMI8421,82504.42,82319.84,48605.401183840775
2026-01,步进电机驱动,TMI8548,51504.41,31519.751666666667,41412.987467896266
2026-01,电机驱动,SG501210(划片后),574517.84,319839.24833333335,341909.5177241459
2026-01,电脑&计算电源管理,TMI3388A,382795.3,227155.88,326103.1177244782
2026-01,硬件锂电保护,8254AAV,17522.12,27256.63,17075.959549488827
2026-01,硬件锂电保护,JL1001,0.0,110442.23999999999,69190.7702014129
2026-01,硬件锂电保护,SIT2122,27610.56,12657.008333333333,0.0
2026-01,硬件锂电保护,SIT8036,98442.3,88924.58,51011.52927031682
2026-01,硬件锂电保护,SIT8252B,182878.24,309062.51666666666,238476.0340945319
2026-01,硬件锂电保护,SIT8252C,120052.77,307732.68166666664,221259.8894367351
2026-01,硬件锂电保护,SIT8995AN,13938.050000000001,48870.905,45987.70504603059
2026-01,硬件锂电保护,TMI4101A,0.0,84480.29,41880.013444449505
2026-01,硬件锂电保护,TMI4101AN,29203.54,21318.579999999998,12296.910565413164
2026-01,硬件锂电保护,TMI4151AN,44601.77,46952.20333333333,47353.635378793115
2026-01,磁传感,TMI86600BS,53335.99,44225.27166666667,42064.944254289934
2026-01,磁传感,TMI86620LBT,52398.020000000004,24631.221666666668,21306.562446429045
2026-01,磁传感,TMI86881MAS,41415.78,41009.56166666667,40006.72351328929
2026-01,车规电机驱动,TMI8116-Q1,57882.32,102232.67333333334,123897.2945515823
2026-01,车规电机驱动,TMI8122-Q1,238356.46,201193.51333333334,266963.8395938221
2026-01,车规电机驱动,TMI8140-Q1,140980.07,160072.145,174934.75338034527
2026-01,车规电机驱动,TMI8460-Q1,16460.17,8230.088333333333,20381.420175141844
2026-01,车规电机驱动,TMI8720-Q1,154538.06,120302.12166666664,120235.24914875768
2026-01,车规电机驱动,TMI8721-Q1,55025.62,38989.23333333333,55773.85935238706
2026-01,车规电机驱动,TMI8722-Q1,275044.12,321076.6166666667,444373.29099816806
2026-01,车规电源管理,TMI6411-50TB-Q1,132840.84,173656.08,81396.05196606208
2026-01,车规电源管理,TMI7205B-Q1,78002.64,63385.085,60850.206298864665
2026-01,通用电源管理,STI34061,248122.16999999998,197878.68999999997,269060.89550344396
2026-01,通用电源管理,STI3408B,542503.07,272010.74500000005,349274.3234223928
2026-01,通用电源管理,STI3411A,226175.58000000002,128125.41666666667,155112.95490879018
2026-01,通用电源管理,STI3452,0.0,31620.315,18212.834539993033
2026-01,通用电源管理,STI3452HF,9187.92,137270.055,112675.8767302637
2026-01,通用电源管理,STI3452HF2,0.0,0.0,0.0
2026-01,通用电源管理,STI3452HFI,1733958.3699999999,1266252.3733333333,1555130.986711379
2026-01,通用电源管理,STI3452I,209116.34,69140.715,96953.1574968947
2026-01,通用电源管理,STI3453,955483.4400000001,1657857.6766666668,1749875.6315551223
2026-01,通用电源管理,STI3453F,166724.44,125674.02999999998,196521.8154542881
2026-01,通用电源管理,STI3453FI,217636.3,232359.66166666665,303151.215492012
2026-01,通用电源管理,STI3454I,291379.86,284251.865,435199.79437329783
2026-01,通用电源管理,STI3470,1498979.99,748388.475,745205.7298308936
2026-01,通用电源管理,STI3470D,284710.32,331478.8416666667,342816.60825312405
2026-01,通用电源管理,STI3470I,78397.91,38110.378333333334,29862.09573173346
2026-01,通用电源管理,STI3472,453086.54,244430.715,340940.41872390255
2026-01,通用电源管理,STI3508,555697.66,320895.9166666667,340931.304850528
2026-01,通用电源管理,STI3508C,357680.55,534551.2466666667,507081.1488500392
2026-01,通用电源管理,STI3508CB,360314.0,169393.87666666668,192809.6006652257
2026-01,通用电源管理,STI8035,115745.73,60696.845,61775.20621092642
2026-01,通用电源管理,STI8036,1167412.5,679502.3250000001,984409.1636448189
2026-01,通用电源管理,STI8036B,1158768.3599999999,802988.9566666667,855552.1329109501
2026-01,通用电源管理,STI8036C,52672.520000000004,64142.26500000001,82076.3591526818
2026-01,通用电源管理,STI8070A,28699.120000000003,9495.571666666665,14390.752084506246
2026-01,通用电源管理,STI8070B,28036.73,49345.668333333335,37656.153788562166
2026-01,通用电源管理,STI8070B定制,92964.47,82313.76166666667,141426.6967545267
2026-01,通用电源管理,STI8070C,287430.12,459078.3500000001,524511.2119280652
2026-01,通用电源管理,STI8070D,0.0,142999.815,182002.94868022655
2026-01,通用电源管理,STI9287,85990.92,84055.15833333334,122076.41303568432
2026-01,通用电源管理,STI9287B,53893.579999999994,49818.42833333332,60699.9310743406
2026-01,通用电源管理,STI9287C,516555.0,469691.045,499279.9161238577
2026-01,通用电源管理,STI9287CA,341392.16000000003,123004.92333333332,131971.1495103662
2026-01,通用电源管理,STI9712,85265.98000000001,39201.74166666666,43937.75607728033
2026-01,通用电源管理,TM108J,176640.7,69185.84833333334,82715.31723965317
2026-01,通用电源管理,TMI1304M,2083.34,5424.465,12547.687089986051
2026-01,通用电源管理,TMI3101,27504.13,80972.45,96496.03737590593
2026-01,通用电源管理,TMI3101C,208591.52,156574.22166666668,183510.24223325733
2026-01,通用电源管理,TMI3101D,53752.3,28126.588333333333,24472.735477939113
2026-01,通用电源管理,TMI3108,1027516.6699999999,565786.4999999999,636021.7696864913
2026-01,通用电源管理,TMI3108K,695843.17,337557.29,545140.8691153239
2026-01,通用电源管理,TMI3108K定制丝印,0.0,43923.06,77407.41897587734
2026-01,通用电源管理,TMI3112,46341.58,37388.42166666666,41294.53232429593
2026-01,通用电源管理,TMI3112H,548458.63,259426.625,286966.93100398214
2026-01,通用电源管理,TMI3113,303986.08,242087.60333333336,326254.564508494
2026-01,通用电源管理,TMI3113     JA,145751.4,76545.40500000001,80850.97497476327
2026-01,通用电源管理,TMI3113B,772487.73,656151.9883333333,645985.0953833414
2026-01,通用电源管理,TMI3113D,255956.22,156528.53833333333,183923.16932104298
2026-01,通用电源管理,TMI3113H2,139977.33,17987.91,4206.673261841493
2026-01,通用电源管理,TMI3113H2D,107214.42,126728.87833333334,183382.99112561226
2026-01,通用电源管理,TMI3117,0.0,14234.436666666666,12200.330542959247
2026-01,通用电源管理,TMI31601F,1245717.17,629841.49,809599.7173425225
2026-01,通用电源管理,TMI31602H,102187.35,228629.69333333336,171118.30445395547
2026-01,通用电源管理,TMI3181A,75929.16,121139.57333333335,75371.02729174675
2026-01,通用电源管理,TMI3181D,24321.23,46645.01000000001,36132.53699531658
2026-01,通用电源管理,TMI3214H,0.0,161226.81333333332,194821.8506086324
2026-01,通用电源管理,TMI3214HF,-2.8421709430404007e-13,11283.156666666668,26099.812468256943
2026-01,通用电源管理,TMI3224,27440.68,9741.581666666667,22533.89385218231
2026-01,通用电源管理,TMI3227T,5352.19,619.465,1432.9252715610128
2026-01,通用电源管理,TMI3244T,1463485.8,803889.0466666667,990185.9907411514
2026-01,通用电源管理,TMI3244TF,86392.62,44594.29,52043.64045397018
2026-01,通用电源管理,TMI3252,484975.43,283749.11333333334,348993.42798496987
2026-01,通用电源管理,TMI32520,85831.32,33385.23333333333,57090.87962606877
2026-01,通用电源管理,TMI3252S,1120510.15,981007.9166666666,906236.4221878938
2026-01,通用电源管理,TMI3252S2,13932.58,96072.11333333334,124629.79342778886
2026-01,通用电源管理,TMI3252SHF,171032.81,191039.035,266033.40864259755
2026-01,通用电源管理,TMI3252SN,229449.4,97406.005,127632.06678107627
2026-01,通用电源管理,TMI3252SU,95760.1,84736.31333333334,130334.27240747729
2026-01,通用电源管理,TMI3252T,351685.4,415355.935,468085.4253075829
2026-01,通用电源管理,TMI3252TF,144440.63,95844.48833333334,130730.23627916822
2026-01,通用电源管理,TMI3252TN,261321.96,128135.71666666666,238057.8345807979
2026-01,通用电源管理,TMI3253,441584.07,218525.50666666668,203366.2264108179
2026-01,通用电源管理,TMI3253N,161680.71,124183.71833333334,198065.07102543974
2026-01,通用电源管理,TMI3253S,3169985.14,1963574.1283333336,2171436.514423443
2026-01,通用电源管理,TMI3253SH,119716.06,84511.34999999999,96047.42970517559
2026-01,通用电源管理,TMI3253SHF,688726.51,462949.41,669213.247406964
2026-01,通用电源管理,TMI3253SHFN(NCH),455112.7,87231.12333333334,16863.541779055362
2026-01,通用电源管理,TMI3253SN,135060.56,65600.19166666667,87051.49694582509
2026-01,通用电源管理,TMI3253T,1095973.69,720495.8533333334,780078.1311869557
2026-01,通用电源管理,TMI3253TF,409478.79,245664.34,354123.0428475902
2026-01,通用电源管理,TMI3253TH,177138.3,105876.805,109934.10825759814
2026-01,通用电源管理,TMI3253TN,128112.32999999999,38477.261666666665,45779.62208084475
2026-01,通用电源管理,TMI3255,142688.08,97467.38333333332,122632.9221818826
2026-01,通用电源管理,TMI3255B,168525.41,258760.09833333336,304670.94231138495
2026-01,通用电源管理,TMI3255S,763554.05,469502.035,587918.6033705198
2026-01,通用电源管理,TMI3255SF,123264.20999999999,56070.35,69359.58349571889
2026-01,通用电源管理,TMI3255T,39298.94,20093.34833333333,19844.07908408322
2026-01,通用电源管理,TMI3256,246381.96,185762.69333333336,197359.54002584936
2026-01,通用电源管理,TMI32560,167787.53,55318.56666666667,92373.07758549186
2026-01,通用电源管理,TMI32561,81584.01,68731.84166666666,64283.46444821904
2026-01,通用电源管理,TMI3257I,1129719.77,583851.8533333334,727329.3336952045
2026-01,通用电源管理,TMI3257N(NCH),519694.33,112929.38166666667,123625.1585204084
2026-01,通用电源管理,TMI3258,346831.42,214556.99500000002,175110.39688747516
2026-01,通用电源管理,TMI3259,5879.58,8638.153333333334,7889.291094095004
2026-01,通用电源管理,TMI3273T,29254.47,38793.59333333333,34272.94443093319
2026-01,通用电源管理,TMI3281,510529.49,378370.6333333333,424562.7899703513
2026-01,通用电源管理,TMI3282,111238.93000000001,80413.41333333333,108682.28844950655
2026-01,通用电源管理,TMI3286B,111457.34,63177.734999999986,78853.06280423299
2026-01,通用电源管理,TMI3331,107362.55,111256.36666666665,133559.7238554254
2026-01,通用电源管理,TMI3341,163624.68,123159.34000000001,201275.66423819942
2026-01,通用电源管理,TMI3342,187712.22,172349.35499999998,250961.74920877305
2026-01,通用电源管理,TMI3342B,137415.52000000002,49666.536666666674,38997.89406306131
2026-01,通用电源管理,TMI3342C,342849.08999999997,201183.08666666667,213570.5685661631
2026-01,通用电源管理,TMI33431,99928.99,95683.45333333332,26806.087536189658
2026-01,通用电源管理,TMI33431E,301029.71,226968.025,181224.10960017226
2026-01,通用电源管理,TMI3343B,61858.34,35447.8,25362.918795273265
2026-01,通用电源管理,TMI3344,228300.3,108729.99666666666,121369.44401800225
2026-01,通用电源管理,TMI3359,163220.91999999998,129567.10333333333,174916.00999685886
2026-01,通用电源管理,TMI3408,437132.99,271860.12,337904.07629319944
2026-01,通用电源管理,TMI3408      CVT,94980.4,80104.92666666667,97600.18467734025
2026-01,通用电源管理,TMI3408C,975809.99,491546.5433333333,638005.2014389188
2026-01,通用电源管理,TMI3408D,102351.28,54587.284999999996,65753.86686152023
2026-01,通用电源管理,TMI3408F,750571.68,578232.1466666667,668891.1082227726
2026-01,通用电源管理,TMI3410,1592644.31,937724.02,1164282.4692157104
2026-01,通用电源管理,TMI3411,842270.84,613214.3366666666,711533.799856749
2026-01,通用电源管理,TMI3411P,27600.93,15082.758333333331,17616.13028220304
2026-01,通用电源管理,TMI3421,1408254.32,311040.53,42738.76512149463
2026-01,通用电源管理,TMI3492,62070.700000000004,45300.57166666666,41561.29431849091
2026-01,通用电源管理,TMI3493,109871.59000000001,58765.45333333333,59718.539628286264
2026-01,通用电源管理,TMI3494,354982.95,106908.93666666666,166565.5931496109
2026-01,通用电源管理,TMI36010,99573.34,62503.073333333334,71711.49485448761
2026-01,通用电源管理,TMI36030,204603.3,104919.72833333335,142148.70906066362
2026-01,通用电源管理,TMI4056E,57676.71,67540.84,66835.85788956899
2026-01,通用电源管理,TMI5101,500533.57,364262.395,311399.61401555577
2026-01,通用电源管理,TMI5102,94155.51000000001,64765.176666666666,60367.27855144681
2026-01,通用电源管理,TMI5111,408712.97,174462.545,184842.57563337666
2026-01,通用电源管理,TMI5130A,44190.23,32513.618333333332,19959.571598753544
2026-01,通用电源管理,TMI5302,704732.76,238613.87666666668,317747.4229656363
2026-01,通用电源管理,TMI6030,158900.5,101927.735,102713.98519622868
2026-01,通用电源管理,TMI6030-12,72862.31,52043.65166666667,32443.00279722809
2026-01,通用电源管理,TMI6030-18,519713.24,243687.27,322495.0878862258
2026-01,通用电源管理,TMI6030-25,88426.18,77959.78166666666,81348.32876010762
2026-01,通用电源管理,TMI6030-28,514714.82,273410.14166666666,314840.8645591634
2026-01,通用电源管理,TMI6030-33,139243.66,109880.02833333332,116621.11213459817
2026-01,通用电源管理,TMI6030C-18,51371.49,42085.723333333335,49042.053339879334
2026-01,通用电源管理,TMI6050,1457126.35,1048147.5716666668,1341765.8234157413
2026-01,通用电源管理,TMI6050-18,318345.05,171327.755,209804.3991840903
2026-01,通用电源管理,TMI6050-25,105541.64,79130.56666666667,90851.32289074031
2026-01,通用电源管理,TMI6050-33,256964.28,102703.13666666667,78007.54286382097
2026-01,通用电源管理,TMI6050U,43473.16,47290.024999999994,36217.549694885805
2026-01,通用电源管理,TMI6220,43765.380000000005,33318.51666666666,49866.006864192765
2026-01,通用电源管理,TMI6240,1484066.73,910541.2866666666,1094121.6706157979
2026-01,通用电源管理,TMI6240I,187208.38999999998,203904.55666666667,334808.1274343053
2026-01,通用电源管理,TMI6260A,90989.98999999999,98934.00166666666,130810.14459280351
2026-01,通用电源管理,TMI6260C,167267.56,211049.54833333334,295735.4140224372
2026-01,通用电源管理,TMI6261B,327034.65,276709.2166666667,395754.76149980887
2026-01,通用电源管理,TMI6262AL,286381.23,216730.78333333335,228972.66759423638
2026-01,通用电源管理,TMI6263AH,760126.29,246334.29999999996,295161.1783154199
2026-01,通用电源管理,TMI6263BH,1625280.04,1041390.9616666666,1262705.1886756546
2026-01,通用电源管理,TMI6263BH定制丝印,0.0,87919.63666666666,152470.9918311837
2026-01,通用电源管理,TMI6263CH,37008.75,50219.84666666667,47455.34109331417
2026-01,通用电源管理,TMI6401,163857.71,136019.44166666668,163891.164789565
2026-01,通用电源管理,TMI6601A,0.0,19755.97,22987.12014402208
2026-01,通用电源管理,TMI6809-263,65749.96,38011.73333333333,51303.12667646084
2026-01,通用电源管理,TMI6809-293,56108.04,24110.486666666664,29154.826002493377
2026-01,通用电源管理,TMI7003C,259831.45,151589.45666666667,175825.89377652117
2026-01,通用电源管理,TMI7205B,5575.22,11011.058333333334,21236.084452092113
2026-01,通用电源管理,TMI8037,390351.44,185612.94499999998,177311.49368933268
2026-01,音频功放,TMS8007SP-TR,112135.81,93431.67833333333,191836.52798529805
2026-01,音频功放,TMS8525GM-TR,464955.61,130585.20333333332,355283.96844256594
2026-01,音频功放,TMS8609DTF-TR,98000.36,41940.23166666667,93137.25989137679
2026-02,POE电源管理,TME7624,49557.51999999999,56906.48333333334,72218.31016088832
2026-02,POE电源管理,TME7628S,0.0,142583.46333333335,174437.30365419906
2026-02,POE电源管理,TMI7301,69504.33,157743.18833333332,152520.19386535202
2026-02,POE电源管理,TMI7302A,26867.22,30601.731666666663,21419.678024167482
2026-02,POE电源管理,TMI7302D,597345.0,1136185.015,817979.5727378039
2026-02,POE电源管理,TMI7303A,40044.240000000005,28398.965,26611.861234514174
2026-02,POE电源管理,TMI7303B,26548.67,16413.345,10399.6113565544
2026-02,POE电源管理,TMI7303C,19115.04,53447.625,60433.29828485575
2026-02,POE电源管理,TMI7321,312477.82,195134.93999999997,153398.6552115675
2026-02,POE电源管理,TMI7604R,240453.77,326803.23666666663,262439.68961026386
2026-02,POE电源管理,TMI7608,0.0,146734.50833333333,119368.31686684256
2026-02,POE电源管理,TMI7608R,18969.03,175993.62666666668,146842.08603948343
2026-02,POE电源管理,TMI7608RG,535221.21,60907.465,88466.99728716759
2026-02,POE电源管理,TMI7608S,415752.21,599942.1583333333,453241.739408528
2026-02,POE电源管理,TMI7608SG,341681.38,345592.91,329357.4577786393
2026-02,dTOF模组,TMIS7701,18584.06,46548.65333333334,28661.239521011383
2026-02,充电与控制电源管理,IM2405,0.0,224248.28666666665,147652.23124037436
2026-02,充电与控制电源管理,IM2406,52699.1,66254.51666666668,41330.59930228584
2026-02,充电与控制电源管理,IM2423P,307964.49,348894.5933333333,204153.70604973217
2026-02,充电与控制电源管理,IM2603,148924.7,237391.79333333333,148097.4383029006
2026-02,充电与控制电源管理,IM2605,130619.41,35884.94666666667,15647.765194216709
2026-02,充电与控制电源管理,IM5200,86460.15,154136.63,120998.54257221945
2026-02,充电与控制电源管理,TMI2242D,18053.04,33214.51666666667,18867.061900264067
2026-02,充电与控制电源管理,TMI2243D,0.0,17681.371666666666,4186.410030313602
2026-02,充电与控制电源管理,TMI2243定制丝印,39600.89,31627.815,23468.666010917234
2026-02,充电与控制电源管理,TMI2282,56415.87,51631.19500000001,29400.664014266924
2026-02,充电与控制电源管理,TMI2282EQ定制丝印,36592.57,17935.135,7262.612196089319
2026-02,充电与控制电源管理,TMI2282L,73008.78,91092.81499999999,72870.46562798787
2026-02,充电与控制电源管理,TMI2283QE,134176.85,138836.88833333334,82541.47712588962
2026-02,充电与控制电源管理,TMI2284Q,211008.64,262382.0233333333,174101.0099491483
2026-02,充电与控制电源管理,TMI2284Q      DH,0.0,20907.055,3847.8069316227898
2026-02,充电与控制电源管理,TMI2286,0.0,19482.69166666667,11218.259863719282
2026-02,充电与控制电源管理,TMI2286D,31460.149999999998,80172.47833333333,60092.48725653808
2026-02,充电与控制电源管理,TMI2605S,161946.84,149498.46666666667,81223.00455745487
2026-02,充电与控制电源管理,TMI3351,73805.26999999999,99857.61333333334,52396.04823435916
2026-02,充电与控制电源管理,TMI3352A,97991.1,100008.78166666668,75920.70910535243
2026-02,充电与控制电源管理,TMI5330,50442.469999999994,110821.35333333335,64467.51470532638
2026-02,充电与控制电源管理,TMI5330BS,0.0,67699.09999999999,52638.051696610106
2026-02,充电与控制电源管理,TMI5700,6637.17,100244.18666666665,68045.34973150797
2026-02,充电与控制电源管理,TMI9431,179350.2,244150.58333333334,148507.23309972786
2026-02,充电与控制电源管理,TMI9723,29044.219999999998,31508.824999999997,19582.78388851316
2026-02,新显示MLED驱动,TMI9405,0.0,456007.465,0.0
2026-02,无刷直流电机驱动,TMI85120,0.0,10318.388333333334,16400.302886902784
2026-02,无刷直流电机驱动,TMI9172B,0.0,104424.66166666667,164778.62336072273
2026-02,有刷直流电机驱动,TMI1042,72212.33,71504.36666666665,0.0
2026-02,有刷直流电机驱动,TMI8110,7433.63,309869.8549999999,267396.55710835493
2026-02,有刷直流电机驱动,TMI8113,131290.28,170517.15166666667,148200.27601508392
2026-02,有刷直流电机驱动,TMI8118,164441.56,214515.57499999998,195218.82265353718
2026-02,有刷直流电机驱动,TMI8118S,21987.97,73704.12333333334,88478.50236213215
2026-02,有刷直流电机驱动,TMI8122,57345.11,128124.75333333334,146293.3367814894
2026-02,有刷直流电机驱动,TMI8123,127300.84999999999,88145.40499999998,79161.5947267892
2026-02,有刷直流电机驱动,TMI8140,369026.42000000004,531926.7583333333,624149.7057468473
2026-02,有刷直流电机驱动,TMI8180A,-119499.40000000001,369872.455,187184.5500506613
2026-02,有刷直流电机驱动,TMI8180G,3243050.78,2021855.0,2553549.0340966554
2026-02,有刷直流电机驱动,TMI8230,16691.18,102677.695,70068.82545178822
2026-02,有刷直流电机驱动,TMI8260C,80070.63,90480.61833333333,113897.15831659085
2026-02,有刷直流电机驱动,TMI8260DP,9646.0,69443.89833333333,72146.09994497422
2026-02,有刷直流电机驱动,TMI8260SP,279849.3,322590.0366666667,257704.95534016198
2026-02,有刷直流电机驱动,TMI8261,315620.92,429188.26333333337,236534.9133020316
2026-02,有刷直流电机驱动,TMI8340,216902.44,163755.165,232867.08087222948
2026-02,有刷直流电机驱动,TMI8360SP,0.0,153640.48166666666,128158.51842301119
2026-02,有刷直流电机驱动,TMI8460SP,239336.16999999998,211151.07666666666,221214.63420715375
2026-02,有刷直流电机驱动,TMI8723,96159.25,137622.52666666667,105368.40155317374
2026-02,有刷直流电机驱动,TMI8837,443492.92,441821.79833333334,419701.702626392
2026-02,有刷直流电机驱动,TMI8870,1771599.14,1696513.8033333335,1618731.7571743657
2026-02,有刷直流电机驱动,TMI8876,0.0,4336.281666666667,3363.5806611999024
2026-02,有刷直流电机驱动,TMI8876R,0.0,14041.286666666667,0.0
2026-02,有刷直流电机驱动,TMI8913,149114.95,293423.9483333333,218727.6284082529
2026-02,有刷直流电机驱动,TMI8920,153317.43,139950.55,245706.95436917327
2026-02,有刷直流电机驱动,TMI8940D,193362.58000000002,180582.45666666667,174158.62207692428
2026-02,步进电机驱动,TMI8150B,64296.28999999999,336606.99166666664,253194.0102416163
2026-02,步进电机驱动,TMI8152,632955.24,835545.0150000001,564924.1643053746
2026-02,步进电机驱动,TMI8160,27792.909999999996,635667.5916666667,208468.6245758502
2026-02,步进电机驱动,TMI8262,71999.99,156550.10333333333,128687.13700663045
2026-02,步进电机驱动,TMI8263,0.0,51570.78666666666,49983.56411124661
2026-02,步进电机驱动,TMI8420,38747.78,42642.325,28550.034037175843
2026-02,步进电机驱动,TMI8421,60619.45,67728.40333333334,31682.530579766513
2026-02,步进电机驱动,TMI8548,0.0,33584.65,17690.798257541763
2026-02,电机驱动,SG501210(划片后),0.0,345747.355,226415.1609596714
2026-02,电脑&计算电源管理,TMI3388A,237684.83000000002,254714.12833333333,199266.21946782255
2026-02,硬件锂电保护,8254AAV,0.0,28230.081666666665,11827.256910836117
2026-02,硬件锂电保护,JL1001,55221.12,92035.2,31948.893322180596
2026-02,硬件锂电保护,SIT2122,55221.12,4601.76,3993.6116652725755
2026-02,硬件锂电保护,SIT8036,315198.76,99898.01166666667,41260.904278188544
2026-02,硬件锂电保护,SIT8252B,0.0,310692.695,144213.73143677
2026-02,硬件锂电保护,SIT8252C,106194.6,290091.06666666665,131651.3567985415
2026-02,硬件锂电保护,SIT8995AN,0.0,48760.285,20248.409675496365
2026-02,硬件锂电保护,SIT8995DN,3451.33,17618.581666666665,9313.581754379467
2026-02,硬件锂电保护,TMI4101A,0.0,66423.65666666666,3151.0678183116306
2026-02,硬件锂电保护,TMI4101AN,4867.26,17926.251666666667,9856.049595307775
2026-02,硬件锂电保护,TMI4151AN,0.0,54385.831666666665,24691.321745688998
2026-02,磁传感,TMI86600BS,44203.29,46225.536666666674,28006.027537002283
2026-02,磁传感,TMI86620LBT,20176.940000000002,30952.72333333334,19472.543448633303
2026-02,磁传感,TMI86881MAS,82220.77,41916.636666666665,21468.906776783133
2026-02,车规电机驱动,TMI8116-Q1,87891.23,104559.49166666665,45235.83815816265
2026-02,车规电机驱动,TMI8122-Q1,159115.02000000002,237726.37666666662,173575.62796683973
2026-02,车规电机驱动,TMI8140-Q1,37168.14,146831.3633333333,91464.14085089281
2026-02,车规电机驱动,TMI8460-Q1,24690.26,10973.449999999999,8982.554613383618
2026-02,车规电机驱动,TMI8720-Q1,71931.97,125716.29,61695.55063185824
2026-02,车规电机驱动,TMI8721-Q1,18584.07,46390.25833333333,34206.330762948666
2026-02,车规电机驱动,TMI8722-Q1,415929.0,308510.23666666663,189869.8994885788
2026-02,车规电源管理,TMI6411-50TB-Q1,24566.340000000004,169846.02666666664,78671.68969681648
2026-02,车规电源管理,TMI7205B-Q1,0.0,71518.27,74297.13557388727
2026-02,通用电源管理,STI34061,352829.45,204462.66666666666,187311.65097269719
2026-02,通用电源管理,STI3408B,244085.65,335147.25,273291.54957241873
2026-02,通用电源管理,STI3411A,83110.45,153586.87833333333,126447.42352984681
2026-02,通用电源管理,STI3452,0.0,11968.916666666666,8330.025451243904
2026-02,通用电源管理,STI3452HF,104535.23,74492.54333333333,52636.115602910904
2026-02,通用电源管理,STI3452HF2,0.0,0.0,0.0
2026-02,通用电源管理,STI3452HFI,1651717.98,1416518.9166666667,1210318.4790684853
2026-02,通用电源管理,STI3452I,218767.91,101245.45166666666,107053.70472762865
2026-02,通用电源管理,STI3453,1403906.38,1619584.74,1055222.7499635902
2026-02,通用电源管理,STI3453F,78169.48,139416.12999999998,137140.12404006234
2026-02,通用电源管理,STI3453FI,240473.37,244356.06500000003,215967.92776589672
2026-02,通用电源管理,STI3454I,478950.51,329520.19166666665,256693.3087302747
2026-02,通用电源管理,STI3470,430968.58999999997,873843.1383333333,712079.68569114
2026-02,通用电源管理,STI3470D,201769.19999999998,310715.37000000005,239814.24054788632
2026-02,通用电源管理,STI3470I,79459.84,37250.22,37613.24892534611
2026-02,通用电源管理,STI3472,198739.71,302639.42333333334,275193.48872218607
2026-02,通用电源管理,STI3508,323680.31,377325.94,301705.3578569024
2026-02,通用电源管理,STI3508C,312481.51,528702.1533333332,245538.5450242954
2026-02,通用电源管理,STI3508CB,167919.93,198673.13833333334,184714.32614768014
2026-02,通用电源管理,STI8035,0.0,71249.20666666667,52944.76596894323
2026-02,通用电源管理,STI8036,720870.0,796257.8983333334,752688.1754527552
2026-02,通用电源管理,STI8036B,1314952.99,873425.9933333333,697902.8804587019
2026-02,通用电源管理,STI8036C,51479.649999999994,63456.436666666676,61921.39993927586
2026-02,通用电源管理,STI8070A,5734.5,13933.625,10664.21259134875
2026-02,通用电源管理,STI8070B,29205.0,50288.369999999995,21428.621570148145
2026-02,通用电源管理,STI8070B定制,0.0,76633.96500000001,85979.61364554495
2026-02,通用电源管理,STI8070C,578573.55,455466.6666666667,283509.67389908014
2026-02,通用电源管理,STI8070D,337486.57,121977.72000000002,59970.39118037682
2026-02,通用电源管理,STI9287,61114.87,94212.8,79785.58720497624
2026-02,通用电源管理,STI9287B,63543.27,52068.40833333333,45636.29624164672
2026-02,通用电源管理,STI9287C,255315.0,478117.01499999996,415609.5134656933
2026-02,通用电源管理,STI9287CA,63981.899999999994,147179.44666666668,142618.57055281271
2026-02,通用电源管理,STI9712,70238.53,43907.73500000001,42375.99802917028
2026-02,通用电源管理,TM108J,3738.0400000000004,90029.00666666667,71268.57682271992
2026-02,通用电源管理,TMI1304M,1032.63,5771.688333333334,6550.406631183052
2026-02,通用电源管理,TMI3101,13539.75,76625.53166666668,46776.672858044
2026-02,通用电源管理,TMI3101C,195556.21,182255.45666666667,136152.24290091565
2026-02,通用电源管理,TMI3101D,8582.64,27378.131666666668,24539.383829453884
2026-02,通用电源管理,TMI3108,500857.36,660210.1549999999,505307.01173938793
2026-02,通用电源管理,TMI3108K,325019.96,416834.895,456808.4157832523
2026-02,通用电源管理,TMI3108K定制丝印,0.0,43923.06,40977.160475794466
2026-02,通用电源管理,TMI3112,37615.62,42633.005000000005,17001.860936124493
2026-02,通用电源管理,TMI3112F,29734.44,40270.486666666664,35071.64763944439
2026-02,通用电源管理,TMI3112H,128977.04000000001,291440.105,286224.2948617424
2026-02,通用电源管理,TMI3113,212762.95,259257.25333333333,246360.88028482246
2026-02,通用电源管理,TMI3113     JA,247291.54,87562.98,84870.6844720943
2026-02,通用电源管理,TMI3113B,604262.82,659675.1716666666,529311.3891030622
2026-02,通用电源管理,TMI3113D,69687.75,167197.12666666668,139112.92929387392
2026-02,通用电源管理,TMI3113H2,0.0,25900.343333333334,36050.4777340867
2026-02,通用电源管理,TMI3113H2D,114520.08,128150.70166666668,107168.7512270375
2026-02,通用电源管理,TMI3117,6690.23,10318.523333333333,7034.218829496583
2026-02,通用电源管理,TMI31601F,241183.47,744447.1133333333,768875.452381876
2026-02,通用电源管理,TMI31602H,41296.42,200707.46333333338,72335.66022537572
2026-02,通用电源管理,TMI3181A,35256.560000000005,103668.83,51099.3602280563
2026-02,通用电源管理,TMI3181D,14867.240000000002,38919.776666666665,26981.63359204261
2026-02,通用电源管理,TMI32120,3637.17,60191.371666666666,52288.47150744785
2026-02,通用电源管理,TMI3214H,0.0,143073.38,96525.43527530675
2026-02,通用电源管理,TMI3214HF,33185.75,11283.156666666668,16922.013776320986
2026-02,通用电源管理,TMI3224,26548.65,14315.028333333334,20465.716414621413
2026-02,通用电源管理,TMI3227T,6690.240000000001,1511.4966666666667,1337.8323636010757
2026-02,通用电源管理,TMI3244T,855575.76,932017.2466666667,835784.4752630853
2026-02,通用电源管理,TMI3244TF,19208.52,50635.901666666665,44855.516798541816
2026-02,通用电源管理,TMI3252,249802.90000000002,322810.6433333333,281381.48363268323
2026-02,通用电源管理,TMI32520,26217.02,47690.45333333333,45582.45489985586
2026-02,通用电源管理,TMI3252N,75574.29000000001,79257.98333333334,65084.26382013632
2026-02,通用电源管理,TMI3252S,918581.4400000001,943425.6033333335,617292.6083710407
2026-02,通用电源管理,TMI3252S2,171990.66,93520.10833333334,62048.64197752396
2026-02,通用电源管理,TMI3252SHF,235274.18,204879.07166666666,174022.35052089638
2026-02,通用电源管理,TMI3252SN,129535.65,125545.40166666666,127136.65769431899
2026-02,通用电源管理,TMI3252SU,138380.5,100696.33,66111.63610872379
2026-02,通用电源管理,TMI3252T,509621.83,408892.1933333333,316420.0590904547
2026-02,通用电源管理,TMI3252TF,265345.95,88737.075,110831.86466292538
2026-02,通用电源管理,TMI3252TN,82897.62,166361.97666666665,206648.26395808364
2026-02,通用电源管理,TMI3253,152211.17,252359.08000000005,196707.82997612585
2026-02,通用电源管理,TMI3253N,130420.18000000001,141215.25666666665,119555.67179026257
2026-02,通用电源管理,TMI3253S,1867237.85,2068293.201666667,1795657.4508937045
2026-02,通用电源管理,TMI3253SH,93051.84,89891.32166666666,75775.46707112565
2026-02,通用电源管理,TMI3253SHF,570205.4,538256.0866666666,451316.76639365236
2026-02,通用电源管理,TMI3253SHFN(NCH),0.0,132804.005,113759.88130949525
2026-02,通用电源管理,TMI3253SN,104080.99,75712.32333333333,82330.50295787957
2026-02,通用电源管理,TMI3253T,651181.53,774477.3733333334,617672.3373069506
2026-02,通用电源管理,TMI3253TF,276729.44,281836.085,302851.5735343221
2026-02,通用电源管理,TMI3253TH,83297.20999999999,109141.46,98178.65192206108
2026-02,通用电源管理,TMI3253TN,50528.63,53435.341666666674,52659.549334539945
2026-02,通用电源管理,TMI3255,178649.14,108021.13833333335,85725.41702282339
2026-02,通用电源管理,TMI3255B,280043.64999999997,252189.44166666665,171865.37238386783
2026-02,通用电源管理,TMI3255S,452025.25,535752.005,445459.1333577668
2026-02,通用电源管理,TMI3255SF,62010.0,70807.075,64099.21472556942
2026-02,通用电源管理,TMI3255T,56814.119999999995,20342.289999999997,20507.26723284749
2026-02,通用电源管理,TMI3256,109037.33,198770.735,140743.55957273493
2026-02,通用电源管理,TMI32560,0.0,82964.57166666667,98280.61802492436
2026-02,通用电源管理,TMI32561,141052.93,62669.665,50576.676780616035
2026-02,通用电源管理,TMI3257I,658377.74,706918.3633333333,615297.4367139633
2026-02,通用电源管理,TMI3257N(NCH),70088.41,184390.24333333332,160279.37552435545
2026-02,通用电源管理,TMI3258,161840.14,240124.28833333333,165891.47054513154
2026-02,通用电源管理,TMI3259,5315.04,6605.363333333334,3288.8136269216684
2026-02,通用电源管理,TMI3273T,25977.86,34792.003333333334,23295.581344937713
2026-02,通用电源管理,TMI3281,262778.03,395086.3666666667,333077.2454535882
2026-02,通用电源管理,TMI3282,61261.03,85147.925,83836.73824066052
2026-02,通用电源管理,TMI3286B,31527.34,69919.34833333333,68290.34575111583
2026-02,通用电源管理,TMI3331,101946.72,113321.76166666667,67283.28769580294
2026-02,通用电源管理,TMI3341,127141.36,146635.39833333332,142571.06069285827
2026-02,通用电源管理,TMI3342,158979.52000000002,186880.54666666666,183172.78654217615
2026-02,通用电源管理,TMI3342B,110720.93,64125.33166666667,51510.369133844266
2026-02,通用电源管理,TMI3342C,0.0,185426.84,223512.96195133758
2026-02,通用电源管理,TMI33431,52486.630000000005,81156.93,37480.63025171304
2026-02,通用电源管理,TMI33431E,183822.83000000002,212169.22,155550.04854592987
2026-02,通用电源管理,TMI3343B,0.0,45013.23166666667,27991.046268709586
2026-02,通用电源管理,TMI3344,82752.09999999999,115196.0,112231.74954788013
2026-02,通用电源管理,TMI3359,90729.97,140622.19499999998,87573.832279751
2026-02,通用电源管理,TMI3408,213383.05000000002,301865.5966666666,249630.7869521663
2026-02,通用电源管理,TMI3408      CVT,128657.26,85959.30833333333,68446.65061578003
2026-02,通用电源管理,TMI3408C,231116.97,590081.9283333333,529697.1070758771
2026-02,通用电源管理,TMI3408D,76566.73,64776.37333333333,48271.597459692006
2026-02,通用电源管理,TMI3408F,457771.67,618267.3716666667,432726.4059036384
2026-02,通用电源管理,TMI3410,882019.73,1065321.4883333333,1000966.1774458425
2026-02,通用电源管理,TMI3411,430098.7,665492.5983333333,549609.6399477689
2026-02,通用电源管理,TMI3411P,9130.6,15936.745,17846.19765860341
2026-02,通用电源管理,TMI3421,13141.58,379788.6066666667,361088.4559796899
2026-02,通用电源管理,TMI3492,97539.67,54790.23166666667,31085.668623468267
2026-02,通用电源管理,TMI3493,113097.24,72275.76333333334,62990.490519158106
2026-02,通用电源管理,TMI3494,32389.37,155153.74333333332,147956.42467418106
2026-02,通用电源管理,TMI36010,60049.88,62287.67833333332,57010.337185722754
2026-02,通用电源管理,TMI36030,204889.31,129007.03499999999,109320.42271742622
2026-02,通用电源管理,TMI4056E,15545.2,58218.50833333334,44146.450823216874
2026-02,通用电源管理,TMI5101,199352.88999999998,376899.9683333333,244773.34807537458
2026-02,通用电源管理,TMI5101定制丝印,55155.08,36601.59333333333,41141.80399952153
2026-02,通用电源管理,TMI5102,49061.81,69577.295,51771.5996254516
2026-02,通用电源管理,TMI5111,32789.369999999995,199064.04666666663,177408.05356706117
2026-02,通用电源管理,TMI5130A,7699.11,31243.70666666667,20827.943165052337
2026-02,通用电源管理,TMI5302,204680.95,310567.9116666667,282796.6885540278
2026-02,通用电源管理,TMI6030,102749.98,110507.74833333334,84120.7050760436
2026-02,通用电源管理,TMI6030-12,51836.55,58030.18,53568.09073228535
2026-02,通用电源管理,TMI6030-18,222297.72,301090.5566666667,278056.33084944973
2026-02,通用电源管理,TMI6030-25,48272.85,81547.855,64954.13224655348
2026-02,通用电源管理,TMI6030-28,249152.83,319262.12000000005,263051.5362657173
2026-02,通用电源管理,TMI6030-33,80419.78,123792.92666666665,96524.92035811042
2026-02,通用电源管理,TMI6030C-18,33427.32,44613.16333333333,33571.9138111666
2026-02,通用电源管理,TMI6050,1034518.18,1182454.3233333335,981398.8390633343
2026-02,通用电源管理,TMI6050-18,130178.98,200713.79666666666,163538.2764615273
2026-02,通用电源管理,TMI6050-25,85771.73,84280.85833333334,66805.25456815888
2026-02,通用电源管理,TMI6050-33,103693.1,125037.16666666669,105006.7239019673
2026-02,通用电源管理,TMI6050U,32203.36,48401.071666666656,29522.722460346034
2026-02,通用电源管理,TMI6220,33915.87,35993.29,32924.94035076399
2026-02,通用电源管理,TMI6240,632139.82,1031620.4933333335,939523.4005393484
2026-02,通用电源管理,TMI6240I,174594.77,219917.91166666665,206482.20316226766
2026-02,通用电源管理,TMI6260A,108849.3,92923.73,75294.75937357832
2026-02,通用电源管理,TMI6260C,88160.9,201380.70500000005,208523.41741524977
2026-02,通用电源管理,TMI6261B,278521.12,293509.2833333334,264825.71096124605
2026-02,通用电源管理,TMI6262AL,191107.01,236840.63499999998,169505.46687952496
2026-02,通用电源管理,TMI6263AH,302623.86,323444.75,318884.5577752013
2026-02,通用电源管理,TMI6263BH,951275.28,1155014.7216666667,919640.3029339807
2026-02,通用电源管理,TMI6263BH定制丝印,358401.39,87919.63666666666,69374.5963931133
2026-02,通用电源管理,TMI6263CH,41269.759999999995,52944.405,14824.881015576431
2026-02,通用电源管理,TMI6401,101611.93,148913.17,124737.47350636881
2026-02,通用电源管理,TMI6601A,0.0,19716.146666666667,14903.875812448152
2026-02,通用电源管理,TMI6809-263,35375.87,45252.71666666667,45529.81336512439
2026-02,通用电源管理,TMI6809-293,5262.8,28411.690000000002,28235.219503289023
2026-02,通用电源管理,TMI7003C,217831.59,173885.14666666664,149242.35788366868
2026-02,通用电源管理,TMI7205B,23893.800000000003,11038.935,9713.258014053317
2026-02,通用电源管理,TMI8037,130697.71,220902.095,182190.7919564147
2026-02,音频功放,TMS8007SP-TR,72545.06,94889.12833333334,108100.96353588164
2026-02,音频功放,TMS8525GM-TR,328390.59,199753.32333333333,269497.3438254057
2026-02,音频功放,TMS8601BGM-TR,6725.66,49175.405000000006,39824.439817614366
2026-02,音频功放,TMS8609DTF-TR,90191.06,52419.64666666667,61474.087108205145
2026-03,POE电源管理,TME7313C,121871.6,63002.030000000006,95449.30270615073
2026-03,POE电源管理,TME7624,199646.01,62806.18833333333,49331.75613159072
2026-03,POE电源管理,TME7628S,214088.46,141477.26833333334,264303.4783843207
2026-03,POE电源管理,TMI7301,59468.96,152490.97833333333,221106.05496947168
2026-03,POE电源管理,TMI7302A,3079.65,25309.704999999998,23649.831141722207
2026-03,POE电源管理,TMI7302D,597345.0,954857.9349999999,1061336.8892672276
2026-03,POE电源管理,TMI7302E,97380.4,73779.84833333334,111358.4749235489
2026-03,POE电源管理,TMI7303A,8407.08,28509.583333333332,56678.17756207191
2026-03,POE电源管理,TMI7303B,13274.329999999998,19519.54,19061.186998927373
2026-03,POE电源管理,TMI7303C,32522.11,52828.15833333333,78905.95877487422
2026-03,POE电源管理,TMI7321,169607.94,210435.82333333333,312437.38535076025
2026-03,POE电源管理,TMI7604R,581253.21,323244.6533333333,357068.6163012595
2026-03,POE电源管理,TMI7608,189823.0,115097.34166666666,156987.25284615325
2026-03,POE电源管理,TMI7608R,128203.53,149864.30666666667,171216.69977287741
2026-03,POE电源管理,TMI7608RG,-19115.039999999997,150111.0,287071.9988468956
2026-03,POE电源管理,TMI7608S,798079.61,575407.06,675301.2173256982
2026-03,POE电源管理,TMI7608SG,0.0,369353.9666666666,520632.7858464456
2026-03,dTOF模组,TMIS7701,61946.88,43746.293333333335,41161.583712720654
2026-03,充电与控制电源管理,IM2405,80781.65999999999,185907.61166666666,176126.31873491267
2026-03,充电与控制电源管理,IM2406,81254.38,65313.51499999999,60093.591936580466
2026-03,充电与控制电源管理,IM2423P,155596.03,327090.0283333333,315619.311825389
2026-03,充电与控制电源管理,IM2603,317229.95,223880.7383333333,231780.52765062702
2026-03,充电与控制电源管理,IM2605,29203.53,56592.90166666667,46158.82880405678
2026-03,充电与控制电源管理,IM5200,184999.92,157192.67833333332,141227.19319117826
2026-03,充电与控制电源管理,TMI2242D,17097.31,30205.67666666667,19451.43365628341
2026-03,充电与控制电源管理,TMI2243D,17468.98,8920.331666666667,6176.638267198675
2026-03,充电与控制电源管理,TMI2243定制丝印,0.0,38227.963333333326,29717.93002345197
2026-03,充电与控制电源管理,TMI2282,39955.68,53206.418333333335,48364.3406237406
2026-03,充电与控制电源管理,TMI2282EQ定制丝印,0.0,18485.62166666667,11442.746197361923
2026-03,充电与控制电源管理,TMI2282L,26588.460000000003,89933.52666666667,125670.1008227786
2026-03,充电与控制电源管理,TMI2283QE,104654.74,151511.64666666667,129846.51304343385
2026-03,充电与控制电源管理,TMI2284Q,134521.94,273890.86666666664,255144.4864963725
2026-03,充电与控制电源管理,TMI2284Q      DH,5973.45,20907.055,0.0
2026-03,充电与控制电源管理,TMI2286,26043.58,16680.048333333336,13591.711242799804
2026-03,充电与控制电源管理,TMI2286D,0.0,79088.40999999999,78486.55365932478
2026-03,充电与控制电源管理,TMI2605S,23893.8,159255.1,170037.7387082032
2026-03,充电与控制电源管理,TMI3351,49851.74,98202.74500000001,72748.56801083563
2026-03,充电与控制电源管理,TMI3352A,181973.8,110976.74333333333,117401.98240484775
2026-03,充电与控制电源管理,TMI5330,183185.78,113391.58666666667,98243.47686212341
2026-03,充电与控制电源管理,TMI5330BS,0.0,67699.09999999999,38853.12191165411
2026-03,充电与控制电源管理,TMI5700,48689.49,74163.84999999999,75645.33701835953
2026-03,充电与控制电源管理,TMI9431,200367.57,242289.34166666667,230764.53068443757
2026-03,充电与控制电源管理,TMI9723,9345.130000000001,30915.905000000002,26134.519380750036
2026-03,新显示MLED驱动,TMI9405,265555.97,305018.6383333333,0.0
2026-03,无刷直流电机驱动,TMI85120,18106.170000000002,10318.388333333334,4243.625999241014
2026-03,无刷直流电机驱动,TMI9172B,93982.22,104424.66166666667,151827.29970086916
2026-03,有刷直流电机驱动,TMI1042,0.0,55929.15666666667,20494.988298416625
2026-03,有刷直流电机驱动,TMI8110,376698.89,200491.02999999994,193331.07825009633
2026-03,有刷直流电机驱动,TMI8113,250458.2,163663.12000000002,146100.5606313148
2026-03,有刷直流电机驱动,TMI8118,237136.7,214998.42333333334,175194.7823592261
2026-03,有刷直流电机驱动,TMI8118S,57106.04,67413.08,73575.05116765661
2026-03,有刷直流电机驱动,TMI8122,340887.03,117469.885,121354.01128147986
2026-03,有刷直流电机驱动,TMI8123,51769.89,69937.44333333333,91396.14141422449
2026-03,有刷直流电机驱动,TMI8129,416627.99,90044.175,149191.45764313795
2026-03,有刷直流电机驱动,TMI8140,703302.43,532407.205,489235.1875139103
2026-03,有刷直流电机驱动,TMI8180A,643079.18,184357.83666666667,133439.65300104147
2026-03,有刷直流电机驱动,TMI8180G,1653509.2,2415767.9816666665,3077002.175985274
2026-03,有刷直流电机驱动,TMI8230,65147.66,90498.61666666668,56808.792948524715
2026-03,有刷直流电机驱动,TMI8260C,89522.03,88099.89833333333,107523.29223369336
2026-03,有刷直流电机驱动,TMI8260DP,37477.85,61921.78,49928.90895993632
2026-03,有刷直流电机驱动,TMI8260SP,351619.58,319184.24166666664,281224.7388948402
2026-03,有刷直流电机驱动,TMI8261,239229.91,381317.4733333333,238254.2542241836
2026-03,有刷直流电机驱动,TMI8340,269853.79,191179.61833333332,229524.37478155614
2026-03,有刷直流电机驱动,TMI8360SP,134601.71,128308.63166666667,72808.2153795893
2026-03,有刷直流电机驱动,TMI8460SP,189307.87,222211.83499999996,211335.04510111778
2026-03,有刷直流电机驱动,TMI8723,269668.02,130640.23333333332,103786.29744311556
2026-03,有刷直流电机驱动,TMI8837,269095.61,462003.4566666666,347821.01619218296
2026-03,有刷直流电机驱动,TMI8870,2323564.61,1612874.8150000002,1704715.6967388287
2026-03,有刷直流电机驱动,TMI8876,4247.79,4336.281666666667,3164.669209845419
2026-03,有刷直流电机驱动,TMI8876R,10619.460000000001,2831.8566666666666,0.0
2026-03,有刷直流电机驱动,TMI8913,809676.74,276689.4533333333,218732.75355403725
2026-03,有刷直流电机驱动,TMI8920,226072.16999999998,164622.80166666667,246389.36678381416
2026-03,有刷直流电机驱动,TMI8940D,345546.26,179955.59333333335,169786.8712658657
2026-03,步进电机驱动,TMI8150B,414963.33,326418.7133333333,271965.7581057246
2026-03,步进电机驱动,TMI8152,1136106.22,808557.7033333335,838047.8925723252
2026-03,步进电机驱动,TMI8160,248134.94,412496.00833333336,166318.28770469138
2026-03,步进电机驱动,TMI8262,122654.84,151758.07,164698.7825025741
2026-03,步进电机驱动,TMI8263,39823.0,51570.78666666666,52815.66446496257
2026-03,步进电机驱动,TMI8420,62987.61,39440.26,48627.03051967854
2026-03,步进电机驱动,TMI8421,190322.94,57669.411666666674,58928.19624905539
2026-03,步进电机驱动,TMI8548,26619.460000000003,26597.33666666667,18459.657269972126
2026-03,步进电机驱动,TMI8549,49890.78,38924.333333333336,22923.30807214407
2026-03,电机驱动,SG501210(划片后),230203.94,324069.7066666666,294314.3905491179
2026-03,电脑&计算电源管理,TMI3388A,200993.08000000002,254684.36166666666,325821.66715077177
2026-03,硬件锂电保护,8254AAV,29203.53,20929.198333333334,15430.329800814221
2026-03,硬件锂电保护,JL1001,82831.68000000001,92035.20000000001,85100.44239784294
2026-03,硬件锂电保护,SIT2122,0.0,13805.28,36471.61817050412
2026-03,硬件锂电保护,SIT8036,90902.45000000001,139988.68500000003,210025.78955129653
2026-03,硬件锂电保护,SIT8252B,555274.75,269488.685,349175.34289694333
2026-03,硬件锂电保护,SIT8252C,445644.07,269486.02,360017.1756245132
2026-03,硬件锂电保护,SIT8995AN,31858.390000000003,43893.03,16307.048681851256
2026-03,硬件锂电保护,SIT8995DN,20176.99,18121.236666666668,29871.718907353814
2026-03,硬件锂电保护,SIT8997AN,15610.61,30422.93166666666,48483.77730256647
2026-03,硬件锂电保护,TMI4101A,0.0,61364.659999999996,0.0
2026-03,硬件锂电保护,TMI4101AN,14601.77,15492.624999999998,27860.32112054801
2026-03,硬件锂电保护,TMI4151AN,222027.6,54385.831666666665,39861.688254170156
2026-03,磁传感,TMI86600BS,55977.54,47371.526666666665,51238.37941330806
2026-03,磁传感,TMI86620LBT,36991.0,28201.99,29476.17705914795
2026-03,磁传感,TMI86881MAS,105663.06,48828.09166666667,51166.54584885931
2026-03,车规电机驱动,TMI8116-Q1,118954.04000000001,96515.85833333334,73568.97385100229
2026-03,车规电机驱动,TMI8122-Q1,209420.5,252106.905,246080.41935136652
2026-03,车规电机驱动,TMI8140-Q1,216371.63,152893.31,161336.61734222088
2026-03,车规电机驱动,TMI8460-Q1,8230.09,15088.493333333332,17464.378546947493
2026-03,车规电机驱动,TMI8720-Q1,154375.68,119905.54833333334,94248.86500769651
2026-03,车规电机驱动,TMI8721-Q1,63038.89,43160.168333333335,41225.628439139466
2026-03,车规电机驱动,TMI8722-Q1,748672.2,331106.0833333333,352479.90405666275
2026-03,车规电源管理,TMI6411-50TB-Q1,86346.04,134248.63333333333,113674.77554961776
2026-03,车规电源管理,TMI7205B-Q1,0.0,60820.706666666665,63880.52037444604
2026-03,通用电源管理,STI34061,338596.83,240369.44833333333,300189.9313840539
2026-03,通用电源管理,STI3408B,201528.71000000002,315684.7233333333,334104.6093736885
2026-03,通用电源管理,STI3411A,138597.06,137327.64833333332,125098.54388445221
2026-03,通用电源管理,STI3452,0.0,8027.186666666667,3192.986893971239
2026-03,通用电源管理,STI3452HF,25136.25,76556.915,34699.30113400197
2026-03,通用电源管理,STI3452HF2,0.0,0.0,0.0
2026-03,通用电源管理,STI3452HFI,1158181.32,1481550.548333333,1475722.4355661343
2026-03,通用电源管理,STI3452I,-159748.06,132115.79666666666,142234.77541672988
2026-03,通用电源管理,STI3453,1304186.17,1523047.4766666666,1112680.9893334163
2026-03,通用电源管理,STI3453F,28630.0,148096.17999999996,122724.35784924244
2026-03,通用电源管理,STI3453FI,225103.27000000002,250661.59166666665,247892.49594301707
2026-03,通用电源管理,STI3454I,333729.79,345758.2216666666,300879.5081899225
2026-03,通用电源管理,STI3470,1129020.39,752395.2816666666,838441.0025088986
2026-03,通用电源管理,STI3470D,105326.94,284873.62000000005,194805.71676188862
2026-03,通用电源管理,STI3470I,35508.68,44661.69,60275.738328781335
2026-03,通用电源管理,STI3472,230350.66999999998,291959.39999999997,304742.7805890186
2026-03,通用电源管理,STI3508,498126.26,356258.4633333334,373537.2548472628
2026-03,通用电源管理,STI3508C,341076.39,532236.3533333334,331275.59243706154
2026-03,通用电源管理,STI3508CB,324107.24,203288.285,227151.47319166665
2026-03,通用电源管理,STI8035,46853.509999999995,69065.71833333332,60080.92204931066
2026-03,通用电源管理,STI8036,600661.92,835104.8733333334,853295.7460735986
2026-03,通用电源管理,STI8036B,1309792.69,930042.415,938807.0705318691
2026-03,通用电源管理,STI8036C,20778.66,65190.51166666668,47153.24292250349
2026-03,通用电源管理,STI8070A,2070.8,14641.586666666664,13274.925546941882
2026-03,通用电源管理,STI8070B,12558.05,48562.95500000001,20404.31799275052
2026-03,通用电源管理,STI8070B定制,0.0,76633.96500000001,33659.57639534012
2026-03,通用电源管理,STI8070C,424279.04,490016.63499999995,421631.48087556945
2026-03,通用电源管理,STI8070D,0.0,158353.83,108179.05083764927
2026-03,通用电源管理,STI9287,72493.78,96869.615,92125.96450445104
2026-03,通用电源管理,STI9287B,58247.59,53858.095,50979.93822160794
2026-03,通用电源管理,STI9287C,567104.7,434938.3983333334,409484.7446325138
2026-03,通用电源管理,STI9287CA,220833.38,151855.52333333335,164838.4039237189
2026-03,通用电源管理,STI9712,66008.33,49706.206666666665,59288.824127255015
2026-03,通用电源管理,TM108J,12720.220000000001,79793.14,59151.505906406695
2026-03,通用电源管理,TMI1304M,0.0,5943.793333333334,7558.242030248647
2026-03,通用电源管理,TMI3101,44787.380000000005,64156.591666666674,40541.37509878012
2026-03,通用电源管理,TMI3101C,100698.31,177854.52500000002,185835.91738734138
2026-03,通用电源管理,TMI3101D,13185.61,23637.095,23536.634708042595
2026-03,通用电源管理,TMI3108,570612.86,653093.43,680191.512888037
2026-03,通用电源管理,TMI3108K,557612.22,440563.18166666664,499195.81172206847
2026-03,通用电源管理,TMI3108K定制丝印,78702.62,43490.275,4853.45794339195
2026-03,通用电源管理,TMI3112,13898.21,40127.07,28374.189956666276
2026-03,通用电源管理,TMI3112F,36026.36,44592.880000000005,42989.731615090976
2026-03,通用电源管理,TMI3112H,338930.35000000003,268331.035,315388.82441755343
2026-03,通用电源管理,TMI3113,154239.74,264904.9766666667,264411.742607371
2026-03,通用电源管理,TMI3113     JA,0.0,125238.41666666667,168462.1917821461
2026-03,通用电源管理,TMI3113B,650157.41,611290.0516666666,609037.5555965526
2026-03,通用电源管理,TMI3113D,122449.2,161251.07166666666,136684.84919906157
2026-03,通用电源管理,TMI3113H2,38552.96,25148.13333333333,43085.47852607617
2026-03,通用电源管理,TMI3113H2D,59614.95,127293.39,132160.11610277116
2026-03,通用电源管理,TMI3117,78158.81,10477.816666666666,10472.996410875892
2026-03,通用电源管理,TMI31601F,541542.25,689450.47,651871.4834987485
2026-03,通用电源管理,TMI31602H,109746.70999999999,159218.46833333335,78185.18540021719
2026-03,通用电源管理,TMI3181A,149601.52,78569.30666666667,64316.80580200059
2026-03,通用电源管理,TMI3181D,52088.47,38663.89666666667,22270.724278959548
2026-03,通用电源管理,TMI32120,168987.58,57770.91999999999,35283.79206689814
2026-03,通用电源管理,TMI3214H,284733.75,116358.82,116109.76591104372
2026-03,通用电源管理,TMI3214HF,0.0,16814.115,27739.179629272774
2026-03,通用电源管理,TMI3214HIN,143362.80000000002,100785.34833333334,98280.755385352
2026-03,通用电源管理,TMI3224,53097.3,18739.803333333333,29407.573461963362
2026-03,通用电源管理,TMI3227T,0.0,2626.536666666667,3620.856278279947
2026-03,通用电源管理,TMI3244T,900852.27,966362.6549999999,956391.47001007
2026-03,通用电源管理,TMI3244TF,34432.41,49387.31333333333,52306.57595759867
2026-03,通用电源管理,TMI3252,336336.82,316093.2216666667,321008.42302001466
2026-03,通用电源管理,TMI32520,53702.229999999996,49803.32666666667,54312.179682699156
2026-03,通用电源管理,TMI3252N,44442.42,81734.27,85138.4725647671
2026-03,通用电源管理,TMI3252S,602366.49,928527.3066666668,845351.9065413908
2026-03,通用电源管理,TMI3252S2,57779.08,115289.415,89395.32839081847
2026-03,通用电源管理,TMI3252SHF,121492.83,215567.385,211399.9908307713
2026-03,通用电源管理,TMI3252SN,282098.67,129088.27333333333,146913.57733181797
2026-03,通用电源管理,TMI3252SU,82492.09,117779.82166666666,104202.6404921095
2026-03,通用电源管理,TMI3252T,499307.65,420821.55833333335,431348.4393035758
2026-03,通用电源管理,TMI3252TF,353.1,129067.46500000001,129802.89414468041
2026-03,通用电源管理,TMI3252TN,101287.56,167817.64166666666,179897.3718851006
2026-03,通用电源管理,TMI3253,84907.82,240254.37833333333,235125.00136220717
2026-03,通用电源管理,TMI3253N,129871.07,149235.21333333335,139074.98603702153
2026-03,通用电源管理,TMI3253S,1207715.82,2088918.84,2038804.8685092654
2026-03,通用电源管理,TMI3253SH,135821.73,93935.69,93505.07602170395
2026-03,通用电源管理,TMI3253SHF,583792.42,568091.1616666667,460509.01736619545
2026-03,通用电源管理,TMI3253SHFN(NCH),51837.92,110802.94166666667,136840.9596003413
2026-03,通用电源管理,TMI3253SN,87192.02,83882.64166666666,92385.33868888849
2026-03,通用电源管理,TMI3253T,590586.74,767116.2616666667,757385.466395352
2026-03,通用电源管理,TMI3253TF,103616.67,294884.71166666667,310888.42493985995
2026-03,通用电源管理,TMI3253TH,92432.91,110892.02999999998,107961.59674594371
2026-03,通用电源管理,TMI3253TN,35625.729999999996,59578.02833333334,76707.18491941094
2026-03,通用电源管理,TMI3255,170082.47,118639.02500000001,129906.0376578834
2026-03,通用电源管理,TMI3255B,242261.69,260487.9033333333,229019.02504919478
2026-03,通用电源管理,TMI3255S,405070.77,532759.3433333333,554603.9844417644
2026-03,通用电源管理,TMI3255SF,61111.49,78300.45666666667,75527.5952436087
2026-03,通用电源管理,TMI3255T,14346.9,26898.48,33169.42822170731
2026-03,通用电源管理,TMI3256,114518.6,175586.69166666668,170762.225376748
2026-03,通用电源管理,TMI32560,86579.61,69889.35333333333,88845.39702942285
2026-03,通用电源管理,TMI32561,29309.7,71828.26666666666,96368.87502924785
2026-03,通用电源管理,TMI3257I,700196.9600000001,733175.9049999999,733822.3963512529
2026-03,通用电源管理,TMI3257N(NCH),78998.84,182797.365,195587.20086043663
2026-03,通用电源管理,TMI3258,227372.93,227016.26166666663,196145.31659225366
2026-03,通用电源管理,TMI3259,0.0,6795.546666666668,5022.022298487168
2026-03,通用电源管理,TMI3273T,21553.57,31940.59833333334,27008.527627104493
2026-03,通用电源管理,TMI3281,426051.67,361466.12666666665,365248.32172711054
2026-03,通用电源管理,TMI3282,96703.52,86320.49166666665,97290.91561717613
2026-03,通用电源管理,TMI3286B,54182.0,65572.68500000001,72340.37228721938
2026-03,通用电源管理,TMI3331,97417.58,112759.47166666666,84095.6749287611
2026-03,通用电源管理,TMI3341,244074.84999999998,147274.86166666666,169685.69201843158
2026-03,通用电源管理,TMI3342,254234.7,194149.00166666668,197967.49660934822
2026-03,通用电源管理,TMI3342B,158511.12,64701.89000000001,94261.30342975217
2026-03,通用电源管理,TMI3342C,0.0,173076.845,158053.663073771
2026-03,通用电源管理,TMI33431,35230.02,37654.805,53291.193002989065
2026-03,通用电源管理,TMI33431E,256606.72,179951.6,211959.6039235252
2026-03,通用电源管理,TMI3343B,92713.07999999999,39061.91166666667,26102.810678786158
2026-03,通用电源管理,TMI3344,136539.68,118275.63333333332,126214.02366086912
2026-03,通用电源管理,TMI3359,157844.88999999998,129792.27499999998,114013.34032960547
2026-03,通用电源管理,TMI3408,328154.7,296194.07666666666,292514.8771602437
2026-03,通用电源管理,TMI3408      CVT,72947.65,93205.25333333334,100091.03168367408
2026-03,通用电源管理,TMI3408C,667819.11,559520.0716666667,580853.5755800897
2026-03,通用电源管理,TMI3408D,118552.93,70183.52166666667,63977.84297500004
2026-03,通用电源管理,TMI3408F,745973.04,583563.0616666666,531894.6206040473
2026-03,通用电源管理,TMI3410,1245519.48,1049673.3250000002,1173298.453691409
2026-03,通用电源管理,TMI3411,513428.25,638656.1749999999,636822.5099706075
2026-03,通用电源管理,TMI3411P,4684.650000000001,14941.138333333336,13530.123357200286
2026-03,通用电源管理,TMI3421,763560.0,255765.00500000003,429333.76421713753
2026-03,通用电源管理,TMI3492,105968.85999999999,67312.33333333333,57716.1892325451
2026-03,通用电源管理,TMI3493,131915.49,74389.325,103988.99595122102
2026-03,通用电源管理,TMI3494,229592.77,144003.31,149557.9949216313
2026-03,通用电源管理,TMI36010,109802.05,64611.92500000001,62409.19803603932
2026-03,通用电源管理,TMI36030,88088.47,143012.90833333333,144261.45043790448
2026-03,通用电源管理,TMI4056E,41937.840000000004,51530.646666666675,42993.95910400083
2026-03,通用电源管理,TMI5101,264118.31,327036.73166666663,286585.2466683996
2026-03,通用电源管理,TMI5101定制丝印,0.0,36624.793333333335,49529.380337729264
2026-03,通用电源管理,TMI5102,61831.66,63838.416666666664,61421.58025527766
2026-03,通用电源管理,TMI5111,234071.12,189137.31500000003,188285.98474375872
2026-03,通用电源管理,TMI5130A,36889.33,22967.16833333333,25620.543193939073
2026-03,通用电源管理,TMI5302,119043.48999999999,328172.575,363025.4262747434
2026-03,通用电源管理,TMI6030,86800.87,110132.855,115218.41520882158
2026-03,通用电源管理,TMI6030-12,76611.91,56319.918333333335,55437.97862123455
2026-03,通用电源管理,TMI6030-18,255281.85,301056.85333333333,304468.1682013129
2026-03,通用电源管理,TMI6030-25,50840.57,79950.96666666666,70377.11861993908
2026-03,通用电源管理,TMI6030-28,423583.01,311937.62833333336,307186.13688196026
2026-03,通用电源管理,TMI6030-33,129027.08,106202.34333333334,109247.1412451415
2026-03,通用电源管理,TMI6030C-18,40194.57,44053.420000000006,40851.18148199772
2026-03,通用电源管理,TMI6050,1029262.4,1200172.8566666667,1131251.7197038634
2026-03,通用电源管理,TMI6050-18,222391.59,198372.57166666666,190470.23745966115
2026-03,通用电源管理,TMI6050-25,71546.77,86817.16666666667,86510.35585773888
2026-03,通用电源管理,TMI6050-33,172354.31,117208.21833333332,135968.19962637636
2026-03,通用电源管理,TMI6050U,68282.31,40408.74,37239.28230859861
2026-03,通用电源管理,TMI6220,43245.05,37199.036666666674,40527.16520362511
2026-03,通用电源管理,TMI6240,536146.83,949524.7150000002,1096983.3458177699
2026-03,通用电源管理,TMI6240I,199028.43,230224.30333333334,219842.86347951984
2026-03,通用电源管理,TMI6260A,99994.99999999999,105129.54666666668,77137.25825064063
2026-03,通用电源管理,TMI6260C,107291.22,189146.93833333332,220021.04041074932
2026-03,通用电源管理,TMI6260D,45725.149999999994,20926.778333333332,20293.233655784432
2026-03,通用电源管理,TMI6261B,451530.16000000003,303884.2066666667,277991.7659688016
2026-03,通用电源管理,TMI6262AL,214423.12,245930.56499999997,204729.4703568599
2026-03,通用电源管理,TMI6263AH,259878.6,337249.3433333333,404132.4580315041
2026-03,通用电源管理,TMI6263BH,1012168.0,1168839.155,1071462.9273611694
2026-03,通用电源管理,TMI6263BH定制丝印,114477.13,146709.79833333334,116702.66371377769
2026-03,通用电源管理,TMI6263CH,24424.68,43428.956666666665,30241.52532827583
2026-03,通用电源管理,TMI6401,136778.23,150389.235,153851.03396357247
2026-03,通用电源管理,TMI6601A,0.0,19317.916666666668,17927.76719229482
2026-03,通用电源管理,TMI6809-263,25398.510000000002,45940.78833333334,40248.19002331046
2026-03,通用电源管理,TMI6809-293,22080.7,27119.3,28120.33315640346
2026-03,通用电源管理,TMI7003C,215150.2,191767.375,206818.78197047403
2026-03,通用电源管理,TMI7205B,29999.989999999998,14092.031666666668,10486.632016996915
2026-03,通用电源管理,TMI8037,249093.02,198470.05666666664,216832.95451743458
2026-03,音频功放,TMS8007SP-TR,60292.35,102262.17833333334,117721.67009800281
2026-03,音频功放,TMS8525GM-TR,290442.36,245059.57499999998,336577.67853742035
2026-03,音频功放,TMS8601BGM-TR,62664.07,41237.36666666667,45096.90194688286
2026-03,音频功放,TMS8609DTF-TR,57225.6,61597.511666666665,79291.96993957015
2026-04,POE电源管理,TME7313C,116867.23000000001,82172.07666666666,116482.56209170294
2026-04,POE电源管理,TME7624,-160670.76,90446.89666666667,122031.8025934006
2026-04,POE电源管理,TME7628S,87610.61,162556.91,179883.40501920728
2026-04,POE电源管理,TMI7301,343911.17,152486.55333333332,149231.7772466034
2026-04,POE电源管理,TMI7302A,3663.7200000000003,22566.344999999998,17283.366732048416
2026-04,POE电源管理,TMI7302D,0.0,887688.57,1007392.9124736001
2026-04,POE电源管理,TMI7302E,96371.54999999999,83801.95666666667,69473.91450914778
2026-04,POE电源管理,TMI7303A,150.44,29536.131666666668,40022.48685337144
2026-04,POE电源管理,TMI7303B,8849.56,20183.256666666668,19943.65329295615
2026-04,POE电源管理,TMI7303C,95208.8,52639.35666666666,60812.272817642
2026-04,POE电源管理,TMI7321,177212.36,222464.87833333333,261204.15381540815
2026-04,POE电源管理,TMI7604R,651027.37,361410.75666666665,443299.51385279075
2026-04,POE电源管理,TMI7608,34513.270000000004,117973.44666666666,169349.16207693217
2026-04,POE电源管理,TMI7608R,416668.12,133453.535,138121.91303876636
2026-04,POE电源管理,TMI7608RG,324955.71,146925.16,245131.7141165002
2026-04,POE电源管理,TMI7608S,260973.41,596513.2516666667,703461.9347320921
2026-04,POE电源管理,TMI7608SG,0.0,339026.53333333327,316628.46328136045
2026-04,dTOF模组,TMIS7701,55752.2,41740.39666666667,48212.2278709536
2026-04,充电与控制电源管理,IM2405,211330.4,166534.15166666667,106705.3816464161
2026-04,充电与控制电源管理,IM2406,106716.67,67113.53166666666,58795.601078499036
2026-04,充电与控制电源管理,IM2423P,184184.31,306480.30833333335,272194.59831255034
2026-04,充电与控制电源管理,IM2603,238303.33,240885.16,235912.95410265157
2026-04,充电与控制电源管理,IM2605,145752.16,41238.925,55602.78257191578
2026-04,充电与控制电源管理,IM5200,227123.81,168185.30000000002,171688.20752686472
2026-04,充电与控制电源管理,TMI2242D,18053.04,25891.531666666666,23432.558335341462
2026-04,充电与控制电源管理,TMI2243D,15929.16,9176.968333333332,7407.534178093613
2026-04,充电与控制电源管理,TMI2243定制丝印,61983.99,30528.853333333333,26634.230957713444
2026-04,充电与控制电源管理,TMI2282,25486.69,49029.43166666667,53201.28196419688
2026-04,充电与控制电源管理,TMI2282EQ定制丝印,0.0,12362.475,12730.642506373666
2026-04,充电与控制电源管理,TMI2282L,81504.33,89072.90833333333,103991.91348785587
2026-04,充电与控制电源管理,TMI2283QE,159756.41,135712.99499999997,156749.8460431974
2026-04,充电与控制电源管理,TMI2284Q,376910.97,240701.52833333332,233292.393276955
2026-04,充电与控制电源管理,TMI2284Q      DH,1991.15,6969.018333333333,2078.1775229151103
2026-04,充电与控制电源管理,TMI2286,35102.409999999996,14635.368333333334,9707.168966443542
2026-04,充电与控制电源管理,TMI2286D,82300.79,70389.30166666667,36104.833257987215
2026-04,充电与控制电源管理,TMI2293Q,102911.37,73486.91,94250.21520934823
2026-04,充电与控制电源管理,TMI2605S,252477.81,120361.31333333334,109173.5821000688
2026-04,充电与控制电源管理,TMI3351,86628.26000000001,90776.86333333334,80316.91241500193
2026-04,充电与控制电源管理,TMI3352A,239787.76,131210.18666666665,134392.00341341353
2026-04,充电与控制电源管理,TMI5330,165398.15,129890.48666666665,127388.74920594049
2026-04,充电与控制电源管理,TMI5330BS,33451.32,62123.880000000005,16625.420183320883
2026-04,充电与控制电源管理,TMI5700,77732.28,80218.29333333332,46573.69623490965
2026-04,充电与控制电源管理,TMI9431,94803.03,226195.73500000002,229185.16900643657
2026-04,充电与控制电源管理,TMI9723,22805.300000000003,27977.855,23691.209845136716
2026-04,新显示MLED驱动,TMI9405,0.0,280052.9666666666,268238.36118547624
2026-04,无刷直流电机驱动,TMI85120,15159.279999999999,13336.083333333334,9421.636632340198
2026-04,无刷直流电机驱动,TMI9172B,130619.36,113893.68666666665,97613.22163913507
2026-04,有刷直流电机驱动,TMI1042,0.0,12035.388333333334,24316.710517451625
2026-04,有刷直流电机驱动,TMI8110,452999.73,236198.97333333336,215140.3655739394
2026-04,有刷直流电机驱动,TMI8113,269997.68,178393.59666666668,214631.0713510843
2026-04,有刷直流电机驱动,TMI8118,263853.2,206646.7716666667,227930.9365901633
2026-04,有刷直流电机驱动,TMI8118S,48627.77,65375.45333333332,82876.52153958191
2026-04,有刷直流电机驱动,TMI8122,198007.46,159471.71,230032.16798134355
2026-04,有刷直流电机驱动,TMI8123,210929.13999999998,77675.49166666667,75062.98044033728
2026-04,有刷直流电机驱动,TMI8129,1084777.83,159172.43833333332,265812.0444325744
2026-04,有刷直流电机驱动,TMI8140,1401523.06,556224.6,560343.1100490813
2026-04,有刷直流电机驱动,TMI8180A,1082962.78,235166.6083333333,353026.47193027823
2026-04,有刷直流电机驱动,TMI8180G,4312750.79,2601565.31,3602878.259982569
2026-04,有刷直流电机驱动,TMI8230,59057.619999999995,64041.01833333333,75909.18543784568
2026-04,有刷直流电机驱动,TMI8260C,185575.06,91515.82333333335,105724.01606362384
2026-04,有刷直流电机驱动,TMI8260DP,38097.32,58200.54666666666,37127.68791936275
2026-04,有刷直流电机驱动,TMI8260SP,425799.19,338261.2083333334,361142.00396596204
2026-04,有刷直流电机驱动,TMI8261,509697.01,335025.4666666667,290781.3787769066
2026-04,有刷直流电机驱动,TMI8340,211556.07,220858.79833333334,240489.56849196978
2026-04,有刷直流电机驱动,TMI8360SP,93530.93,109370.58999999998,95224.08877992087
2026-04,有刷直流电机驱动,TMI8460SP,210530.85,224161.3916666667,239484.80655114923
2026-04,有刷直流电机驱动,TMI8723,365999.77,156978.71833333335,155175.82408412747
2026-04,有刷直流电机驱动,TMI8837,408983.61,421007.84,359701.61620157363
2026-04,有刷直流电机驱动,TMI8837S,44867.090000000004,23022.053333333333,20812.193269061594
2026-04,有刷直流电机驱动,TMI8870,1798025.99,1742235.8433333335,2019038.773156762
2026-04,有刷直流电机驱动,TMI8876,0.0,5044.246666666667,1430.396717138553
2026-04,有刷直流电机驱动,TMI8876R,63008.799999999996,1769.91,3575.9867417608166
2026-04,有刷直流电机驱动,TMI8913,723895.88,325579.595,386276.75799519557
2026-04,有刷直流电机驱动,TMI8920,253188.94,200331.01166666663,216892.33796995235
2026-04,有刷直流电机驱动,TMI8940D,270840.36,208564.355,250771.2720422628
2026-04,步进电机驱动,TMI8150B,596167.94,347030.9316666667,349334.55878452444
2026-04,步进电机驱动,TMI8152,1109681.33,862749.605,892613.0119891922
2026-04,步进电机驱动,TMI8160,603372.24,313161.68333333335,244114.87564899275
2026-04,步进电机驱动,TMI8262,191230.04,158030.19333333333,161610.16622526225
2026-04,步进电机驱动,TMI8263,49778.75,44800.87666666667,26816.83578164764
2026-04,步进电机驱动,TMI8420,68902.64,48411.64666666667,52033.90720790591
2026-04,步进电机驱动,TMI8421,323187.47,75201.49833333334,112271.65640062606
2026-04,步进电机驱动,TMI8548,0.0,29743.353333333333,26304.33408352948
2026-04,步进电机驱动,TMI8549,41486.16,19707.706666666665,31708.909995243026
2026-04,电机驱动,SG501210(划片后),230479.09999999998,295266.215,278142.91954876104
2026-04,电脑&计算电源管理,TMI3388A,241854.87,246520.62833333333,292378.21729206096
2026-04,硬件锂电保护,8254AAV,52831.84,21415.923333333332,19132.09462401393
2026-04,硬件锂电保护,JL1001,138052.80000000002,78229.92,56526.53805158561
2026-04,硬件锂电保护,SIT2122,0.0,13805.28,33915.922830951364
2026-04,硬件锂电保护,SIT8036,38017.64,124802.86166666665,206588.3337150392
2026-04,硬件锂电保护,SIT8252B,279237.08,313353.10500000004,302241.12134724314
2026-04,硬件锂电保护,SIT8252C,251466.33,288569.3166666667,275109.9365582925
2026-04,硬件锂电保护,SIT8995AN,93716.74,44335.505000000005,18751.62407634729
2026-04,硬件锂电保护,SIT8995DN,31194.67,15156.635,25423.229444011453
2026-04,硬件锂电保护,SIT8997AN,45026.55,29024.7,35872.67179000704
2026-04,硬件锂电保护,TMI4101A,0.0,33424.418333333335,0.0
2026-04,硬件锂电保护,TMI4101AN,93362.81,17926.25333333333,19929.27256943332
2026-04,硬件锂电保护,TMI4151AN,14336.28,82231.14166666666,109172.97750552901
2026-04,磁传感,TMI86600BS,26017.53,46639.174999999996,46896.52575062774
2026-04,磁传感,TMI86620LBT,47522.05,28924.69166666667,33470.35760988438
2026-04,磁传感,TMI86881MAS,126264.82,58239.52333333334,70046.75490916173
2026-04,车规电机驱动,TMI8116-Q1,153455.0,94151.42333333334,89133.87122895494
2026-04,车规电机驱动,TMI8122-Q1,486357.55,208949.59,204340.739834505
2026-04,车规电机驱动,TMI8140-Q1,416905.43,136392.56833333333,132834.96675139875
2026-04,车规电机驱动,TMI8460-Q1,24690.26,16460.175,16626.438184621533
2026-04,车规电机驱动,TMI8720-Q1,173942.07,112025.69666666666,128230.88244500665
2026-04,车规电机驱动,TMI8721-Q1,175351.02,45296.44166666667,46009.62420781132
2026-04,车规电机驱动,TMI8722-Q1,665486.4,419380.3666666667,484729.07779747335
2026-04,车规电源管理,TMI6411-50TB-Q1,161312.31,103235.05833333333,115753.25757254509
2026-04,车规电源管理,TMI7205B-Q1,0.0,59806.17833333334,37041.806788269336
2026-04,通用电源管理,STI34061,268983.92,272908.575,279404.922603008
2026-04,通用电源管理,STI3408B,307536.95,315680.3083333333,293848.46949812234
2026-04,通用电源管理,STI3411A,180583.54,141703.74666666667,133192.4288701089
2026-04,通用电源管理,STI3452,12940.880000000001,7873.553333333333,0.0
2026-04,通用电源管理,STI3452HF,792.06,71853.91166666667,41294.30463080443
2026-04,通用电源管理,STI3452HF2,0.0,0.0,0.0
2026-04,通用电源管理,STI3452HFI,2528792.67,1429605.115,1351262.0882993678
2026-04,通用电源管理,STI3452I,107031.63,86602.98666666666,79738.91225515347
2026-04,通用电源管理,STI3453,1543443.17,1367081.1616666669,1089482.0442055843
2026-04,通用电源管理,STI3453F,16938.129999999997,130545.265,81341.12689736368
2026-04,通用电源管理,STI3453FI,429505.07,244923.50666666668,203175.32174319858
2026-04,通用电源管理,STI3454I,656541.98,372150.36166666663,328327.76591123594
2026-04,通用电源管理,STI3470,1291855.49,831986.5299999999,909682.7186590036
2026-04,通用电源管理,STI3470D,504423.01,246836.7583333333,175992.66770357624
2026-04,通用电源管理,STI3470I,89136.89,45137.36000000001,57503.721503845765
2026-04,通用电源管理,STI3472,339292.04,294420.74333333335,262343.654608509
2026-04,通用电源管理,STI3508,313671.61,376971.355,409645.14684523834
2026-04,通用电源管理,STI3508C,318055.11,387754.9583333333,300724.2477547973
2026-04,通用电源管理,STI3508CB,496663.13,225409.98666666666,253471.03561844764
2026-04,通用电源管理,STI8035,13115.04,53805.78666666666,48354.10889934193
2026-04,通用电源管理,STI8036,754089.03,840391.9866666667,740167.6018232892
2026-04,通用电源管理,STI8036B,1047607.61,1000447.6699999999,1125149.4774043786
2026-04,通用电源管理,STI8036C,14814.15,56304.06833333333,37152.19676737219
2026-04,通用电源管理,STI8070A,11469.02,12305.30666666667,10855.76230237802
2026-04,通用电源管理,STI8070B,82305.0,27912.351666666666,20757.207495373957
2026-04,通用电源管理,STI8070B定制,-111946.75,76633.96500000001,27645.972429819514
2026-04,通用电源管理,STI8070C,214981.74,441797.49000000005,383707.0251390967
2026-04,通用电源管理,STI8070D,50044.23,134929.085,100362.47621972517
2026-04,通用电源管理,STI9287,95975.79000000001,89374.53333333333,65304.98864587966
2026-04,通用电源管理,STI9287B,44199.06,55521.80333333332,52245.413592830475
2026-04,通用电源管理,STI9287C,627526.96,439005.13166666665,398187.153010455
2026-04,通用电源管理,STI9287CA,200972.4,161420.085,186222.9045310306
2026-04,通用电源管理,STI9712,8495.560000000001,55913.448333333334,65873.96096047256
2026-04,通用电源管理,TM108J,22364.29,67941.65000000001,57424.18070459415
2026-04,通用电源管理,TMI1220,0.0,31017.649999999998,33159.39555171451
2026-04,通用电源管理,TMI1304M,2045.9,5943.793333333334,926.633806573035
2026-04,通用电源管理,TMI3101,127098.24,56021.215000000004,25524.68322119914
2026-04,通用电源管理,TMI3101C,151100.73,163473.94499999998,150132.19247249578
2026-04,通用电源管理,TMI3101D,32573.23,23166.516666666666,22458.46228333046
2026-04,通用电源管理,TMI3108,930845.56,624788.4216666666,624201.1995711114
2026-04,通用电源管理,TMI3108K,373793.45,498747.9616666666,469410.36728601484
2026-04,通用电源管理,TMI3108K定制丝印,6521.85,46580.94666666666,23404.753048928927
2026-04,通用电源管理,TMI3112,0.0,34161.189999999995,29100.450601920118
2026-04,通用电源管理,TMI3112F,89043.83,45495.385,45230.85601590749
2026-04,通用电源管理,TMI3112H,414191.81,293452.42500000005,302249.09546115185
2026-04,通用电源管理,TMI3113,157924.09,252873.90666666665,199540.07198813168
2026-04,通用电源管理,TMI3113     JA,0.0,100459.67666666668,116883.94806075058
2026-04,通用电源管理,TMI3113B,969963.29,617082.4916666666,602766.2135861337
2026-04,通用电源管理,TMI3113D,171873.57,154193.645,133254.902908718
2026-04,通用电源管理,TMI3113H2,38840.56,31573.626666666663,53091.718537498055
2026-04,通用电源管理,TMI3113H2D,26123.86,126169.50166666666,83668.29970466011
2026-04,通用电源管理,TMI3117,0.0,19415.806666666667,25232.588542016678
2026-04,通用电源管理,TMI31601F,1395352.57,688070.2166666667,603222.674344332
2026-04,通用电源管理,TMI31602H,244920.28,116180.885,75306.22041377703
2026-04,通用电源管理,TMI3181A,216535.01,76048.03499999999,77553.46582504826
2026-04,通用电源管理,TMI3181D,70668.16,30833.206666666665,27144.131158046617
2026-04,通用电源管理,TMI32120,233982.36,70885.57166666667,69300.81721165653
2026-04,通用电源管理,TMI3214H,141371.31,131678.66166666665,84674.7300591196
2026-04,通用电源管理,TMI3214HF,53097.200000000004,16814.115,9868.849137341213
2026-04,通用电源管理,TMI3214HIN,186371.64,90318.565,88677.75527252756
2026-04,通用电源管理,TMI3224,21238.92,27589.353333333333,31845.6505004792
2026-04,通用电源管理,TMI3227T,0.0,2626.536666666667,3581.2035261216615
2026-04,通用电源管理,TMI3244T,1201691.29,964717.5899999999,957544.8445042989
2026-04,通用电源管理,TMI3244TF,62928.3,45837.80499999999,41643.475862872685
2026-04,通用电源管理,TMI3252,553622.0,329391.8283333333,318530.5085487176
2026-04,通用电源管理,TMI32520,56245.37,52305.93666666667,49291.25813815612
2026-04,通用电源管理,TMI3252N,56293.66,75532.965,59616.47881905557
2026-04,通用电源管理,TMI3252S,1371616.75,832016.2316666668,785522.439424481
2026-04,通用电源管理,TMI3252S2,67286.4,94495.50499999999,72472.71586449159
2026-04,通用电源管理,TMI3252SHF,392821.72000000003,202974.99666666667,156958.23654116137
2026-04,通用电源管理,TMI3252SN,356077.42,162023.645,190646.84441621765
2026-04,通用电源管理,TMI3252SU,41125.09,109116.65833333333,94160.9048932306
2026-04,通用电源管理,TMI3252T,460030.08,429126.20166666666,404622.55590853345
2026-04,通用电源管理,TMI3252TF,130226.49,124872.335,121968.21307812541
2026-04,通用电源管理,TMI3252TN,195558.46,177165.48666666666,132485.86378998062
2026-04,通用电源管理,TMI3253,288519.69,201034.015,201834.16400689573
2026-04,通用电源管理,TMI3253N,110176.5,155953.7666666667,125486.92174888862
2026-04,通用电源管理,TMI3253S,1736165.11,1979552.4233333336,1857133.2269970442
2026-04,通用电源管理,TMI3253SH,195795.64,99620.33999999998,103664.32789108556
2026-04,通用电源管理,TMI3253SHF,197287.80000000002,596426.9349999999,547993.2927379421
2026-04,通用电源管理,TMI3253SHFN(NCH),0.0,91782.01333333335,150758.05696305167
2026-04,通用电源管理,TMI3253SN,79340.12,92021.98333333334,97045.77328461698
2026-04,通用电源管理,TMI3253T,919755.38,726857.645,695202.691675564
2026-04,通用电源管理,TMI3253TF,356864.54,284727.6933333333,234879.81386636157
2026-04,通用电源管理,TMI3253TH,158110.86,106336.79333333333,104936.76359015409
2026-04,通用电源管理,TMI3253TN,86175.45000000001,55502.00999999999,63719.08541369283
2026-04,通用电源管理,TMI3255,206418.78,134918.47,146139.43586415812
2026-04,通用电源管理,TMI3255B,186885.18,246850.13166666668,205440.722333721
2026-04,通用电源管理,TMI3255S,543329.65,524270.23666666675,481952.37550007075
2026-04,通用电源管理,TMI3255SF,172719.9,71048.98333333334,73270.70513392676
2026-04,通用电源管理,TMI3255T,38479.619999999995,26988.74666666667,32848.818572934004
2026-04,通用电源管理,TMI3256,180043.51,163643.08166666664,139751.13234838596
2026-04,通用电源管理,TMI32560,204026.48,82328.14,75644.24278965977
2026-04,通用电源管理,TMI32561,111238.84,69781.36,74924.42933548336
2026-04,通用电源管理,TMI3257I,554217.09,729146.005,739974.3183056103
2026-04,通用电源管理,TMI3257N,438261.6,82122.29833333334,113491.05879685683
2026-04,通用电源管理,TMI3257N(NCH),0.0,164907.73666666666,198883.69311685563
2026-04,通用电源管理,TMI3258,183065.55,198375.69999999998,218886.4807991759
2026-04,通用电源管理,TMI3259,141.5,5276.373333333333,3329.079979505139
2026-04,通用电源管理,TMI3273T,26583.17,27614.11666666667,22834.75476597541
2026-04,通用电源管理,TMI3281,373352.75,383435.0716666667,356667.9947746775
2026-04,通用电源管理,TMI3282,73473.43999999999,91851.46500000001,80056.30523243417
2026-04,通用电源管理,TMI3286B,123663.37,66949.92,58633.847956741396
2026-04,通用电源管理,TMI3331,9557.49,108860.07333333332,91215.08505975871
2026-04,通用电源管理,TMI3341,413625.9,176153.21999999997,159052.12495999955
2026-04,通用电源管理,TMI3342,374223.41000000003,208647.16833333333,178704.78681360296
2026-04,通用电源管理,TMI3342B,174621.89,84633.695,120929.72195585154
2026-04,通用电源管理,TMI3342C,397167.6,149469.77166666667,101957.1938583494
2026-04,通用电源管理,TMI33431,54955.65,42862.75833333334,55802.460768246594
2026-04,通用电源管理,TMI33431E,397804.93,201921.16833333333,220496.7366542764
2026-04,通用电源管理,TMI3343B,91655.24,36726.494999999995,45966.77866025646
2026-04,通用电源管理,TMI3344,250380.22,127067.65666666666,133105.88769543427
2026-04,通用电源管理,TMI3359,273299.61,144250.21333333332,122460.7076294419
2026-04,通用电源管理,TMI3408,200953.39,309190.4116666667,291039.1926712545
2026-04,通用电源管理,TMI3408      CVT,31622.09,91624.22166666668,88199.17225741697
2026-04,通用电源管理,TMI3408C,1249619.91,588272.4049999999,557515.9860980489
2026-04,通用电源管理,TMI3408D,157672.17,78004.41,88462.5427963231
2026-04,通用电源管理,TMI3408F,614295.12,614886.3483333334,581178.77762423
2026-04,通用电源管理,TMI3410,1157498.54,1123359.165,1106316.112250077
2026-04,通用电源管理,TMI3411,920939.29,605234.6900000001,531064.3568190365
2026-04,通用电源管理,TMI3411P,12802.92,14518.29,12316.431970498434
2026-04,通用电源管理,TMI3421,312113.18,382635.625,649766.8471812026
2026-04,通用电源管理,TMI3492,189928.88999999998,62230.48333333334,78978.51803503741
2026-04,通用电源管理,TMI3493,141608.37,84964.18666666666,105536.25623310977
2026-04,通用电源管理,TMI3494,291185.67,174835.14666666664,183474.39476932547
2026-04,通用电源管理,TMI36010,114371.1,75905.66166666667,80122.26161582676
2026-04,通用电源管理,TMI36030,239981.35,144382.19833333333,147971.7231677846
2026-04,通用电源管理,TMI4056E,100486.37,48086.965,34246.45215021296
2026-04,通用电源管理,TMI5101,441435.97,295287.99333333335,286677.79522256734
2026-04,通用电源管理,TMI5101定制丝印,0.0,36624.793333333335,32565.199284556766
2026-04,通用电源管理,TMI5102,57238.780000000006,60272.085,60977.903147757555
2026-04,通用电源管理,TMI5111,367276.47,192504.49333333332,200903.4768818429
2026-04,通用电源管理,TMI5130A,37194.66,23425.126666666667,26401.190295346652
2026-04,通用电源管理,TMI5302,334492.56,308774.2733333333,305844.79636628245
2026-04,通用电源管理,TMI6030,181197.65,102479.29833333334,103623.20588966289
2026-04,通用电源管理,TMI6030-12,44894.12,47577.16333333333,59866.22628242529
2026-04,通用电源管理,TMI6030-18,438697.35,305632.6616666667,296577.0635783459
2026-04,通用电源管理,TMI6030-25,51900.61,66424.12999999999,55770.92636680852
2026-04,通用电源管理,TMI6030-28,356160.4,334016.655,353126.6107162337
2026-04,通用电源管理,TMI6030-33,159837.24,108531.32166666667,103694.330774536
2026-04,通用电源管理,TMI6030C-18,69899.86,42033.5,37170.79801982364
2026-04,通用电源管理,TMI6050,1284923.7,1166873.866666667,1047054.8147560081
2026-04,通用电源管理,TMI6050-18,256851.78,202519.38166666668,199518.31848506496
2026-04,通用电源管理,TMI6050-25,73935.8,83085.77333333333,78169.90924961439
2026-04,通用电源管理,TMI6050-33,206860.19,122558.56333333331,158508.1535613714
2026-04,通用电源管理,TMI6050U,75207.64,39650.27333333334,42810.78400392187
2026-04,通用电源管理,TMI6220,93642.38,41711.855,35961.32109224184
2026-04,通用电源管理,TMI6240,1415840.57,915056.4033333333,788762.506983782
2026-04,通用电源管理,TMI6240I,242520.9,238212.15,166781.29477758374
2026-04,通用电源管理,TMI6260A,167715.33,106522.64833333333,89165.36086156903
2026-04,通用电源管理,TMI6260C,137548.12,188302.05333333334,107866.35230677866
2026-04,通用电源管理,TMI6260D,26044.22,24568.676666666666,30293.687491190587
2026-04,通用电源管理,TMI6261B,520467.11,347268.9216666667,314358.46917354694
2026-04,通用电源管理,TMI6262AL,138211.44,214305.2666666667,205762.07644102015
2026-04,通用电源管理,TMI6263AH,371166.38,348038.6516666667,393326.159525103
2026-04,通用电源管理,TMI6263BH,1291173.22,1143998.0566666669,1067222.197501587
2026-04,通用电源管理,TMI6263BH定制丝印,266296.23000000004,144727.50999999998,140625.62317166824
2026-04,通用电源管理,TMI6263CH,53882.99,37632.52,30542.093761138156
2026-04,通用电源管理,TMI6401,155967.76,137892.76666666663,119621.32978301952
2026-04,通用电源管理,TMI6601A,16805.06,9937.515000000001,0.0
2026-04,通用电源管理,TMI6809-263,58982.81,43266.14000000001,37626.07817095188
2026-04,通用电源管理,TMI6809-293,27202.699999999997,26512.453333333335,24816.997010427538
2026-04,通用电源管理,TMI7003C,316035.0,191479.80666666667,206030.2794395959
2026-04,通用电源管理,TMI7205B,23893.8,19092.03,17685.021071906947
2026-04,通用电源管理,TMI8037,244423.06000000003,205010.19833333333,229026.52162553472
2026-04,音频功放,TMS8007SP-TR,107973.47,96974.37,69435.08069376682
2026-04,音频功放,TMS8525GM-TR,395294.58,284613.6883333334,307188.45969604905
2026-04,音频功放,TMS8601BGM-TR,127316.79000000001,38460.16333333334,43729.940597752466
2026-04,音频功放,TMS8609DTF-TR,24072.98,68161.65999999999,69560.87113246006
2026-05,POE电源管理,TME7313C,279979.09,96439.62833333334,137929.27525169528
2026-05,POE电源管理,TME7352,1099114.8,105722.68833333335,243929.81648177668
2026-05,POE电源管理,TME7624,179564.24000000002,63509.145,35511.11725524274
2026-05,POE电源管理,TME7628S,230442.44,168043.63333333333,121013.62072561028
2026-05,POE电源管理,TMI7301,228052.81,181778.56333333332,189677.28567898806
2026-05,POE电源管理,TMI7302A,32973.39,20061.923333333332,13481.444243842017
2026-05,POE电源管理,TMI7302D,597345.0,751322.84,479198.56877477065
2026-05,POE电源管理,TMI7302E,36106.149999999994,90934.68999999999,101036.23594718231
2026-05,POE电源管理,TMI7303A,6272.57,26065.63,19494.508058102856
2026-05,POE电源管理,TMI7303B,30973.429999999997,15132.741666666667,19522.906436484904
2026-05,POE电源管理,TMI7303C,104354.29,65272.09333333332,58900.94423689119
2026-05,POE电源管理,TMI7321,95693.61,213440.545,264449.1169256434
2026-05,POE电源管理,TMI7604R,761617.96,422625.49666666664,590724.11479584
2026-05,POE电源管理,TMI7608,59652.74,117973.445,89982.85706607616
2026-05,POE电源管理,TMI7608R,72743.35,193104.71333333338,226160.46578860912
2026-05,POE电源管理,TMI7608RG,0.0,199899.94999999998,337355.8405502832
2026-05,POE电源管理,TMI7608S,445239.82,551778.735,591554.7593413743
2026-05,POE电源管理,TMI7608SG,0.0,279292.02166666667,137050.80671386598
2026-05,dTOF模组,TMIS7701,57300.869999999995,49867.238333333335,52430.506383212305
2026-05,充电与控制电源管理,IM2405,70234.68,176029.50333333333,96547.50832736625
2026-05,充电与控制电源管理,IM2406,142114.76,75757.685,79545.16945063302
2026-05,充电与控制电源管理,IM2423P,77865.71,284031.9,214089.58386871614
2026-05,充电与控制电源管理,IM2603,251083.96,245137.79666666666,232834.14827285663
2026-05,充电与控制电源管理,IM2605,58407.07,64424.756666666675,100997.24917857129
2026-05,充电与控制电源管理,IM5200,90654.85,187453.73,164789.6061059258
2026-05,充电与控制电源管理,TMI2242D,0.0,25139.320000000003,17584.53498657027
2026-05,充电与控制电源管理,TMI2243D,0.0,9176.968333333332,11038.596625447588
2026-05,充电与控制电源管理,TMI2243定制丝印,0.0,37171.60166666666,33575.3581955312
2026-05,充电与控制电源管理,TMI2282,23893.77,45666.60666666666,40276.0140788374
2026-05,充电与控制电源管理,TMI2282EQ定制丝印,65525.060000000005,12362.475,12094.404650033046
2026-05,充电与控制电源管理,TMI2282L,9132.73,93031.46500000001,59856.84171230075
2026-05,充电与控制电源管理,TMI2283QE,315185.37,137620.065,131739.43673940835
2026-05,充电与控制电源管理,TMI2284Q,424273.68,270562.1016666667,238777.99350242637
2026-05,充电与控制电源管理,TMI2284Q      DH,-3347.79,4646.013333333333,2632.4222451621517
2026-05,充电与控制电源管理,TMI2286,32076.73,19866.300000000003,20209.685894892707
2026-05,充电与控制电源管理,TMI2286D,175486.51,70787.53,37599.73245191934
2026-05,充电与控制电源管理,TMI2293Q,184226.86,88326.86333333333,81387.46509872035
2026-05,充电与控制电源管理,TMI2605S,62123.88,143104.67666666667,144870.95877319566
2026-05,充电与控制电源管理,TMI3351,91407.03,80237.04666666668,69502.50139089586
2026-05,充电与控制电源管理,TMI3352A,290132.54,152104.02666666664,171786.2120089145
2026-05,充电与控制电源管理,TMI5330,204637.08,122105.06,131884.33465170514
2026-05,充电与控制电源管理,TMI5330BS,57345.12,50973.44,11056.173429681037
2026-05,充电与控制电源管理,TMI5700,93026.52,80862.89,43978.01692159004
2026-05,充电与控制电源管理,TMI5700A,91539.96,57041.01666666666,96179.40681531515
2026-05,充电与控制电源管理,TMI9431,109983.76,207168.36500000002,156836.38973861092
2026-05,充电与控制电源管理,TMI9723,31008.83,27088.478333333333,20225.76876992091
2026-05,新显示MLED驱动,TMI9405,251571.52,178629.05999999997,0.0
2026-05,无刷直流电机驱动,TMI85120,28141.559999999998,14004.223333333333,10974.11988170071
2026-05,无刷直流电机驱动,TMI9172,0.0,28982.241666666665,46418.8203855947
2026-05,无刷直流电机驱动,TMI9172B,133805.21000000002,122433.49833333334,74095.03447388786
2026-05,有刷直流电机驱动,TMI1042,0.0,12035.388333333334,31692.47921329004
2026-05,有刷直流电机驱动,TMI8110,233495.44999999998,287260.8933333333,367399.8115266426
2026-05,有刷直流电机驱动,TMI8113,226808.7,190506.2616666667,286037.73937417066
2026-05,有刷直流电机驱动,TMI8118,196538.76,218765.28833333333,292043.93091760424
2026-05,有刷直流电机驱动,TMI8118S,68295.25,70172.08166666668,56054.41422170429
2026-05,有刷直流电机驱动,TMI8122,201734.41,180201.56833333336,261677.07272622787
2026-05,有刷直流电机驱动,TMI8123,348716.69,108737.42833333333,171162.7791276865
2026-05,有刷直流电机驱动,TMI8129,465132.35,338906.7966666667,763800.3867962147
2026-05,有刷直流电机驱动,TMI8140,1075601.1,757156.625,1085721.7906475647
2026-05,有刷直流电机驱动,TMI8180A,490539.45,371178.135,705077.8819637279
2026-05,有刷直流电机驱动,TMI8180G,2661285.39,2945742.4933333336,4041773.6160424827
2026-05,有刷直流电机驱动,TMI8180I,350442.0,108008.74166666665,281212.4440951837
2026-05,有刷直流电机驱动,TMI8230,76730.83,62196.36000000001,61836.5053416245
2026-05,有刷直流电机驱动,TMI8260C,134389.28,122123.76000000001,155875.6736326278
2026-05,有刷直流电机驱动,TMI8260DP,35132.71,54064.85666666667,37401.78663058313
2026-05,有刷直流电机驱动,TMI8260SP,69144.63,318595.505,464012.8123735971
2026-05,有刷直流电机驱动,TMI8261,448364.07,308112.1733333333,467207.7509582201
2026-05,有刷直流电机驱动,TMI8340,352566.04,245046.40833333333,306474.64293334336
2026-05,有刷直流电机驱动,TMI8360SP,29433.61,108830.76833333331,100122.63765859624
2026-05,有刷直流电机驱动,TMI8460SP,221814.04,228752.0983333333,280520.47226535896
2026-05,有刷直流电机驱动,TMI8723,279353.82,180188.10333333336,321183.5603826047
2026-05,有刷直流电机驱动,TMI8837,504617.56999999995,418817.4183333333,492234.52190443414
2026-05,有刷直流电机驱动,TMI8837S,63663.5,27482.208333333332,38543.54366082645
2026-05,有刷直流电机驱动,TMI8870,2033064.03,1876561.2300000002,2586397.5492124977
2026-05,有刷直流电机驱动,TMI8870D,187698.98,30389.358333333326,64550.125265664035
2026-05,有刷直流电机驱动,TMI8870I,225689.87,99321.48166666667,233704.56311211005
2026-05,有刷直流电机驱动,TMI8876,0.0,2566.3716666666664,1864.2660647762134
2026-05,有刷直流电机驱动,TMI8876R,10619.460000000001,12271.376666666665,32313.90123488211
2026-05,有刷直流电机驱动,TMI8913,547521.71,401296.7866666666,738496.3320624958
2026-05,有刷直流电机驱动,TMI8920,240432.32,241184.91999999995,277625.47240510536
2026-05,有刷直流电机驱动,TMI8940D,361636.73,231182.30666666664,355381.9643955297
2026-05,步进电机驱动,TMI8150B,531989.82,372557.93,354778.6357173849
2026-05,步进电机驱动,TMI8152,1027911.42,911124.2916666666,949684.0862228399
2026-05,步进电机驱动,TMI8160,1209815.49,305721.06,290077.079962851
2026-05,步进电机驱动,TMI8262,128787.58,162570.01499999998,127301.65453689921
2026-05,步进电机驱动,TMI8263,149336.25,53097.335,29559.20770980632
2026-05,步进电机驱动,TMI8420,109473.43,50238.34166666667,56292.7060237346
2026-05,步进电机驱动,TMI8421,225150.36,119878.71999999999,189402.81617426022
2026-05,步进电机驱动,TMI8548,23132.73,17943.946666666667,8781.638162902856
2026-05,步进电机驱动,TMI8549,8495.57,26622.066666666666,44754.14825970268
2026-05,电机驱动,SG501210(划片后),230034.84,268483.25666666665,290595.1164036878
2026-05,电脑&计算电源管理,TMI3388A,84755.58,241903.58833333338,284307.56313718436
2026-05,硬件锂电保护,8254AAV,0.0,27300.876666666667,22837.362352157164
2026-05,硬件锂电保护,JL1001,27610.56,82831.68,76863.4752870593
2026-05,硬件锂电保护,SIT2122,82831.68000000001,13805.28,15372.69505741186
2026-05,硬件锂电保护,SIT8036,64592.77,121563.935,123635.73303653456
2026-05,硬件锂电保护,SIT8252B,175221.0,305259.945,232315.02520037128
2026-05,硬件锂电保护,SIT8252C,260071.64,285583.43,223627.53242046217
2026-05,硬件锂电保护,SIT8995AN,22262.77,44261.03166666667,34958.149713096216
2026-05,硬件锂电保护,SIT8995DN,0.0,19869.021666666667,15261.861900040052
2026-05,硬件锂电保护,SIT8997AN,14070.8,33467.17833333334,30035.935975303142
2026-05,硬件锂电保护,TMI4101A,0.0,3630.9133333333334,0.0
2026-05,硬件锂电保护,TMI4101AN,273247.61,30162.23833333333,31410.61733421353
2026-05,硬件锂电保护,TMI4151AN,13554.95,67845.30333333334,65800.00278564957
2026-05,磁传感,TMI86600BS,149176.14,43648.020000000004,36301.31942287939
2026-05,磁传感,TMI86620LBT,42008.950000000004,33172.475,30114.375237269716
2026-05,磁传感,TMI86630LBS,82300.38,36548.43666666667,29936.070734283578
2026-05,磁传感,TMI86881MAS,33716.61,69694.32166666667,90365.75823898456
2026-05,车规电机驱动,TMI8116-Q1,252302.04,94588.74666666666,118861.4119571247
2026-05,车规电机驱动,TMI8122-Q1,778073.87,275011.5416666667,282025.31564175914
2026-05,车规电机驱动,TMI8140-Q1,216592.86,181576.04166666666,221176.80653383036
2026-05,车规电机驱动,TMI8420-Q1,69690.25,55435.09166666667,55834.05900741193
2026-05,车规电机驱动,TMI8460-Q1,34393.259999999995,16460.175,19005.476871586154
2026-05,车规电机驱动,TMI8720-Q1,165878.62,113814.39333333333,132040.55288286018
2026-05,车规电机驱动,TMI8721-Q1,90642.08,68946.39166666666,84774.54124317454
2026-05,车规电机驱动,TMI8722-Q1,648849.24,449985.05,603737.5329783284
2026-05,车规电源管理,TMI6411-50TB-Q1,157359.57,100503.46666666667,144370.020385218
2026-05,车规电源管理,TMI7205B-Q1,71681.4,52067.02166666667,0.0
2026-05,通用电源管理,STI34061,56256.4,284962.88166666665,299689.2321849527
2026-05,通用电源管理,STI3408B,101812.69,307748.8833333333,235015.55669961785
2026-05,通用电源管理,STI3411A,87132.53,151360.34666666668,125532.086070492
2026-05,通用电源管理,STI3452,18583.95,7711.056666666666,4038.110373044363
2026-05,通用电源管理,STI3452HF,1330.98,56840.31,40710.22791170987
2026-05,通用电源管理,STI3452HF2,0.0,0.0,0.0
2026-05,通用电源管理,STI3452HFI,1695038.2,1696790.735,1665901.1923876617
2026-05,通用电源管理,STI3452I,58410.200000000004,99055.85999999999,51815.193699915966
2026-05,通用电源管理,STI3453,1047660.45,1412184.2466666668,1326661.7488378405
2026-05,通用电源管理,STI3453F,20450.0,112064.38666666666,38611.4488718478
2026-05,通用电源管理,STI3453FI,536756.25,293182.0566666667,279303.93743495696
2026-05,通用电源管理,STI3454I,394796.3,416026.77166666667,458460.4547121903
2026-05,通用电源管理,STI3470,748003.11,950103.5416666666,889897.9618554689
2026-05,通用电源管理,STI3470D,217907.62,295155.06166666665,253228.82968848673
2026-05,通用电源管理,STI3470I,24172.49,59097.100000000006,63689.65428282099
2026-05,通用电源管理,STI3472,64428.17,311555.565,239768.3171984386
2026-05,通用电源管理,STI3508,253857.47999999998,390415.61333333334,354317.9611451103
2026-05,通用电源管理,STI3508C,63092.72,325654.1883333333,303184.99006758863
2026-05,通用电源管理,STI3508CB,270878.61,287944.4033333333,308513.83802016114
2026-05,通用电源管理,STI8035,12106.189999999999,45296.945,18712.7632596415
2026-05,通用电源管理,STI8036,258105.63,847809.6350000001,647682.8846804231
2026-05,通用电源管理,STI8036B,808308.79,1077402.2883333333,1145931.954691844
2026-05,通用电源管理,STI8036C,14814.15,55799.64833333332,27170.347297285065
2026-05,通用电源管理,STI8070A,8920.36,10323.005000000003,6014.415675392741
2026-05,通用电源管理,STI8070A定制,0.0,40538.515,41150.582922995054
2026-05,通用电源管理,STI8070B,10088.76,34966.05333333334,38714.56034430322
2026-05,通用电源管理,STI8070B定制,0.0,38671.168333333335,-34932.19413236225
2026-05,通用电源管理,STI8070C,295964.11,392009.23166666663,380016.6171560614
2026-05,通用电源管理,STI8070D,0.0,104575.15666666666,120926.25411519002
2026-05,通用电源管理,STI9287,88874.02,91463.01833333333,71640.20597158626
2026-05,通用电源管理,STI9287B,12212.35,58094.07666666666,51795.98433590327
2026-05,通用电源管理,STI9287C,137779.54,518775.3416666666,452445.6333809623
2026-05,通用电源管理,STI9287CA,4531.13,176058.94999999998,151586.6208252573
2026-05,通用电源管理,STI9712,42823.88,52378.945,45165.851752086695
2026-05,通用电源管理,TM108J,0.0,53990.450000000004,12114.303035267574
2026-05,通用电源管理,TMI1220,47787.56999999999,27964.565,19882.36576591222
2026-05,通用电源管理,TMI1304M,0.0,4880.7283333333335,960.6335833983673
2026-05,通用电源管理,TMI3101,30809.59,62093.69166666667,57860.6794918575
2026-05,通用电源管理,TMI3101C,51907.65,165341.96666666667,139594.0519857115
2026-05,通用电源管理,TMI3101D,39858.03,25419.133333333335,16956.875736007347
2026-05,通用电源管理,TMI3108,126264.33,670644.8099999999,624808.5231706356
2026-05,通用电源管理,TMI3108K,94002.62000000001,513992.1883333333,392058.7602591012
2026-05,通用电源管理,TMI3108K定制丝印,0.0,41526.57833333333,26593.695045793495
2026-05,通用电源管理,TMI3112,34444.39,19922.035,16074.52748794857
2026-05,通用电源管理,TMI3112F,125761.74,49185.630000000005,48305.69344575443
2026-05,通用电源管理,TMI3112H,325291.09,337863.41500000004,275252.8367138969
2026-05,通用电源管理,TMI3112N,205270.88,107403.89333333333,134323.8337830471
2026-05,通用电源管理,TMI3113,184561.58,251754.795,163799.70105640235
2026-05,通用电源管理,TMI3113     JA,0.0,97804.81166666666,77165.58169460771
2026-05,通用电源管理,TMI3113B,1028274.62,723661.5916666667,694103.1958986509
2026-05,通用电源管理,TMI3113D,214575.15,153425.28666666665,113586.9165550776
2026-05,通用电源管理,TMI3113H2,67870.59999999999,36936.43666666666,24150.102305130433
2026-05,通用电源管理,TMI3113H2D,140601.52,104833.805,62489.37483411871
2026-05,通用电源管理,TMI3117,0.0,18831.74,26476.54476100976
2026-05,通用电源管理,TMI31601F,442046.08,875679.1116666667,679653.9753209773
2026-05,通用电源管理,TMI31602H,220023.28,114225.43000000001,123557.59061725462
2026-05,通用电源管理,TMI3181A,211035.12,100970.56666666667,125251.88398295396
2026-05,通用电源管理,TMI3181D,217497.44,40927.96,42944.55840912742
2026-05,通用电源管理,TMI32120,104389.38,102632.43833333334,126878.88216601886
2026-05,通用电源管理,TMI3214H,40486.62,135378.14833333335,132963.08000635894
2026-05,通用电源管理,TMI3214HF,0.0,25663.648333333334,26923.9862676934
2026-05,通用电源管理,TMI3214HIN,0.0,121380.505,151205.48844548556
2026-05,通用电源管理,TMI3224,53097.299999999996,30460.149999999994,31480.412462694352
2026-05,通用电源管理,TMI3227T,0.0,2007.0716666666667,2087.64222697037
2026-05,通用电源管理,TMI3244T,1484329.1,1050299.1383333332,923060.2795787409
2026-05,通用电源管理,TMI3244TF,45836.23,49336.69166666666,36374.60642868137
2026-05,通用电源管理,TMI3252,438515.06,377578.1083333334,355654.60960389744
2026-05,通用电源管理,TMI32520,60981.909999999996,53087.293333333335,42489.20973408639
2026-05,通用电源管理,TMI3252N,3496.44,72781.54833333332,55016.408001023854
2026-05,通用电源管理,TMI3252S,386159.29,893688.6966666667,902604.4163155635
2026-05,通用电源管理,TMI3252S2,66929.04,90881.77,92694.27429282386
2026-05,通用电源管理,TMI3252SHF,152526.65,240965.0116666667,233903.87872618783
2026-05,通用电源管理,TMI3252SN,361846.48,212723.3583333333,239559.03623261608
2026-05,通用电源管理,TMI3252SU,169551.22,87747.79166666667,81754.52900587575
2026-05,通用电源管理,TMI3252T,220743.09,455807.2216666667,458378.4747883207
2026-05,通用电源管理,TMI3252TF,38288.46,139887.38166666665,123545.77355073152
2026-05,通用电源管理,TMI3252TN,197977.78,201078.27,118496.32573531507
2026-05,通用电源管理,TMI3253,148550.16,218766.08833333335,164021.84443263107
2026-05,通用电源管理,TMI32530,263322.2,53722.99833333333,69029.89180307486
2026-05,通用电源管理,TMI3253N,133326.79,141461.22333333336,115601.84965422798
2026-05,通用电源管理,TMI3253S,744443.55,1999150.6033333333,1501275.6977474901
2026-05,通用电源管理,TMI3253SH,457692.24,121303.30333333333,132515.033136352
2026-05,通用电源管理,TMI3253SHF,331097.86,526140.4983333333,421659.1513921529
2026-05,通用电源管理,TMI3253SHFN(NCH),0.0,84491.77,16175.657487670376
2026-05,通用电源管理,TMI3253SN,174848.1,99998.01666666666,84442.91944095012
2026-05,通用电源管理,TMI3253SZ,121509.63,126234.25,192549.90932869902
2026-05,通用电源管理,TMI3253T,533510.72,772101.7183333334,674488.216616313
2026-05,通用电源管理,TMI3253TF,439736.15,324801.9583333333,230041.38612550125
2026-05,通用电源管理,TMI3253TH,155606.87,121103.12333333334,104172.7242880929
2026-05,通用电源管理,TMI3253TN,60684.86,63833.64666666667,53774.30231528027
2026-05,通用电源管理,TMI3255,79257.47,149684.53333333335,173230.76548570296
2026-05,通用电源管理,TMI3255B,219256.15,232793.75999999998,221297.90209604954
2026-05,通用电源管理,TMI3255S,409504.75,530424.79,436992.95756583795
2026-05,通用电源管理,TMI3255SF,53601.72,92046.58,92315.22011910031
2026-05,通用电源管理,TMI3255T,95575.14,31947.149999999998,34212.58876453708
2026-05,通用电源管理,TMI3256,146427.82,161110.70166666666,125940.35994606982
2026-05,通用电源管理,TMI32560,174291.97,113965.29666666668,90681.58166205573
2026-05,通用电源管理,TMI32561,112088.37,80656.78499999999,87871.75347206224
2026-05,通用电源管理,TMI3257I,935294.23,729062.8866666667,596873.1932197111
2026-05,通用电源管理,TMI3257N,356917.19,153264.13166666668,228214.58372101068
2026-05,通用电源管理,TMI3257N(NCH),35427.420000000006,131717.975,46521.625323290085
2026-05,通用电源管理,TMI3258,212388.45,205991.86833333332,178575.5089061573
2026-05,通用电源管理,TMI3258N,600337.58,112007.91166666667,169042.69663209355
2026-05,通用电源管理,TMI3259,4690.26,3102.318333333333,1702.6748393410253
2026-05,通用电源管理,TMI3273T,13653.98,27885.31833333333,23126.938434946755
2026-05,通用电源管理,TMI3281,193974.63,399117.6133333333,331446.5453207723
2026-05,通用电源管理,TMI3282,60544.229999999996,94473.145,72218.59318188079
2026-05,通用电源管理,TMI3286B,142357.77,80429.67,65333.27811427114
2026-05,通用电源管理,TMI3331,133824.59999999998,79683.03666666667,65192.571707178795
2026-05,通用电源管理,TMI3341,235325.04,225869.67666666667,244904.4474249838
2026-05,通用电源管理,TMI3342,433220.1,253374.43333333335,245714.36114301882
2026-05,通用电源管理,TMI3342B,174408.42,108321.425,138501.49288383868
2026-05,通用电源管理,TMI3342C,163539.59999999998,215227.20333333334,123933.34961742433
2026-05,通用电源管理,TMI33431,43645.96,48769.82166666666,44519.88540007304
2026-05,通用电源管理,TMI33431E,234185.56,243422.455,261565.16007655175
2026-05,通用电源管理,TMI3343B,29203.5,49391.75166666667,57530.83449137635
2026-05,通用电源管理,TMI3344,248920.08,153111.865,146557.83649400133
2026-05,通用电源管理,TMI3359,189663.3,145371.02166666667,162847.24923915754
2026-05,通用电源管理,TMI3408,273301.41000000003,290195.81,231689.12580346424
2026-05,通用电源管理,TMI3408      CVT,49773.44,84509.60500000001,72776.8411401711
2026-05,通用电源管理,TMI3408C,251550.1,711280.8566666666,670441.7497330629
2026-05,通用电源管理,TMI3408D,136334.9,90984.87833333334,110086.20343039292
2026-05,通用电源管理,TMI3408F,662322.53,591537.3,567306.5120865668
2026-05,通用电源管理,TMI3410,1469712.8,1214924.3866666665,1025072.8709421086
2026-05,通用电源管理,TMI3411,872915.06,677209.7216666667,581793.5460289425
2026-05,通用电源管理,TMI3411P,26218.1,16335.74,8306.01229502617
2026-05,通用电源管理,TMI3421,437381.94,422233.47500000003,339756.96990311384
2026-05,通用电源管理,TMI3492,92681.34,86300.015,122769.37324554523
2026-05,通用电源管理,TMI3493,48469.08,106437.26333333332,120642.38864341697
2026-05,通用电源管理,TMI3494,73274.27,190848.1133333333,172612.11537354745
2026-05,通用电源管理,TMI36010,158012.27,85383.50833333335,88689.79278851973
2026-05,通用电源管理,TMI36030,108595.89,161718.52333333335,166306.1392472304
2026-05,通用电源管理,TMI4056E,77243.12,55763.935,49293.24073360528
2026-05,通用电源管理,TMI5101,187485.98,314026.335,282369.90296017105
2026-05,通用电源管理,TMI5101定制丝印,0.0,36624.793333333335,17210.753880268705
2026-05,通用电源管理,TMI5102,22300.800000000003,62541.991666666676,52464.48330934898
2026-05,通用电源管理,TMI5111,85686.14,223980.54833333334,197877.96781260765
2026-05,通用电源管理,TMI5130A,66225.61,27518.045000000002,25519.83979835409
2026-05,通用电源管理,TMI5302,659076.9400000001,298264.2766666667,205391.97453450935
2026-05,通用电源管理,TMI6030,43588.86,117880.90500000001,115689.45571248925
2026-05,通用电源管理,TMI6030-12,56096.18,64608.23333333334,54090.33005392773
2026-05,通用电源管理,TMI6030-18,166274.63,338113.51666666666,285917.75329290895
2026-05,通用电源管理,TMI6030-25,53278.6,68478.72333333333,47122.86343882584
2026-05,通用电源管理,TMI6030-28,323188.23,346878.5983333334,321059.8181522695
2026-05,通用电源管理,TMI6030-33,121735.38,125907.645,115232.50001625481
2026-05,通用电源管理,TMI6030C-18,14336.28,46305.166666666664,44784.95028409812
2026-05,通用电源管理,TMI6030C-28,16526.43,49502.12166666667,54266.40964985176
2026-05,通用电源管理,TMI6030C-33,20283.120000000003,23560.775000000005,21956.711842775683
2026-05,通用电源管理,TMI6038-28,40194.08,34717.03833333333,30908.475180179896
2026-05,通用电源管理,TMI6050,533843.92,1212488.485,1044939.5627906336
2026-05,通用电源管理,TMI6050-18,71144.6,210613.44166666665,190165.9479958142
2026-05,通用电源管理,TMI6050-25,42438.72,83086.38166666667,72161.27401236337
2026-05,通用电源管理,TMI6050-33,36444.54,150500.34,150687.91216532091
2026-05,通用电源管理,TMI6050U,35303.229999999996,48967.198333333334,54823.85877818964
2026-05,通用电源管理,TMI6220,108599.92,50420.706666666665,53297.96563141056
2026-05,通用电源管理,TMI6240,1515943.42,1057137.5266666666,806358.6813530681
2026-05,通用电源管理,TMI6240I,242890.62,240367.62166666667,192263.42269614452
2026-05,通用电源管理,TMI6240S,4014.1499999999996,28145.22333333333,18040.95663092395
2026-05,通用电源管理,TMI6260A,40353.84,112964.51666666666,117502.77786153238
2026-05,通用电源管理,TMI6260C,62416.46,194538.00666666668,103910.37729816383
2026-05,通用电源管理,TMI6260D,19608.6,25289.92,30120.25468804103
2026-05,通用电源管理,TMI6261B,415744.98,384998.5966666667,390215.44766211696
2026-05,通用电源管理,TMI6262AL,69071.98,203645.41166666662,169670.72363490178
2026-05,通用电源管理,TMI6263AH,257832.03,368235.365,291344.77931889467
2026-05,通用电源管理,TMI6263AL,46305.19,35536.585,53258.598292816634
2026-05,通用电源管理,TMI6263BH,767198.31,1155628.21,1015580.1343441356
2026-05,通用电源管理,TMI6263BH定制丝印,0.0,169452.96,230654.26968393754
2026-05,通用电源管理,TMI6263CH,65628.12999999999,29814.414999999997,37313.29403139401
2026-05,通用电源管理,TMI6401,150286.49,148898.00833333333,123056.6087811802
2026-05,通用电源管理,TMI6601A,16566.12,12738.358333333335,5243.90050024673
2026-05,通用电源管理,TMI6809-263,72718.27,50317.621666666666,37369.38687211725
2026-05,通用电源管理,TMI6809-293,15520.240000000002,27917.539999999997,17020.757168766915
2026-05,通用电源管理,TMI7003C,174125.27,224347.03666666665,233725.40888126552
2026-05,通用电源管理,TMI7205B,0.0,19441.145,24273.0690705054
2026-05,通用电源管理,TMI8037,0.0,225515.69166666668,194781.51257073207
2026-05,音频功放,TMS8007SP-TR,132624.51,102523.00166666666,100706.2222626599
2026-05,音频功放,TMS8525GM-TR,287752.16000000003,324555.125,424104.39444788493
2026-05,音频功放,TMS8601BGM-TR,69120.0,55768.131666666675,82261.94150212132
2026-05,音频功放,TMS8609DTF-TR,14814.14,64059.88833333333,71716.33524857154
2026-06,POE电源管理,TME7313C,237208.66,126705.18000000001,192740.36379621027
2026-06,POE电源管理,TME7352,99469.01,288908.48833333334,634366.3444639692
2026-06,POE电源管理,TME7624,290752.2,57227.081666666665,81202.86418182401
2026-06,POE电源管理,TME7628S,297876.06,200150.41333333333,197728.176093212
2026-06,POE电源管理,TMI7301,651822.21,198482.07833333334,234621.95901871016
2026-06,POE电源管理,TMI7302A,1725.66,16592.896666666667,14757.583025484779
2026-06,POE电源管理,TMI7302D,0.0,646694.3583333333,443911.76079610747
2026-06,POE电源管理,TMI7302E,955.75,85270.97833333332,85408.52765508018
2026-06,POE电源管理,TMI7303A,68707.96,26373.595000000005,5510.426440888218
2026-06,POE电源管理,TMI7303B,15796.46,16887.899999999998,19729.40663666254
2026-06,POE电源管理,TMI7303C,56660.16,71956.52,86236.05268874501
2026-06,POE电源管理,TMI7321,11823.0,205511.165,164425.18893174815
2026-06,POE电源管理,TMI7604R,520611.95,482896.8316666666,740874.2115027228
2026-06,POE电源管理,TMI7608,6307.96,113535.03666666667,105521.98601799914
2026-06,POE电源管理,TMI7608R,273982.29,175140.10833333337,229487.61782896644
2026-06,POE电源管理,TMI7608RG,573451.28,172035.3833333333,113641.42191092356
2026-06,POE电源管理,TMI7608S,507172.57,535498.645,558951.0947253072
2026-06,POE电源管理,TMI7608SG,797256.55,219557.51333333334,0.0
2026-06,dTOF模组,TMIS7701,12389.38,54933.60999999999,66709.32555412773
2026-06,充电与控制电源管理,IM2405,104070.71,154263.03333333333,107374.67054168212
2026-06,充电与控制电源管理,IM2406,97581.55,87043.02,97814.74810352726
2026-06,充电与控制电源管理,IM2423P,387830.75,237826.64333333334,123761.58544101955
2026-06,充电与控制电源管理,IM2603,406472.05,257970.72999999998,239025.91313017177
2026-06,充电与控制电源管理,IM2605,133008.8,63495.55333333334,69152.68361928035
2026-06,充电与控制电源管理,IM5200,186504.35,159067.78333333335,148989.01638500945
2026-06,充电与控制电源管理,TMI2242D,13699.080000000002,16225.628333333336,10416.147943472093
2026-06,充电与控制电源管理,TMI2243D,1911.5,8858.385,9896.913324527151
2026-06,充电与控制电源管理,TMI2243定制丝印,65053.369999999995,26169.745,18367.794629831413
2026-06,充电与控制电源管理,TMI2282,53973.36,40666.611666666664,26473.0920442822
2026-06,充电与控制电源管理,TMI2282EQ定制丝印,0.0,17019.605,19417.124408857533
2026-06,充电与控制电源管理,TMI2282L,97433.5,86517.31166666666,34737.5875082452
2026-06,充电与控制电源管理,TMI2283QE,199274.04,165805.09166666667,171752.57429418428
2026-06,充电与控制电源管理,TMI2284Q,484368.0,291938.1583333333,277279.12447875435
2026-06,充电与控制电源管理,TMI2284Q      DH,21902.63,769.4683333333334,1368.1051820793075
2026-06,充电与控制电源管理,TMI2286,25906.19,22781.23833333334,27624.807241261457
2026-06,充电与控制电源管理,TMI2286D,21822.989999999998,84796.36,76390.43863711806
2026-06,充电与控制电源管理,TMI2293Q,146239.62,116928.68666666665,127089.99311003213
2026-06,充电与控制电源管理,TMI2605S,157433.56999999998,147042.73,100306.7992790421
2026-06,充电与控制电源管理,TMI3351,18079.64,76754.74666666666,67530.05358064607
2026-06,充电与控制电源管理,TMI3352A,62123.850000000006,181221.995,210956.48452106208
2026-06,充电与控制电源管理,TMI3352B,228621.12,62541.81166666667,84489.43308540329
2026-06,充电与控制电源管理,TMI3452,26070.78,82774.31,140602.58652904813
2026-06,充电与控制电源管理,TMI5330,225032.66,144565.36833333332,163936.68585368432
2026-06,充电与控制电源管理,TMI5330BS,119469.0,35840.700000000004,26905.82460147871
2026-06,充电与控制电源管理,TMI5700,106631.39,76892.21166666667,65029.39101835307
2026-06,充电与控制电源管理,TMI5700A,240185.65,67274.08,110431.46392965605
2026-06,充电与控制电源管理,TMI9130C,7938.03,22406.566666666666,19106.471445982905
2026-06,充电与控制电源管理,TMI9431,307161.3,190518.74333333338,120059.90704794548
2026-06,充电与控制电源管理,TMI9723,26814.120000000003,24455.735000000004,18716.063884434127
2026-06,新显示MLED驱动,TMI9405,0.0,153108.24,106810.61213926125
2026-06,无刷直流电机驱动,TMI85120,10221.23,12234.309999999998,20883.900601097925
2026-06,无刷直流电机驱动,TMI9172,31858.35,25884.903333333332,47853.25328380416
2026-06,无刷直流电机驱动,TMI9172B,144955.63,131283.06499999997,121890.51017332678
2026-06,有刷直流电机驱动,TMI1042,361061.64,12035.388333333334,0.0
2026-06,有刷直流电机驱动,TMI8110,183141.49,290729.91833333333,361581.5079997667
2026-06,有刷直流电机驱动,TMI8113,354061.93,210339.55833333332,254137.0962605278
2026-06,有刷直流电机驱动,TMI8118,307166.32,219135.40333333332,237222.41486529034
2026-06,有刷直流电机驱动,TMI8118S,51855.65,72210.73833333334,59185.516291096195
2026-06,有刷直流电机驱动,TMI8122,83283.14,194701.55499999996,251880.3688683181
2026-06,有刷直流电机驱动,TMI8123,104601.72,155573.69499999998,207936.27832439198
2026-06,有刷直流电机驱动,TMI8129,759822.38,415366.9083333334,668799.6642491634
2026-06,有刷直流电机驱动,TMI8140,1297839.51,817367.4550000001,1081630.7905994584
2026-06,有刷直流电机驱动,TMI8180A,677362.3,447790.76000000007,753836.8313435469
2026-06,有刷直流电机驱动,TMI8180G,1617663.2,3244849.686666667,2934140.583418435
2026-06,有刷直流电机驱动,TMI8180I,147636.97,166415.74166666667,337094.8690113295
2026-06,有刷直流电机驱动,TMI8230,144117.11000000002,66849.50166666666,68336.33079368754
2026-06,有刷直流电机驱动,TMI8260C,61168.06,131389.24166666667,139262.15669162865
2026-06,有刷直流电机驱动,TMI8260DP,52168.11,47771.350000000006,37650.625908642636
2026-06,有刷直流电机驱动,TMI8260SP,292297.97,306239.10000000003,287907.61670577194
2026-06,有刷直流电机驱动,TMI8261,418194.46,339459.89666666667,407186.5089303344
2026-06,有刷直流电机驱动,TMI8340,189159.12,273780.885,283626.7357637374
2026-06,有刷直流电机驱动,TMI8360SP,124114.96,85683.29,87595.66641003265
2026-06,有刷直流电机驱动,TMI8460SP,255796.34,227712.27166666664,211417.79168596852
2026-06,有刷直流电机驱动,TMI8723,128123.82,213450.61833333338,311189.5588320714
2026-06,有刷直流电机驱动,TMI8837,396074.73000000004,401369.04166666657,402223.1696934534
2026-06,有刷直流电机驱动,TMI8837S,2867.26,37331.73166666667,45577.89576980662
2026-06,有刷直流电机驱动,TMI8870,1555640.25,2026845.6483333332,2093135.5479937412
2026-06,有刷直流电机驱动,TMI8870D,0.0,55796.418333333335,113854.77205653994
2026-06,有刷直流电机驱动,TMI8870I,385379.75,136936.46,243967.34196992288
2026-06,有刷直流电机驱动,TMI8876,29734.5,2566.3716666666664,1444.6302487995715
2026-06,有刷直流电机驱动,TMI8876R,46017.66,14041.286666666667,28651.794157525823
2026-06,有刷直流电机驱动,TMI8913,524335.84,475296.7316666667,707759.0511120553
2026-06,有刷直流电机驱动,TMI8920,15796.43,264637.5316666667,244760.42809091712
2026-06,有刷直流电机驱动,TMI8940D,356327.0,262708.8,332615.81091397884
2026-06,步进电机驱动,TMI8150B,582842.96,385350.685,478770.1750506443
2026-06,步进电机驱动,TMI8152,781318.7100000001,940546.4816666666,1015700.8669553042
2026-06,步进电机驱动,TMI8160,1068759.7,421931.25500000006,639547.8760203851
2026-06,步进电机驱动,TMI8262,174185.8,151393.02833333332,137343.96641827983
2026-06,步进电机驱动,TMI8263,49778.75,64712.37666666667,74133.1246313605
2026-06,步进电机驱动,TMI8420,105451.3,63142.763333333336,74885.71834921114
2026-06,步进电机驱动,TMI8421,94544.24,150880.035,229177.57293819616
2026-06,步进电机驱动,TMI8548,29911.489999999998,16991.143333333333,15436.16043472837
2026-06,步进电机驱动,TMI8549,0.0,27448.025000000005,30986.537223366722
2026-06,电机驱动,SG501210(划片后),229887.56,268418.8166666667,294938.2124796153
2026-06,电脑&计算电源管理,TMI3388A,208717.07,233885.7516666667,214210.87153104323
2026-06,硬件锂电保护,8254AAV,41415.92,19513.26833333333,27013.07777436512
2026-06,硬件锂电保护,JL1001,165663.36000000002,73628.16,81825.87391345917
2026-06,硬件锂电保护,SIT2122,27610.56,27610.56,27275.291304486393
2026-06,硬件锂电保护,SIT8036,117875.88,111751.35333333333,63721.025912601224
2026-06,硬件锂电保护,SIT8252B,373004.06,300459.06833333336,332490.62530125474
2026-06,硬件锂电保护,SIT8252C,106417.25,295804.46666666673,315186.3993634144
2026-06,硬件锂电保护,SIT8995AN,77522.07,30812.213333333333,48680.91276602779
2026-06,硬件锂电保护,SIT8995DN,20047.25,19869.021666666667,16915.955239529507
2026-06,硬件锂电保护,SIT8997AN,8814.16,30803.463333333333,24600.26612721023
2026-06,硬件锂电保护,TMI4101A,0.0,0.0,0.0
2026-06,硬件锂电保护,TMI4101AN,0.0,74081.08666666667,125527.73927887512
2026-06,硬件锂电保护,TMI4151AN,268308.66,56741.631666666675,82294.70766168708
2026-06,磁传感,TMI86600BS,104123.27,63785.05166666667,64193.04475120327
2026-06,磁传感,TMI86620LBT,26043.91,35616.45166666667,35133.407866886795
2026-06,磁传感,TMI86630LBS,44601.479999999996,47787.306666666664,47624.10605339339
2026-06,磁传感,TMI86881MAS,92123.41,69495.19,73765.7973693202
2026-06,车规电机驱动,TMI8116-Q1,300739.68,122121.21833333334,210582.9521648349
2026-06,车规电机驱动,TMI8122-Q1,774882.23,361607.36000000004,591502.829266365
2026-06,车规电机驱动,TMI8140-Q1,128761.04,217674.85166666665,341079.3549655785
2026-06,车规电机驱动,TMI8420-Q1,13938.05,63517.685,67924.4105961245
2026-06,车规电机驱动,TMI8460-Q1,16460.17,19449.021666666664,27015.055055960216
2026-06,车规电机驱动,TMI8720-Q1,202278.76,126780.83,198336.4455420782
2026-06,车规电机驱动,TMI8721-Q1,106470.0,74266.23833333333,132050.81892090105
2026-06,车规电机驱动,TMI8722-Q1,715397.88,509940.75999999995,827949.5094450823
2026-06,车规电源管理,TMI6411-50TB-Q1,280769.91000000003,104810.075,137912.9054687389
2026-06,车规电源管理,TMI7205B-Q1,33451.32,32911.939999999995,24408.278384489404
2026-06,通用电源管理,STI34061,113361.78,277037.37666666665,209936.0091464801
2026-06,通用电源管理,STI3408B,164467.71000000002,287010.10666666663,193187.9872540828
2026-06,通用电源管理,STI3411A,156225.24,137062.05000000002,128495.00359540732
2026-06,通用电源管理,STI3452,0.0,7024.038333333333,9969.609262183096
2026-06,通用电源管理,STI3452HF,113969.61,23777.335000000003,8620.648233932905
2026-06,通用电源管理,STI3452HF2,0.0,0.0,0.0
2026-06,通用电源管理,STI3452HFI,3526384.04,1715007.625,1702041.1713118304
2026-06,通用电源管理,STI3452I,71482.44,79790.91666666667,1800.6334095613
2026-06,通用电源管理,STI3453,1245899.49,1265983.5733333335,1231870.7878605926
2026-06,通用电源管理,STI3453F,186212.69999999998,79030.185,20877.986029425305
2026-06,通用电源管理,STI3453FI,433669.71,335969.7,376764.5836980237
2026-06,通用电源管理,STI3454I,356118.61,397624.7683333333,438022.5828157064
2026-06,通用电源管理,STI3470,458470.39,992901.5316666667,1002146.0965671
2026-06,通用电源管理,STI3470D,118145.73000000001,245925.40666666665,261743.602607467
2026-06,通用电源管理,STI3470I,969.76,58214.368333333325,47063.15337326544
2026-06,通用电源管理,STI3472,90288.04,274600.01499999996,200522.53788929508
2026-06,通用电源管理,STI3474,10981.44,20411.21,20472.121917393597
2026-06,通用电源管理,STI3508,199087.88,384664.1266666667,337009.50798640214
2026-06,通用电源管理,STI3508C,257201.93,303999.60333333333,228400.70106912428
2026-06,通用电源管理,STI3508CB,211629.44,307853.50499999995,345229.89599184925
2026-06,通用电源管理,STI8035,13497.46,45315.82666666666,22793.366228253675
2026-06,通用电源管理,STI8036,396199.18,741798.5750000001,510059.84484423714
2026-06,通用电源管理,STI8036B,739884.52,1048006.9866666667,1001143.6275799494
2026-06,通用电源管理,STI8036C,94783.55,34538.60666666667,15941.012062380441
2026-06,通用电源管理,STI8070A,4120.389999999999,11101.768333333333,7102.947694192151
2026-06,通用电源管理,STI8070A定制,18982.28,38542.86166666667,41704.891964587514
2026-06,通用电源管理,STI8070B,20841.5,28802.256666666668,33190.616319227745
2026-06,通用电源管理,STI8070B定制,126963.68,0.0,-35402.73986160418
2026-06,通用电源管理,STI8070C,549126.23,389584.75833333336,295761.36415543454
2026-06,通用电源管理,STI8070D,143230.04,68305.28,15826.300060200838
2026-06,通用电源管理,STI9287,39344.990000000005,93956.81000000001,81383.9452402265
2026-06,通用电源管理,STI9287B,63504.21,47368.44999999999,36260.47875254686
2026-06,通用电源管理,STI9287C,407411.43,449049.4366666667,421370.0451535026
2026-06,通用电源管理,STI9287CA,122176.39,162427.49166666667,134827.44892665627
2026-06,通用电源管理,STI9712,23651.5,52418.93166666667,37104.467256549455
2026-06,通用电源管理,TM108J,0.0,38635.605,11095.3447125696
2026-06,通用电源管理,TMI1220,53097.3,31858.379999999994,35262.82619578029
2026-06,通用电源管理,TMI1304M,0.0,4530.581666666667,647.0082024074483
2026-06,通用电源管理,TMI3101,29386.5,56254.966666666674,64101.60000914034
2026-06,通用电源管理,TMI3101C,71680.44,153628.22333333333,96046.10174300607
2026-06,通用电源管理,TMI3101D,23497.72,27316.036666666667,27076.01405467138
2026-06,通用电源管理,TMI3108,316080.12,648323.11,514761.2153552022
2026-06,通用电源管理,TMI3108K,195511.02000000002,447609.89833333343,324281.52619707474
2026-06,通用电源管理,TMI3108K定制丝印,64247.03999999999,16894.391666666666,26951.91902626106
2026-06,通用电源管理,TMI3112,85722.0,23785.156666666666,15288.165954202212
2026-06,通用电源管理,TMI3112F,46490.62,65634.89833333333,79324.6571854396
2026-06,通用电源管理,TMI3112H,224673.77000000002,354558.27,341044.14601636154
2026-06,通用电源管理,TMI3112N,447804.6,133994.69,164188.52555875137
2026-06,通用电源管理,TMI3113,178794.38,229353.26333333334,157087.54807869528
2026-06,通用电源管理,TMI3113     JA,242918.98,93380.03666666667,0.0
2026-06,通用电源管理,TMI3113B,797015.41,778993.9566666667,837545.0878623094
2026-06,通用电源管理,TMI3113D,164515.82,160581.90333333335,160937.05871650102
2026-06,通用电源管理,TMI3113H2,31575.170000000002,48093.33666666666,45939.23317635263
2026-06,通用电源管理,TMI3113H2D,49274.22,110980.87333333335,71579.2805345367
2026-06,通用电源管理,TMI3117,21238.8,18831.74,24717.430549100784
2026-06,通用电源管理,TMI31601F,511415.75,757828.1000000001,752331.138052963
2026-06,通用电源管理,TMI31602H,164666.08999999997,139120.43000000002,181743.64266765292
2026-06,通用电源管理,TMI3181A,261079.43,131846.63166666668,182528.36978691086
2026-06,通用电源管理,TMI3181D,169292.12,69053.865,107604.07360697887
2026-06,通用电源管理,TMI32120,20344.670000000002,104117.995,160450.4822366026
2026-06,通用电源管理,TMI3214H,238937.4,142125.91833333336,147557.86897456928
2026-06,通用电源管理,TMI3214HF,0.0,24225.59833333333,16791.79037336564
2026-06,通用电源管理,TMI3214HIN,0.0,109433.605,104277.28007049544
2026-06,通用电源管理,TMI3224,0.0,37539.79,40300.37279517747
2026-06,通用电源管理,TMI3227T,9700.84,2007.0716666666667,0.0
2026-06,通用电源管理,TMI3244T,1202196.26,1127948.0983333334,1134335.0271328131
2026-06,通用电源管理,TMI3244TF,53009.51,52860.13999999999,45285.49525375004
2026-06,通用电源管理,TMI3252,160622.68,399350.03333333327,420124.88246935245
2026-06,通用电源管理,TMI32520,5840.7,58593.95833333332,54055.81651277479
2026-06,通用电源管理,TMI3252N,29328.31,64565.07166666666,32963.14355422963
2026-06,通用电源管理,TMI3252S,864181.44,861942.895,746386.2240386464
2026-06,通用电源管理,TMI3252S2,15875.970000000001,81551.68333333333,60717.54692667328
2026-06,通用电源管理,TMI3252SHF,142243.18,228321.02666666664,210886.02869310608
2026-06,通用电源管理,TMI3252SN,267553.36,248105.8833333333,316253.3874493262
2026-06,通用电源管理,TMI3252SU,0.0,106621.81666666665,92713.40705150191
2026-06,通用电源管理,TMI3252T,439875.61,435780.2733333334,373196.1337522398
2026-06,通用电源管理,TMI3252TF,160574.18,100095.53166666666,53403.887518720905
2026-06,通用电源管理,TMI3252TN,179860.31,182189.28833333333,156486.1710476674
2026-06,通用电源管理,TMI3253,151046.07,217328.08166666667,165073.48060194938
2026-06,通用电源管理,TMI32530,43088.46,90326.87,153234.40060901723
2026-06,通用电源管理,TMI3253N,57875.880000000005,139319.5166666667,118078.24111082235
2026-06,通用电源管理,TMI3253S,1108505.47,1744847.7583333335,1166418.7847403034
2026-06,通用电源管理,TMI3253SH,291245.57,183382.2666666667,249616.2040710807
2026-06,通用电源管理,TMI3253SHF,183021.21,440627.1083333332,351722.14687803277
2026-06,通用电源管理,TMI3253SHFN(NCH),327857.45,84491.77,16393.547795953422
2026-06,通用电源管理,TMI3253SN,179359.9,108106.69166666667,107960.220646084
2026-06,通用电源管理,TMI3253SU,0.0,31480.303333333333,36714.5893924437
2026-06,通用电源管理,TMI3253SZ,14184.89,138503.155,208950.80087964202
2026-06,通用电源管理,TMI3253T,863852.0599999999,760467.395,646360.795734766
2026-06,通用电源管理,TMI3253TF,499328.98,322364.345,284690.3640791723
2026-06,通用电源管理,TMI3253TH,156078.51,127535.81166666666,128443.61674228194
2026-06,通用电源管理,TMI3253TN,66068.33,72933.79,57710.52578564627
2026-06,通用电源管理,TMI3255,19620.12,147967.81666666668,144131.98600064495
2026-06,通用电源管理,TMI3255B,145408.88,235014.3783333333,205055.02341549474
2026-06,通用电源管理,TMI3255S,680688.3,533739.27,429432.4175577889
2026-06,通用电源管理,TMI3255SF,26946.89,89771.11166666665,90899.6430976501
2026-06,通用电源管理,TMI3255T,127433.51999999999,43119.708333333336,46931.46843486061
2026-06,通用电源管理,TMI3255TB,42477.84,59539.75166666667,57360.836494961455
2026-06,通用电源管理,TMI3256,107748.42,168153.28666666665,139461.41154948258
2026-06,通用电源管理,TMI32560,181247.71,126730.77499999998,147022.26800103136
2026-06,通用电源管理,TMI32561,118937.93,95524.245,79895.47534135211
2026-06,通用电源管理,TMI3257I,586845.61,771715.4233333332,692487.0316435337
2026-06,通用电源管理,TMI3257N,436243.93,211281.31000000003,336438.2407608149
2026-06,通用电源管理,TMI3257N(NCH),128957.06,127486.70500000002,36186.875600375046
2026-06,通用电源管理,TMI3258,183695.2,212529.5183333333,196966.68086917716
2026-06,通用电源管理,TMI3258N,15929.189999999999,208619.58333333334,335825.3839909203
2026-06,通用电源管理,TMI3259,3407.08,3589.0433333333335,1528.0259797957926
2026-06,通用电源管理,TMI3273T,15597.35,25269.511666666673,19541.0834706789
2026-06,通用电源管理,TMI3281,207020.7,368023.44999999995,314152.3991640445
2026-06,通用电源管理,TMI3282,49314.15,92382.72000000002,72964.71108031053
2026-06,通用电源管理,TMI3286B,55480.08,93466.07833333332,101263.04219004864
2026-06,通用电源管理,TMI3331,109130.53,86748.23166666666,76151.99258370728
2026-06,通用电源管理,TMI3341,199001.5,242895.865,282416.05703670334
2026-06,通用电源管理,TMI3342,170964.95,286681.4483333333,335751.75237658597
2026-06,通用电源管理,TMI3342B,158704.88,136840.0866666667,160508.07384114852
2026-06,通用电源管理,TMI3342C,163539.59999999998,181061.69999999998,177321.54921986096
2026-06,通用电源管理,TMI33431,46300.81,51845.036666666674,42323.751088302815
2026-06,通用电源管理,TMI33431E,146548.46,265590.56,281015.5352198904
2026-06,通用电源管理,TMI3343B,75929.09999999999,50064.314999999995,67541.2871318672
2026-06,通用电源管理,TMI3344,127805.16,175934.845,201082.00912976576
2026-06,通用电源管理,TMI3359,126721.87,166666.53833333333,196328.13857887615
2026-06,通用电源管理,TMI3408,162985.83,295878.42,253758.9951559995
2026-06,通用电源管理,TMI3408      CVT,60732.74,81205.18,48810.451852802784
2026-06,通用电源管理,TMI3408C,666965.0700000001,683470.3016666666,685934.6749951185
2026-06,通用电源管理,TMI3408D,225911.55,104223.46666666667,130470.5528057172
2026-06,通用电源管理,TMI3408F,590077.99,631932.195,639636.7205351876
2026-06,通用电源管理,TMI3410,1346374.7,1295824.5250000001,1224736.5981993857
2026-06,通用电源管理,TMI3411,579941.31,737543.275,729669.4694129643
2026-06,通用电源管理,TMI3411P,12362.82,14784.141666666668,13821.754231249393
2026-06,通用电源管理,TMI3421,509040.0,490159.23833333334,478498.00739751983
2026-06,通用电源管理,TMI3492,117477.76,96755.76,122886.67995211008
2026-06,通用电源管理,TMI3493,199557.43,111307.48166666667,101829.0597278896
2026-06,通用电源管理,TMI3494,87079.57,181910.06333333335,187866.94170407797
2026-06,通用电源管理,TMI36010,115300.82,98291.52333333333,120864.70579233377
2026-06,通用电源管理,TMI36010S,92389.32,41575.19166666667,56974.66187444053
2026-06,通用电源管理,TMI36030,122362.81,152742.97666666665,138093.8931912958
2026-06,通用电源管理,TMI4056E,122773.89,60443.14166666666,69468.96930981168
2026-06,通用电源管理,TMI5101,439782.83,307696.70166666666,282420.63311993756
2026-06,通用电源管理,TMI5101定制丝印,65920.21,27454.559999999998,0.0
2026-06,通用电源管理,TMI5102,64167.98,57608.381666666675,44708.124475542274
2026-06,通用电源管理,TMI5111,235313.07,218874.15666666662,217271.84057900394
2026-06,通用电源管理,TMI5130A,23176.989999999998,37586.62,44372.3848069349
2026-06,通用电源管理,TMI5302,576924.08,386663.60333333333,351859.68553452083
2026-06,通用电源管理,TMI6030,143263.73,115797.78499999999,98538.3404011176
2026-06,通用电源管理,TMI6030-12,64159.51,60330.115,56166.03286362487
2026-06,通用电源管理,TMI6030-15,29878.62,19726.681666666667,20768.337129704545
2026-06,通用电源管理,TMI6030-18,318435.29,312144.9533333333,272052.04758904275
2026-06,通用电源管理,TMI6030-25,41784.840000000004,65013.936666666654,49340.67031516963
2026-06,通用电源管理,TMI6030-28,365427.89,354097.8483333333,348797.99490429583
2026-06,通用电源管理,TMI6030-33,116952.58,128989.91000000002,129850.6152822902
2026-06,通用电源管理,TMI6030C-18,33876.08,43382.61166666667,39350.74539390121
2026-06,通用电源管理,TMI6030C-28,3862.78,46017.62666666667,51210.8020005807
2026-06,通用电源管理,TMI6030C-33,25884.93,24324.045000000002,23940.040342837554
2026-06,通用电源管理,TMI6038-28,39349.81,35543.60166666666,33986.20017224033
2026-06,通用电源管理,TMI6038D-18,35149.98,28871.408333333336,29595.386641013294
2026-06,通用电源管理,TMI6050,1324374.69,1101734.1933333334,900678.8130615616
2026-06,通用电源管理,TMI6050-18,240490.58000000002,197310.6133333333,174058.13143183172
2026-06,通用电源管理,TMI6050-25,65651.85,79273.64666666667,59429.40321471664
2026-06,通用电源管理,TMI6050-33,203505.24,144644.845,131450.61258360898
2026-06,通用电源管理,TMI6050U,22231.74,50440.916666666664,56542.672659715194
2026-06,通用电源管理,TMI6220,130353.87000000001,63379.113333333335,77634.453803836
2026-06,通用电源管理,TMI6240,654714.16,1186055.74,1096720.116291895
2026-06,通用电源管理,TMI6240I,301573.24,235934.1083333333,216451.56738127166
2026-06,通用电源管理,TMI6240S,22790.89,21082.656666666666,13672.621987244662
2026-06,通用电源管理,TMI6260A,71521.85999999999,94101.87166666666,97424.13845146024
2026-06,通用电源管理,TMI6260C,286748.99,173168.84833333333,97168.4944705325
2026-06,通用电源管理,TMI6260D,17628.31,26478.375,28897.940324229792
2026-06,通用电源管理,TMI6261B,714794.88,385383.5933333333,438868.28221192025
2026-06,通用电源管理,TMI6262AL,134779.76,183767.72333333336,133363.11177910192
2026-06,通用电源管理,TMI6263AH,464444.99,372160.25333333336,281104.02092057647
2026-06,通用电源管理,TMI6263AL,9312.86,37743.575000000004,64888.869748246434
2026-06,通用电源管理,TMI6263BH,1344857.61,1105677.6716666666,971046.6111375487
2026-06,通用电源管理,TMI6263BH定制丝印,186.34,128151.51333333335,120418.14711288146
2026-06,通用电源管理,TMI6263CH,101893.41,40752.43666666667,45519.15695785619
2026-06,通用电源管理,TMI6401,260933.23,159119.69333333333,140107.3603269533
2026-06,通用电源管理,TMI6601A,27610.199999999997,15499.378333333334,10553.510525448648
2026-06,通用电源管理,TMI6809-263,59945.05,48493.18166666667,49682.15617813537
2026-06,通用电源管理,TMI6809-293,20747.47,26387.948333333334,20493.908121540353
2026-06,通用电源管理,TMI7003C,83840.54000000001,232193.16833333333,223051.79106205213
2026-06,通用电源管理,TMI7205B,15132.740000000002,14795.128333333334,17043.708973471093
2026-06,通用电源管理,TMI8037,23118.81,202445.045,156072.60950191622
2026-06,音频功放,TMS8007SP-TR,109749.36,112486.33833333333,93917.9424630372
2026-06,音频功放,TMS8525GM-TR,69203.51,340478.4316666667,303858.5297247467
2026-06,音频功放,TMS8601BGM-TR,4320.0,67063.94333333334,80874.05022821257
2026-06,音频功放,TMS8609DTF-TR,37449.52,58006.79833333333,29999.996699548316
2026-07,POE电源管理,TME7313C,267391.14,157147.03833333336,222144.16748236268
2026-07,POE电源管理,TME7352,692035.25,303775.74333333335,541220.4412551409
2026-07,POE电源管理,TME7624,16495.579999999998,105530.915,108485.831620012
2026-07,POE电源管理,TME7628S,633480.43,182141.56666666668,215793.68301642005
2026-07,POE电源管理,TMI7301,512707.35,269906.76666666666,428759.29206322524
2026-07,POE电源管理,TMI7302A,6371.68,14030.953333333333,13440.578298063927
2026-07,POE电源管理,TMI7302D,1194690.0,544703.3616666667,209282.65199455086
2026-07,POE电源管理,TMI7302E,6230.08,52937.97833333333,46749.04164391148
2026-07,POE电源管理,TMI7303A,3982.3,30206.928333333333,26322.491438821857
2026-07,POE电源管理,TMI7303B,12433.619999999999,18082.591666666664,19486.53792779436
2026-07,POE电源管理,TMI7303C,82290.20999999999,69575.54666666668,89769.03006246442
2026-07,POE电源管理,TMI7321,95105.28,162875.48166666666,99756.14417342894
2026-07,POE电源管理,TMI7604R,488234.98,518094.3316666667,677325.8511348919
2026-07,POE电源管理,TMI7608,81596.26999999999,91577.515,35201.53160739764
2026-07,POE电源管理,TMI7608R,75951.31,188265.4783333333,267458.62208420876
2026-07,POE电源管理,TMI7608RG,363185.82,258053.07666666666,314761.14713882585
2026-07,POE电源管理,TMI7608S,699361.05,513076.08499999996,425115.4661318496
2026-07,POE电源管理,TMI7608SG,37964.6,272787.5883333333,279322.6110606538
2026-07,dTOF模组,TMIS7701,24778.76,48030.96,47586.79307198206
2026-07,充电与控制电源管理,IM2405,31769.920000000002,115391.08,135795.6915431805
2026-07,充电与控制电源管理,IM2406,126445.06999999999,85902.21,121983.98436678805
2026-07,充电与控制电源管理,IM2423P,197555.81,238711.43500000003,228845.48289142107
2026-07,充电与控制电源管理,IM2603,326415.77,262326.7216666667,315463.0398820537
2026-07,充电与控制电源管理,IM2605,73274.31,82831.82833333332,118728.51791090718
2026-07,充电与控制电源管理,IM5200,176123.79,166296.39166666663,177575.4788642066
2026-07,充电与控制电源管理,TMI2242D,9026.52,16517.658333333333,11181.018995571063
2026-07,充电与控制电源管理,TMI2243D,2867.26,6522.108333333333,6282.313066136208
2026-07,充电与控制电源管理,TMI2243定制丝印,0.0,33932.329999999994,44734.24562855013
2026-07,充电与控制电源管理,TMI2282,68495.45,42712.32666666666,36394.45254946228
2026-07,充电与控制电源管理,TMI2282EQ定制丝印,0.0,17019.605,23073.638564792953
2026-07,充电与控制电源管理,TMI2282L,66796.4,81163.62333333334,66226.14502173987
2026-07,充电与控制电源管理,TMI2283QE,164203.37,187462.13166666668,237414.6951615993
2026-07,充电与控制电源管理,TMI2284Q,272866.92,326020.19666666666,452687.5244694438
2026-07,充电与控制电源管理,TMI2284Q      DH,0.0,4419.906666666667,7234.953271555193
2026-07,充电与控制电源管理,TMI2286,21425.28,20164.553333333333,32778.56227990449
2026-07,充电与控制电源管理,TMI2286D,172831.66,63898.15333333333,98460.44811644491
2026-07,充电与控制电源管理,TMI2293Q,270256.48,117381.29833333332,152607.3211209124
2026-07,充电与控制电源管理,TMI2605S,118407.05,130973.41166666667,166219.93141369222
2026-07,充电与控制电源管理,TMI3351,84159.24,71162.56833333334,69058.84576038037
2026-07,充电与控制电源管理,TMI3352A,304263.4,163056.07,208479.20980919458
2026-07,充电与控制电源管理,TMI3352B,213303.28999999998,94871.0,174880.62472276986
2026-07,充电与控制电源管理,TMI3452,504822.83,86278.73166666667,144858.1351786001
2026-07,充电与控制电源管理,TMI5330,203459.26,160205.03666666665,209543.97318177152
2026-07,充电与控制电源管理,TMI5330BS,95575.2,43008.840000000004,74041.72945781596
2026-07,充电与控制电源管理,TMI5700,188336.22999999998,68543.36666666667,97678.67416648293
2026-07,充电与控制电源管理,TMI5700A,87252.16,106482.01333333332,204754.74941024967
2026-07,充电与控制电源管理,TMI9130C,13274.249999999998,16309.528333333334,20197.790777781272
2026-07,充电与控制电源管理,TMI9431,340434.95,195118.49000000002,180274.61848331144
2026-07,充电与控制电源管理,TMI9723,23362.800000000003,24787.59,28391.993820559142
2026-07,新显示MLED驱动,TMI9405,0.0,86187.915,133883.40550490082
2026-07,无刷直流电机驱动,TMI85120,5840.7,13584.054999999998,23881.45182185748
2026-07,无刷直流电机驱动,TMI9172,0.0,28761.005,57452.84292177686
2026-07,无刷直流电机驱动,TMI9172B,70619.35,116548.57666666668,182664.7123910264
2026-07,无刷直流电机驱动,TMI9172N,0.0,100221.04333333333,226849.887238553
2026-07,有刷直流电机驱动,TMI1042,0.0,72212.32833333334,119266.74468862858
2026-07,有刷直流电机驱动,TMI8110,153637.1,251421.68666666665,287260.46525673324
2026-07,有刷直流电机驱动,TMI8113,203721.36,248041.55499999996,281060.8556821901
2026-07,有刷直流电机驱动,TMI8118,247605.47,240739.22666666668,253541.68727091278
2026-07,有刷直流电机驱动,TMI8118S,110745.51000000001,69148.94166666667,55751.37404177384
2026-07,有刷直流电机驱动,TMI8122,233982.19,194357.00499999998,159553.97683867015
2026-07,有刷直流电机驱动,TMI8123,120973.42,147859.83,219415.83978817862
2026-07,有刷直流电机驱动,TMI8129,707256.06,516517.26666666666,762956.3847672449
2026-07,有刷直流电机驱动,TMI8140,1321002.23,906498.5733333334,1246955.0302788697
2026-07,有刷直流电机驱动,TMI8180A,467150.13,549872.1083333334,743510.9562682981
2026-07,有刷直流电机驱动,TMI8180G,1182291.81,3215169.668333333,2838030.693030443
2026-07,有刷直流电机驱动,TMI8180I,905600.55,191021.90333333332,326501.3880163034
2026-07,有刷直流电机驱动,TMI8230,70905.01,84221.65500000001,92459.07419422238
2026-07,有刷直流电机驱动,TMI8260C,106300.8,115849.43999999999,125896.56614688908
2026-07,有刷直流电机驱动,TMI8260DP,71061.9,39275.78333333333,41421.81359340445
2026-07,有刷直流电机驱动,TMI8260SP,268858.17,309951.7116666666,260043.5913827593
2026-07,有刷直流电机驱动,TMI8261,217619.29,373296.1633333334,454608.02237393777
2026-07,有刷直流电机驱动,TMI8340,189052.95,244575.5266666667,248825.65796008153
2026-07,有刷直流电机驱动,TMI8360SP,94114.98999999999,88310.42333333332,81615.89152559658
2026-07,有刷直流电机驱动,TMI8460SP,233921.14,233221.55999999997,227308.45732636904
2026-07,有刷直流电机驱动,TMI8723,203884.87,205716.1066666667,255496.908452783
2026-07,有刷直流电机驱动,TMI8837,259253.22,396311.15499999997,432615.27971461404
2026-07,有刷直流电机驱动,TMI8837S,53946.76,28867.160000000003,36797.20430786317
2026-07,有刷直流电机驱动,TMI8870,1153694.95,1897097.7083333333,1779357.6294025506
2026-07,有刷直流电机驱动,TMI8870D,0.0,55796.418333333335,97956.59673685077
2026-07,有刷直流电机驱动,TMI8870I,939919.53,199552.115,334572.0691432812
2026-07,有刷直流电机驱动,TMI8876,18584.06,5663.715,9821.971173520473
2026-07,有刷直流电机驱动,TMI8876R,46017.66,21710.896666666667,39521.7265220312
2026-07,有刷直流电机驱动,TMI8913,208960.0,490477.2583333333,593177.5689589706
2026-07,有刷直流电机驱动,TMI8920,51106.11,192252.31666666665,168272.07003519102
2026-07,有刷直流电机驱动,TMI8940D,495394.97000000003,288918.195,326624.13251405413
2026-07,步进电机驱动,TMI8150B,446664.49,458087.38833333337,581168.8261890897
2026-07,步进电机驱动,TMI8152,755531.81,928328.6716666667,991455.074874593
2026-07,步进电机驱动,TMI8160,685449.2,601161.4316666666,978899.6494588056
2026-07,步进电机驱动,TMI8262,114230.04999999999,162364.26666666663,167864.114925699
2026-07,步进电机驱动,TMI8263,99557.51000000001,54756.625,84540.75257975388
2026-07,步进电机驱动,TMI8420,71169.01000000001,73061.345,96406.51668646667
2026-07,步进电机驱动,TMI8421,154871.63,162721.48,218365.20209057085
2026-07,步进电机驱动,TMI8548,37123.87,21861.34833333333,18017.31975514063
2026-07,步进电机驱动,TMI8549,7221.23,24026.198333333334,16977.095927230243
2026-07,电机驱动,SG501210(划片后),0.0,249187.21333333335,281943.2731403093
2026-07,电脑&计算电源管理,TMI3388A,289435.98,226133.45500000005,191019.88042088615
2026-07,硬件锂电保护,8254AAV,17522.12,23495.56833333333,27230.03418381611
2026-07,硬件锂电保护,JL1001,82831.68000000001,78229.92,95726.81527509693
2026-07,硬件锂电保护,SIT2122,0.0,32212.320000000003,31908.938425032313
2026-07,硬件锂电保护,SIT8036,3849.55,120838.3,63702.83191624706
2026-07,硬件锂电保护,SIT8252B,284219.08999999997,260935.855,239070.11008021448
2026-07,硬件锂电保护,SIT8252C,254097.88999999998,214974.44333333333,178539.4344084953
2026-07,硬件锂电保护,SIT8995AN,33451.31,39883.003333333334,55906.4177018364
2026-07,硬件锂电保护,SIT8995DN,59264.67,18888.698333333334,14804.799957520161
2026-07,硬件锂电保护,SIT8997AN,57398.229999999996,25920.34833333333,19620.972835583252
2026-07,硬件锂电保护,TMI4101A,0.0,0.0,0.0
2026-07,硬件锂电保护,TMI4101AN,83520.26,69213.83166666667,105920.9711588178
2026-07,硬件锂电保护,TMI4151AN,0.0,93804.87666666666,85577.9822241141
2026-07,磁传感,TMI86600BS,63623.5,72138.96,90047.2112812764
2026-07,磁传感,TMI86620LBT,10088.48,37523.47833333334,37259.45995106672
2026-07,磁传感,TMI86630LBS,45663.479999999996,48406.77166666667,60562.097238088514
2026-07,磁传感,TMI86881MAS,64008.51,80234.075,81274.47548477504
2026-07,车规电机驱动,TMI8116-Q1,426054.03,161870.71833333335,243147.81203207409
2026-07,车规电机驱动,TMI8122-Q1,784975.59,441034.27166666667,701849.8996635723
2026-07,车规电机驱动,TMI8140-Q1,224495.52,192796.52833333332,262339.0640660508
2026-07,车规电机驱动,TMI8420-Q1,1194.6899999999987,47588.48499999999,45913.351610681944
2026-07,车规电机驱动,TMI8460-Q1,32256.629999999997,20820.701666666664,25999.10575144535
2026-07,车规电机驱动,TMI8720-Q1,143860.0,153824.19333333333,186568.87065419176
2026-07,车规电机驱动,TMI8721-Q1,99206.8,84851.94666666667,128186.84823856452
2026-07,车规电机驱动,TMI8722-Q1,224601.66,578229.8066666666,698552.8034668867
2026-07,车规电机驱动,TMM8512-Q1,-40980.68000000001,71597.325,143672.99567898686
2026-07,车规电源管理,TMI6411-50TB-Q1,236952.23,140532.50166666668,152183.42303070362
2026-07,车规电源管理,TMI7205B-Q1,47787.6,30522.559999999998,26690.593597300773
2026-07,通用电源管理,STI34061,139777.53,229691.7583333333,132528.40106924082
2026-07,通用电源管理,STI3408B,354262.3,260322.4633333333,173385.16140549473
2026-07,通用电源管理,STI3411A,68548.42,145304.06666666668,128098.48370880885
2026-07,通用电源管理,STI3452,0.0,5254.138333333333,9525.570702647423
2026-07,通用电源管理,STI3452HF,17688.91,42492.00833333333,35078.65849340666
2026-07,通用电源管理,STI3452HF2,0.0,0.0,0.0
2026-07,通用电源管理,STI3452HFI,3726907.18,2049012.0966666664,2341811.838031077
2026-07,通用电源管理,STI3452I,110622.53,84176.74333333333,71589.24838161308
2026-07,通用电源管理,STI3453,1629499.32,1250096.5166666668,1159392.276202062
2026-07,通用电源管理,STI3453F,141286.44,82854.125,67563.42588796344
2026-07,通用电源管理,STI3453FI,446531.83999999997,347190.6616666667,423004.4065295524
2026-07,通用电源管理,STI3454I,744181.08,418586.175,425278.4270882113
2026-07,通用电源管理,STI3470,758557.3300000001,926216.3266666667,754897.3121415318
2026-07,通用电源管理,STI3470D,0.0,238713.80333333332,253959.0853014512
2026-07,通用电源管理,STI3470I,0.0,51274.261666666665,34530.68669704938
2026-07,通用电源管理,STI3472,151612.27,229364.19499999998,149269.9726871207
2026-07,通用电源管理,STI3474,29162.33,20246.760000000002,14091.656868340127
2026-07,通用电源管理,STI3508,293016.99,357353.53333333327,231641.6662543252
2026-07,通用电源管理,STI3508C,342206.6,274931.36833333335,192884.33187103667
2026-07,通用电源管理,STI3508CB,177827.3,305252.0583333333,295867.2356071295
2026-07,通用电源管理,STI8035,58285.29,33552.988333333335,11699.273845692038
2026-07,通用电源管理,STI8036,215112.03,649556.3766666667,425561.53673447575
2026-07,通用电源管理,STI8036B,899156.99,1063219.16,784349.5172997674
2026-07,通用电源管理,STI8036C,22287.48,41557.113333333335,37592.39537285898
2026-07,通用电源管理,STI8070A,136455.78999999998,10169.031666666668,7405.893926807114
2026-07,通用电源管理,STI8070A定制,0.0,25441.118333333332,36317.726635079096
2026-07,通用电源管理,STI8070B,14867.25,30505.84,34215.26698677403
2026-07,通用电源管理,STI8070B定制,0.0,17996.899999999998,4537.528939940583
2026-07,通用电源管理,STI8070C,746608.0,391725.79833333334,320312.32358564704
2026-07,通用电源管理,STI8070D,0.0,88460.14,58399.92551546092
2026-07,通用电源管理,STI9287,57955.57000000001,73965.72833333333,67742.90039203694
2026-07,通用电源管理,STI9287B,87105.83,49266.676666666666,36233.810512595985
2026-07,通用电源管理,STI9287C,542279.34,418615.4383333333,354349.4939220078
2026-07,通用电源管理,STI9287CA,38155.06,158981.22666666668,99012.05639484338
2026-07,通用电源管理,STI9712,41411.6,49413.96333333334,22653.285984855043
2026-07,通用电源管理,TM108J,55054.08,35910.54166666667,6757.613779662276
2026-07,通用电源管理,TMI1220,0.0,35398.19999999999,30483.462147532402
2026-07,通用电源管理,TMI1304M,1008.75,860.3116666666668,618.1909656783672
2026-07,通用电源管理,TMI3101,68853.71,45520.931666666664,56593.02152049602
2026-07,通用电源管理,TMI3101C,127033.77,129922.47666666668,83000.21843533467
2026-07,通用电源管理,TMI3101D,40522.28,28574.921666666665,28985.98601238612
2026-07,通用电源管理,TMI3108,877909.03,578696.15,414924.3161160305
2026-07,通用电源管理,TMI3108K,589406.67,373630.40666666673,200425.46092595323
2026-07,通用电源管理,TMI3108K定制丝印,0.0,24911.918333333335,21383.590815331223
2026-07,通用电源管理,TMI3112,54660.52,36336.96666666667,36309.583399082694
2026-07,通用电源管理,TMI3112F,66012.51,68898.82333333333,78953.48942967795
2026-07,通用电源管理,TMI3112H,466356.1,330087.11500000005,291330.4378965437
2026-07,通用电源管理,TMI3112N,360226.92000000004,200713.68333333335,270507.0080478887
2026-07,通用电源管理,TMI3113,151036.87,198711.46999999997,157510.44405805148
2026-07,通用电源管理,TMI3113     JA,0.0,105993.65333333334,73400.61529292926
2026-07,通用电源管理,TMI3113B,525993.94,803693.5466666667,844616.2320770626
2026-07,通用电源管理,TMI3113D,108811.90999999999,166509.61833333332,166479.93598765208
2026-07,通用电源管理,TMI3113H2,55374.22,52802.76999999999,41784.72060355705
2026-07,通用电源管理,TMI3113H2D,67101.41,82891.50833333332,65266.631462994796
2026-07,通用电源管理,TMI3117,31858.199999999997,17681.306666666667,6417.534719121025
2026-07,通用电源管理,TMI31601F,728414.03,729542.8816666667,709719.8504986827
2026-07,通用电源管理,TMI31602H,211351.03999999998,147140.02166666667,190243.41245120423
2026-07,通用电源管理,TMI3181A,168279.46000000002,158239.46666666667,208082.96422620007
2026-07,通用电源管理,TMI3181D,109157.93000000001,91455.77666666667,138225.83199756788
2026-07,通用电源管理,TMI32120,3318.58,98625.44333333334,108390.06984827072
2026-07,通用电源管理,TMI3214H,398229.01,117588.18,127147.89159081441
2026-07,通用电源管理,TMI3214HF,27212.32,14380.491666666669,16043.897229980646
2026-07,通用电源管理,TMI3214HIN,359123.81,80761.045,56314.220688528774
2026-07,通用电源管理,TMI3224,0.0,30237.141666666666,22461.49842449756
2026-07,通用电源管理,TMI3227T,0.0,3623.8783333333336,2931.2144520706447
2026-07,通用电源管理,TMI3244T,870915.04,1184688.4133333333,1174867.0050492233
2026-07,通用电源管理,TMI3244TF,14064.4,50301.26499999999,48881.787970717436
2026-07,通用电源管理,TMI3252,280618.34,370645.815,348318.9094607476
2026-07,通用电源管理,TMI32520,38654.62,48136.424999999996,37186.33041707121
2026-07,通用电源管理,TMI3252N,48424.76,48264.89333333334,26928.098117024616
2026-07,通用电源管理,TMI3252S,858869.56,877235.9266666668,792253.0067592835
2026-07,通用电源管理,TMI3252S2,123114.67,65632.28833333333,45351.754087652254
2026-07,通用电源管理,TMI3252SHF,171933.64,202565.2283333333,207763.2749825433
2026-07,通用电源管理,TMI3252SHFN,24769.8,50471.448333333334,51353.213260686425
2026-07,通用电源管理,TMI3252SN,523903.63,271093.49666666664,297772.68635489093
2026-07,通用电源管理,TMI3252SU,0.0,87884.83333333333,63658.14141671394
2026-07,通用电源管理,TMI3252T,416353.85,413543.94333333336,338616.23319540743
2026-07,通用电源管理,TMI3252TF,138068.97999999998,123204.80166666668,99437.86454321019
2026-07,通用电源管理,TMI3252TFN,102424.73999999999,54746.01,68797.2092356627
2026-07,通用电源管理,TMI3252TN,363605.36,169817.28166666665,173258.01210281253
2026-07,通用电源管理,TMI3253,211740.98,211136.49666666667,177705.63004820436
2026-07,通用电源管理,TMI32530,24132.649999999998,94692.53833333333,138199.72831824585
2026-07,通用电源管理,TMI3253N,155972.81,120558.52166666667,91064.99835653983
2026-07,通用电源管理,TMI3253S,1991765.75,1639008.8233333335,1084489.9212838227
2026-07,通用电源管理,TMI3253SH,264556.53,215553.84666666668,285461.50044682313
2026-07,通用电源管理,TMI3253SHF,243574.18,425688.5333333334,214959.33327900906
2026-07,通用电源管理,TMI3253SHFN(NCH),136022.38,139134.67833333334,99065.6990177169
2026-07,通用电源管理,TMI3253SN,194742.21,126646.94833333335,131001.28597235476
2026-07,通用电源管理,TMI3253SU,0.0,31480.303333333333,35079.350441845694
2026-07,通用电源管理,TMI3253SZ,50119.990000000005,140769.95333333334,201578.09292331655
2026-07,通用电源管理,TMI3253T,568690.52,775810.0199999999,700142.4863978111
2026-07,通用电源管理,TMI3253TF,327584.38,347625.76166666666,391579.26298868353
2026-07,通用电源管理,TMI3253TH,107504.81,137110.77666666664,141954.0501870404
2026-07,通用电源管理,TMI3253TN,181408.15,71199.22166666666,64338.70745499849
2026-07,通用电源管理,TMI3255,91453.13,132786.00999999998,92248.62299643194
2026-07,通用电源管理,TMI3255B,384511.99,207063.49333333332,166656.9025563352
2026-07,通用电源管理,TMI3255S,929594.16,542362.1283333334,493586.6735278038
2026-07,通用电源管理,TMI3255SF,69822.95999999999,83275.70166666666,76527.83849299634
2026-07,通用电源管理,TMI3255T,93451.25,61991.37333333333,79011.53151511573
2026-07,通用电源管理,TMI3255TB,42477.84,57858.33833333332,60870.63468411962
2026-07,通用电源管理,TMI3256,106547.94,150692.94,131204.22629117707
2026-07,通用电源管理,TMI32560,176017.63,135655.55,169079.00914577238
2026-07,通用电源管理,TMI32561,190672.36,99035.29666666668,103419.13945678751
2026-07,通用电源管理,TMI3257I,411608.75,760775.2333333334,627393.8587661517
2026-07,通用电源管理,TMI3257N,10035.32,268842.745,372087.7855394113
2026-07,通用电源管理,TMI3257N(NCH),292018.45999999996,138861.01,49670.56084546471
2026-07,通用电源管理,TMI3258,80033.22,219198.94833333333,174996.2379489974
2026-07,通用电源管理,TMI3258N,0.0,203707.215,291250.9846904119
2026-07,通用电源管理,TMI3258N(NCH),44254.439999999995,41663.76499999999,48029.77886482634
2026-07,通用电源管理,TMI3259,0.0,3238.91,2489.4552302994084
2026-07,通用电源管理,TMI3273T,16242.500000000002,22103.399999999998,16871.002235284614
2026-07,通用电源管理,TMI3281,241247.34,328951.2116666666,233977.7053357396
2026-07,通用电源管理,TMI3282,8623.0,75422.55,55395.705970659656
2026-07,通用电源管理,TMI3286B,47191.659999999996,86444.65,97145.09490130172
2026-07,通用电源管理,TMI3331,58547.36,93206.57833333332,76299.43809754854
2026-07,通用电源管理,TMI3341,141751.76,230465.55499999996,256218.06429098576
2026-07,通用电源管理,TMI3342,145359.48,263222.48333333334,295636.7714528003
2026-07,通用电源管理,TMI3342B,240561.5,152397.12666666668,153417.71710004855
2026-07,通用电源管理,TMI3342C,376141.08,177849.31499999997,218839.05796053924
2026-07,通用电源管理,TMI33431,56628.21,55424.676666666666,43783.84424895271
2026-07,通用电源管理,TMI33431E,198394.42,253333.035,235244.02234650866
2026-07,通用电源管理,TMI3343B,114390.11,58559.876666666656,59461.58895515911
2026-07,通用电源管理,TMI3344,201989.22,179116.25666666662,189486.74417106246
2026-07,通用电源管理,TMI3359,96238.84,166913.42666666667,178179.67818272425
2026-07,通用电源管理,TMI3408,261544.96,269318.5616666667,192549.19616266244
2026-07,通用电源管理,TMI3408      CVT,85733.6,73118.93,42945.604614837335
2026-07,通用电源管理,TMI3408C,955902.42,673813.5249999999,655125.6262898206
2026-07,通用电源管理,TMI3408D,94868.11,136231.59333333335,157099.0731570282
2026-07,通用电源管理,TMI3408F,995600.0700000001,636835.3383333334,564042.4166964161
2026-07,通用电源管理,TMI3410,1583394.87,1282294.9266666668,1200662.295944904
2026-07,通用电源管理,TMI3411,749207.6900000001,693265.5750000001,717268.2102637065
2026-07,通用电源管理,TMI3411P,6136.76,15466.669999999998,15526.186846797356
2026-07,通用电源管理,TMI3421,398291.81,573915.17,380280.0924644117
2026-07,通用电源管理,TMI3492,151725.51,110944.53666666667,120890.9432985077
2026-07,通用电源管理,TMI3493,142141.46,124086.53333333333,117732.42227341255
2026-07,通用电源管理,TMI3494,129568.05,178084.1,136437.58039436766
2026-07,通用电源管理,TMI36010,78215.01,109518.24333333333,117143.00004610959
2026-07,通用电源管理,TMI36010S,0.0,49274.301666666666,82353.4944167754
2026-07,通用电源管理,TMI36030,105767.23,161420.18833333332,142299.66483509386
2026-07,通用电源管理,TMI4056E,58437.57,69277.18833333334,90800.36887033255
2026-07,通用电源管理,TMI5101,369438.27,338784.925,322920.7879042411
2026-07,通用电源管理,TMI5101定制丝印,65557.94,29237.74166666667,19918.509349245203
2026-07,通用电源管理,TMI5102,22831.800000000003,58126.09,43422.804287444116
2026-07,通用电源管理,TMI5111,188860.07,227308.18999999997,207969.99231249565
2026-07,通用电源管理,TMI5130A,38495.520000000004,35895.988333333335,38252.74080435766
2026-07,通用电源管理,TMI5302,564747.08,433158.4633333334,474541.7385071979
2026-07,通用电源管理,TMI6011,89202.84,72565.58666666667,97301.92546824832
2026-07,通用电源管理,TMI6030,61073.04,119416.93166666666,111210.38823195406
2026-07,通用电源管理,TMI6030-12,53519.67,61076.763333333336,49901.813639717904
2026-07,通用电源管理,TMI6030-15,18456.760000000002,21553.273333333334,24367.411478421272
2026-07,通用电源管理,TMI6030-18,428911.21,320116.68,279017.5629090986
2026-07,通用电源管理,TMI6030-25,79005.86,55750.60833333334,44406.78820543713
2026-07,通用电源管理,TMI6030-28,387485.02,372037.86333333334,315690.6035568131
2026-07,通用电源管理,TMI6030-33,75511.2,124535.95333333332,120418.72928059261
2026-07,通用电源管理,TMI6030C-18,63584.06,40517.6,35688.89356284068
2026-07,通用电源管理,TMI6030C-28,18398.11,44086.210000000014,35609.42827027324
2026-07,通用电源管理,TMI6030C-33,31465.46,23778.25333333333,24181.380083025997
2026-07,通用电源管理,TMI6038-28,35150.24,37686.22,34944.786110912995
2026-07,通用电源管理,TMI6038D-18,23694.52,23181.215,32293.47235645066
2026-07,通用电源管理,TMI6050,1198462.87,1110674.8733333333,949734.6790573507
2026-07,通用电源管理,TMI6050-18,310268.97,206567.09666666668,171774.52601689196
2026-07,通用电源管理,TMI6050-25,132708.68,74147.75166666666,55001.25003628123
2026-07,通用电源管理,TMI6050-28,37242.02,29779.849999999995,38672.81393902456
2026-07,通用电源管理,TMI6050-33,199344.46,163303.61,135008.4983767644
2026-07,通用电源管理,TMI6050U,49364.310000000005,46116.90666666667,40109.625232204344
2026-07,通用电源管理,TMI62033,93967.36,34666.90833333333,39481.100364074155
2026-07,通用电源管理,TMI6220,104827.34,75587.07833333332,100497.55487229404
2026-07,通用电源管理,TMI6240,645487.67,1039808.5883333334,1083699.4744377427
2026-07,通用电源管理,TMI6240I,142829.56,224636.05833333335,237796.01581629508
2026-07,通用电源管理,TMI6240S,21190.53,19965.463333333337,12274.10170198847
2026-07,通用电源管理,TMI6260A,46645.85,96570.88666666666,84481.47457388401
2026-07,通用电源管理,TMI6260C,412021.79,141572.20833333334,147065.80568310551
2026-07,通用电源管理,TMI6260D,24751.95,27524.834999999995,19121.082586596753
2026-07,通用电源管理,TMI6261B,500746.11,451348.81666666665,498869.73611907475
2026-07,通用电源管理,TMI6262AL,251447.84999999998,172329.09,103358.11504336142
2026-07,通用电源管理,TMI6263AH,607154.42,402678.69166666665,330395.83135081735
2026-07,通用电源管理,TMI6263AL,0.0,38479.55833333334,43840.98891654598
2026-07,通用电源管理,TMI6263BH,1293650.72,1165325.41,1028322.7471926092
2026-07,通用电源管理,TMI6263BH定制丝印,0.0,123226.84833333333,80520.61062845356
2026-07,通用电源管理,TMI6263CH,150742.77,54017.95333333333,66899.78992436826
2026-07,通用电源管理,TMI6401,153128.16,161572.55833333332,171381.87398302928
2026-07,通用电源管理,TMI6601A,27610.199999999997,10163.563333333334,18426.188078889227
2026-07,通用电源管理,TMI6809-263,48523.73,53028.411666666674,57907.96528335789
2026-07,通用电源管理,TMI6809-293,21562.0,24486.99166666667,19178.275599932498
2026-07,通用电源管理,TMI7003C,334105.7,211135.67500000002,173440.59584244833
2026-07,通用电源管理,TMI7205B,0.0,16415.925,11792.294075803035
2026-07,通用电源管理,TMI8037,53745.7,172947.34000000003,80840.68965965894
2026-07,音频功放,TMS8007SP-TR,202685.14,99220.09333333334,71510.30093956194
2026-07,音频功放,TMS8525GM-TR,75221.2,306006.4683333334,153543.74250239975
2026-07,音频功放,TMS8601BGM-TR,34560.0,59173.32666666667,40976.98720521308
2026-07,音频功放,TMS8609DTF-TR,18641.57,53625.61000000001,15581.268860539942
2026-08,POE电源管理,TME7313C,267245.83,188075.06333333335,253482.94218612803
2026-08,POE电源管理,TME7352,226548.62,416460.08499999996,610824.0840917499
2026-08,POE电源管理,TME7624,188190.19999999998,95890.79833333332,157279.96852065728
2026-08,POE电源管理,TME7628S,630238.84,243916.33333333334,375355.76697085926
2026-08,POE电源管理,TMI7301,13444.22,310911.13833333337,449917.63209959824
2026-08,POE电源管理,TMI7302A,0.0,12446.886666666667,13269.193972491503
2026-08,POE电源管理,TMI7302D,0.0,497787.5,578973.3959073484
2026-08,POE电源管理,TMI7302E,955.75,49197.57166666666,13986.838804014991
2026-08,POE电源管理,TMI7303A,47902.65,21260.765000000003,25511.43132559054
2026-08,POE电源管理,TMI7303B,0.0,17979.344999999998,19127.560139358135
2026-08,POE电源管理,TMI7303C,21589.36,65025.10166666666,78607.23994803829
2026-08,POE电源管理,TMI7321,106108.40000000001,143653.335,65463.38868295831
2026-08,POE电源管理,TMI7604R,573819.54,540533.2066666667,572004.4919312568
2026-08,POE电源管理,TMI7608,103539.82,61982.206666666665,47672.930501189265
2026-08,POE电源管理,TMI7608R,220442.47,164419.60499999998,136559.11246893083
2026-08,POE电源管理,TMI7608RG,573451.29,296283.1633333334,302610.14015898725
2026-08,POE电源管理,TMI7608S,485234.57,521096.445,533657.4775751382
2026-08,POE电源管理,TMI7608SG,379645.98,196150.42166666672,269844.5206422535
2026-08,dTOF模组,TMIS7701,6194.69,38458.69166666667,39477.21985231152
2026-08,充电与控制电源管理,IM2405,24365.48,83031.22833333333,76979.13976286366
2026-08,充电与控制电源管理,IM2406,64509.44,101135.255,136771.59318109372
2026-08,充电与控制电源管理,IM2423P,171185.82,218499.5166666667,247756.94473232422
2026-08,充电与控制电源管理,IM2603,424592.72,281404.96,367561.26279918605
2026-08,充电与控制电源管理,IM2605,130702.25000000001,95044.21333333333,98874.64131475789
2026-08,充电与控制电源管理,IM5200,297990.99,158644.47833333333,169323.21799898654
2026-08,充电与控制电源管理,TMI2242D,18053.04,12654.831666666667,8489.115647065795
2026-08,充电与控制电源管理,TMI2243D,3982.29,6362.816666666667,1785.0990200290482
2026-08,充电与控制电源管理,TMI2243定制丝印,0.0,27773.041666666668,24300.594094825243
2026-08,充电与控制电源管理,TMI2282,41814.08,44703.47,54673.534165123005
2026-08,充电与控制电源管理,TMI2282EQ定制丝印,50503.95,17019.605,24476.793225302084
2026-08,充电与控制电源管理,TMI2282L,68628.23,59077.366666666676,64759.364547007695
2026-08,充电与控制电源管理,TMI2283QE,54955.73,179541.79666666666,253513.5188852735
2026-08,充电与控制电源管理,TMI2284Q,51027.74,317325.02499999997,441350.8617331468
2026-08,充电与控制电源管理,TMI2284Q      DH,57743.29,4419.906666666667,6931.134164677822
2026-08,充电与控制电源管理,TMI2286,21184.85,23425.698333333334,29662.82048110193
2026-08,充电与控制电源管理,TMI2286D,58141.53,80650.34999999999,138265.70532699177
2026-08,充电与控制电源管理,TMI2293Q,125513.4,141161.18666666668,224399.20967048965
2026-08,充电与控制电源管理,TMI2605S,120796.43,129380.49166666665,126246.15962186996
2026-08,充电与控制电源管理,TMI3351,125840.64,67321.86333333333,72336.1550221466
2026-08,充电与控制电源管理,TMI3352A,384906.61,196045.40833333333,245242.0363773608
2026-08,充电与控制电源管理,TMI3352B,220371.19,127386.15166666666,230042.1017835864
2026-08,充电与控制电源管理,TMI3352C,33185.81,55534.60166666666,42404.33100094356
2026-08,充电与控制电源管理,TMI3452,262114.95,169951.26833333334,314326.14095095184
2026-08,充电与控制电源管理,TMI5330,114929.56999999999,172025.9,236504.43994926955
2026-08,充电与控制电源管理,TMI5330BS,0.0,50973.44,101750.64414165575
2026-08,充电与控制电源管理,TMI5700,16141.58,86842.18000000001,144934.66068415518
2026-08,充电与控制电源管理,TMI5700A,127114.2,118329.35166666667,156508.55172491525
2026-08,充电与控制电源管理,TMI9130C,6936.41,16440.783333333333,19105.41489877506
2026-08,充电与控制电源管理,TMI9431,561283.79,205350.135,282992.9382192445
2026-08,充电与控制电源管理,TMI9723,0.0,23730.06666666667,30326.821762407675
2026-08,新显示MLED驱动,TMI9405,0.0,86187.915,31439.779495766114
2026-08,无刷直流电机驱动,TMI85120,9823.009999999998,12911.489999999998,14623.564937091305
2026-08,无刷直流电机驱动,TMI9172,0.0,28761.005,10539.499257040176
2026-08,无刷直流电机驱动,TMI9172B,106194.48,95663.62833333334,115583.26947031332
2026-08,无刷直流电机驱动,TMI9172N,132743.09,84734.34833333333,131743.71920945754
2026-08,有刷直流电机驱动,TMI1042,0.0,72212.32833333334,109816.83926699348
2026-08,有刷直流电机驱动,TMI8110,214922.0,234567.715,173448.7568073391
2026-08,有刷直流电机驱动,TMI8113,37747.16,239389.69166666665,238633.5265524207
2026-08,有刷直流电机驱动,TMI8118,195566.32,236123.66833333333,228510.98197234824
2026-08,有刷直流电机驱动,TMI8118S,25325.98,59769.698333333334,70227.10566621208
2026-08,有刷直流电机驱动,TMI8122,193539.75,185873.22333333336,157853.68677545313
2026-08,有刷直流电机驱动,TMI8123,123451.29000000001,160715.285,174670.76698443393
2026-08,有刷直流电机驱动,TMI8129,806017.03,612092.41,587681.5985087215
2026-08,有刷直流电机驱动,TMI8140,1652893.45,1028049.125,1123664.190805135
2026-08,有刷直流电机驱动,TMI8180A,486318.16000000003,540265.74,497300.7642106637
2026-08,有刷直流电机驱动,TMI8180G,1025203.3,2445091.861666667,1661035.3822278415
2026-08,有刷直流电机驱动,TMI8180I,1088812.81,340738.515,426928.89842911746
2026-08,有刷直流电机驱动,TMI8230,129050.20999999999,72108.235,88736.61244052731
2026-08,有刷直流电机驱动,TMI8260C,133366.23,109504.31000000001,91810.10434067053
2026-08,有刷直流电机驱动,TMI8260DP,57982.25,40597.314999999995,48165.99561261588
2026-08,有刷直流电机驱动,TMI8260SP,268539.65,281261.4733333333,191705.8770046916
2026-08,有刷直流电机驱动,TMI8261,298388.22,358120.9433333333,329752.50817500136
2026-08,有刷直流电机驱动,TMI8340,149993.23,238181.735,222266.04367527735
2026-08,有刷直流电机驱动,TMI8360SP,118805.24,79299.36666666667,75326.83162025022
2026-08,有刷直流电机驱动,TMI8460SP,195663.62,225117.73500000002,216412.19644723146
2026-08,有刷直流电机驱动,TMI8723,236743.24,223864.92500000005,185945.80829615603
2026-08,有刷直流电机驱动,TMI8837,216525.39,380252.94333333336,352797.24184576684
2026-08,有刷直流电机驱动,TMI8837S,33311.88,34716.70333333334,36643.218174952046
2026-08,有刷直流电机驱动,TMI8870,580311.1,1772598.1616666664,1442399.9569182252
2026-08,有刷直流电机驱动,TMI8870D,2654.87,55796.418333333335,57088.61433532133
2026-08,有刷直流电机驱动,TMI8870I,868615.1900000001,347248.74833333335,471733.0985102734
2026-08,有刷直流电机驱动,TMI8876,0.0,8761.058333333334,14696.082190100786
2026-08,有刷直流电机驱动,TMI8876R,28318.559999999998,29380.506666666668,31222.434693556974
2026-08,有刷直流电机驱动,TMI8913,549468.57,493917.51999999996,389560.4501732568
2026-08,有刷直流电机驱动,TMI8920,18584.04,156652.23333333337,93475.84784072865
2026-08,有刷直流电机驱动,TMI8940D,448141.03,337184.65,369042.85188287566
2026-08,步进电机驱动,TMI8150B,393695.45999999996,439487.4716666667,516580.4041023864
2026-08,步进电机驱动,TMI8152,831691.0,907250.7883333334,848484.198369185
2026-08,步进电机驱动,TMI8160,586376.77,640554.0800000001,980569.704842026
2026-08,步进电机驱动,TMI8160P,136576.29,79259.18333333333,99086.19662673907
2026-08,步进电机驱动,TMI8262,113893.76,133848.05000000002,138020.80900359288
2026-08,步进电机驱动,TMI8263,59796.45,64712.37666666667,98807.96391662859
2026-08,步进电机驱动,TMI8420,35992.03,76121.96166666666,94646.60788062926
2026-08,步进电机驱动,TMI8421,227437.96000000002,174782.68166666664,156997.7864045488
2026-08,步进电机驱动,TMI8548,56190.229999999996,19464.591666666664,29829.746912935905
2026-08,步进电机驱动,TMI8549,26815.12,25229.736666666668,5199.490931672513
2026-08,电机驱动,SG501210(划片后),214954.08000000002,153434.24,247711.70115357338
2026-08,电脑&计算电源管理,TMI3388A,160096.09,210573.56833333333,218466.5877319183
2026-08,硬件锂电保护,8254AAV,26814.16,23495.568333333333,13801.294565502834
2026-08,硬件锂电保护,JL1001,27610.56,92035.20000000001,64654.588391213896
2026-08,硬件锂电保护,SIT2122,55221.12,27610.56,25861.835356485557
2026-08,硬件锂电保护,SIT8036,138928.91,105072.84166666667,43629.41762424183
2026-08,硬件锂电保护,SIT8252B,113429.09,277825.99666666664,194930.25087837374
2026-08,硬件锂电保护,SIT8252C,328662.52999999997,237315.29666666666,145320.42385930894
2026-08,硬件锂电保护,SIT8995AN,42275.009999999995,43135.21333333333,31199.397756076058
2026-08,硬件锂电保护,SIT8995DN,46110.689999999995,22355.81833333333,18572.167830413015
2026-08,硬件锂电保护,SIT8997AN,0.0,31362.82666666667,18799.606397637785
2026-08,硬件锂电保护,TMI4101A,0.0,0.0,0.0
2026-08,硬件锂电保护,TMI4101AN,126106.20999999999,78266.61833333333,83542.96249717537
2026-08,硬件锂电保护,TMI4151AN,74336.28,86371.24833333334,66002.9194880931
2026-08,磁传感,TMI86600BS,76645.68000000001,73853.545,105352.1482752616
2026-08,磁传感,TMI86620LBT,16194.67,30471.888333333336,25975.900694928077
2026-08,磁传感,TMI86630LBS,54636.8,46105.91166666666,57364.51582768481
2026-08,磁传感,TMI86881MAS,63875.71,83999.53000000001,63109.8284513431
2026-08,车规电机驱动,TMI8116-Q1,237294.33,223232.67,264316.9037033979
2026-08,车规电机驱动,TMI8122-Q1,259386.27000000002,532137.46,631148.5524994386
2026-08,车规电机驱动,TMI8140-Q1,236283.13999999998,206715.77,153836.67457608422
2026-08,车规电机驱动,TMI8420-Q1,14481.24,42345.12333333333,22898.83300960533
2026-08,车规电机驱动,TMI8460-Q1,5023.54,23453.444999999996,22436.410050603958
2026-08,车规电机驱动,TMI8720-Q1,46476.58,152044.51666666666,138224.32435635236
2026-08,车规电机驱动,TMI8721-Q1,229519.8,92215.47666666667,79994.30992368082
2026-08,车规电机驱动,TMI8722-Q1,499114.80000000005,569822.73,428925.96559889184
2026-08,车规电机驱动,TMM8512-Q1,179752.17,62746.563333333346,78976.91894278863
2026-08,车规电源管理,TMI6411-50TB-Q1,230581.47,157884.4,172759.06078548936
2026-08,车规电源管理,TMI7205B-Q1,162477.84,25486.72,39133.59000381817
2026-08,通用电源管理,STI34061,96023.28,211634.31833333333,99448.66192878301
2026-08,通用电源管理,STI3408B,445322.47000000003,228949.00166666668,199460.23551740334
2026-08,通用电源管理,STI3411A,115738.70000000001,119032.87333333335,100255.60226030531
2026-08,通用电源管理,STI3452,23881.22,5254.138333333333,5973.414954109763
2026-08,通用电源管理,STI3452HF,29342.2,43908.84,42746.64256197311
2026-08,通用电源管理,STI3452HF2,0.0,0.0,0.0
2026-08,通用电源管理,STI3452HFI,2815899.37,2381170.231666667,2876249.9238175056
2026-08,通用电源管理,STI3452I,264365.81,67761.10833333334,77308.4792613116
2026-08,通用电源管理,STI3453,454306.62,1362432.4966666668,1260983.8516323376
2026-08,通用电源管理,STI3453F,91584.54000000001,78614.45833333333,111840.84094854062
2026-08,通用电源管理,STI3453FI,516704.76999999996,385339.9183333333,455450.9085454098
2026-08,通用电源管理,STI3454I,390435.44,494053.045,480566.765649689
2026-08,通用电源管理,STI3470,301114.14,802812.5499999999,631617.3119928066
2026-08,通用电源管理,STI3470D,77011.08,191262.08333333334,108017.19259192377
2026-08,通用电源管理,STI3470I,28831.76,38207.94333333333,8081.440820168273
2026-08,通用电源管理,STI3472,113946.67,179118.4833333333,98462.76616659608
2026-08,通用电源管理,STI3474,14340.5,19346.426666666666,20516.942000581417
2026-08,通用电源管理,STI3508,264932.22000000003,313573.4216666667,239773.71100830878
2026-08,通用电源管理,STI3508C,333789.95,272352.37666666665,212946.91784396805
2026-08,通用电源管理,STI3508CB,91168.06,274837.60833333334,212250.73541509226
2026-08,通用电源管理,STI8035,11628.29,23976.248333333333,26964.313220839307
2026-08,通用电源管理,STI8036,141094.42,490839.63166666665,279455.52766827587
2026-08,通用电源管理,STI8036B,782472.66,1019950.5983333333,786648.633899952
2026-08,通用电源管理,STI8036C,0.0,36492.939999999995,42391.68241614177
2026-08,通用电源管理,STI8070A,2761.07,28128.476666666666,48052.479027530106
2026-08,通用电源管理,STI8070A定制,72690.92,25142.836666666666,6101.449649568506
2026-08,通用电源管理,STI8070B,59893.729999999996,28310.926666666666,14720.63426209129
2026-08,通用电源管理,STI8070B定制,885.35,2502.8216666666654,40809.77105194571
2026-08,通用电源管理,STI8070C,831208.82,468255.445,511617.53376368765
2026-08,通用电源管理,STI8070D,99610.58,88460.14,46038.24605714821
2026-08,通用电源管理,STI9287,36278.69,69293.17,59841.853871061016
2026-08,通用电源管理,STI9287B,54690.06,54802.051666666666,52335.78971585115
2026-08,通用电源管理,STI9287C,422226.47,422902.8283333333,349544.171820543
2026-08,通用电源管理,STI9287CA,8495.52,108441.71,52991.56534241198
2026-08,通用电源管理,STI9712,54265.380000000005,42104.9,34677.97210419426
2026-08,通用电源管理,TM108J,4231.85,15646.105000000001,17695.96155589932
2026-08,通用电源管理,TMI1220,21238.92,27433.605,32427.292965242552
2026-08,通用电源管理,TMI1304M,0.0,681.2133333333334,324.24120463939164
2026-08,通用电源管理,TMI3101,42703.25,52412.52833333333,41480.30989885756
2026-08,通用电源管理,TMI3101C,79247.06,116329.51833333336,80557.05952452536
2026-08,通用电源管理,TMI3101D,22309.920000000002,26369.918333333335,33389.380503362445
2026-08,通用电源管理,TMI3108,293808.79,553761.5433333333,424367.364346517
2026-08,通用电源管理,TMI3108K,461643.02,355890.99,282510.21570897405
2026-08,通用电源管理,TMI3108K定制丝印,32934.0,24911.918333333335,20650.842769878742
2026-08,通用电源管理,TMI3112,0.0,37723.456666666665,56194.387015397784
2026-08,通用电源管理,TMI3112F,71043.02,65511.583333333336,76585.16824986176
2026-08,通用电源管理,TMI3112H,482097.58,316403.36000000004,326674.72849632025
2026-08,通用电源管理,TMI3112N,188514.69,240628.04166666666,325704.47666913184
2026-08,通用电源管理,TMI3113,133000.97,173219.935,165340.620428318
2026-08,通用电源管理,TMI3113     JA,0.0,81701.75333333334,78081.13279303326
2026-08,通用电源管理,TMI3113B,296611.27999999997,762611.2483333334,755770.1579995947
2026-08,通用电源管理,TMI3113D,83171.44,141985.56666666668,156825.99014446448
2026-08,通用电源管理,TMI3113H2,52796.51,38702.25166666667,49763.58865909152
2026-08,通用电源管理,TMI3113H2D,66878.49,76206.00666666667,82599.83214948961
2026-08,通用电源管理,TMI3117,84158.76999999999,22991.006666666664,17066.899868885033
2026-08,通用电源管理,TMI31601,55838.100000000006,36244.14666666667,51946.52348449696
2026-08,通用电源管理,TMI31601F,432956.27,643325.6916666668,540603.1771006819
2026-08,通用电源管理,TMI31602H,157327.03,165333.97,191584.4962103166
2026-08,通用电源管理,TMI3181A,138180.76,173631.18333333332,205841.01635316046
2026-08,通用电源管理,TMI3181D,77779.58,105595.22666666667,159411.75870679817
2026-08,通用电源管理,TMI32120,7274.33,89109.95666666667,41159.79083860452
2026-08,通用电源管理,TMI3214H,207742.8,183959.68166666664,217817.13484484146
2026-08,通用电源管理,TMI3214HF,66371.5,18915.878333333338,8746.820736389205
2026-08,通用电源管理,TMI3214HIN,336902.58,140615.01333333334,115432.70063850113
2026-08,通用电源管理,TMI3224,15929.19,25663.695000000003,17066.99629749608
2026-08,通用电源管理,TMI3227T,1672.56,2731.846666666667,3118.128423904829
2026-08,通用电源管理,TMI3244T,788725.76,1085926.6199999999,1143463.4554932732
2026-08,通用电源管理,TMI3244TF,8989.81,38246.56166666667,36292.55991038648
2026-08,通用电源管理,TMI3252,163253.09,336586.3,282778.8561764848
2026-08,通用电源管理,TMI32520,45610.329999999994,40273.64166666667,33903.40928597391
2026-08,通用电源管理,TMI3252N,82317.99,42926.64666666667,26115.92465800278
2026-08,通用电源管理,TMI3252S,474835.68,833629.1616666667,677960.7288896166
2026-08,通用电源管理,TMI3252S2,124195.5,83829.30333333333,66188.49576422111
2026-08,通用电源管理,TMI3252SHF,126236.32,202715.3666666667,150011.8912735407
2026-08,通用电源管理,TMI3252SHFN,216402.52,47425.00833333333,48790.955045210314
2026-08,通用电源管理,TMI3252SN,406926.08,320169.20166666666,370704.8390855916
2026-08,通用电源管理,TMI3252SU,86317.6,71924.81666666667,54498.628818714766
2026-08,通用电源管理,TMI3252T,476667.41000000003,424322.01833333337,346169.8904342576
2026-08,通用电源管理,TMI3252TF,113893.73,122142.85999999999,108299.49377933258
2026-08,通用电源管理,TMI3252TFN,62016.84,66526.97499999999,87968.47256942032
2026-08,通用电源管理,TMI3252TN,303787.99,186864.51499999998,238321.20684013536
2026-08,通用电源管理,TMI3253,245680.22,172829.31500000003,164358.45645337852
2026-08,通用电源管理,TMI32530,64895.409999999996,91960.41833333333,106246.10757857932
2026-08,通用电源管理,TMI3253N,151467.24,119607.205,111592.16441780324
2026-08,通用电源管理,TMI3253S,1497826.07,1442638.925,1235801.6837865296
2026-08,通用电源管理,TMI3253SH,298451.9,239693.92500000002,325766.17169447854
2026-08,通用电源管理,TMI3253SHF,162630.49000000002,351496.47833333333,243544.35898600818
2026-08,通用电源管理,TMI3253SHFN(NCH),140934.66999999998,85952.95833333333,149104.2923292354
2026-08,通用电源管理,TMI3253SN,228990.04,136593.88999999998,176448.35427751872
2026-08,通用电源管理,TMI3253SU,15288.12,19349.156666666666,24829.62162953977
2026-08,通用电源管理,TMI3253SZ,356491.2,133812.785,59726.117037797565
2026-08,通用电源管理,TMI3253T,733909.44,687929.4916666667,631945.9631992577
2026-08,通用电源管理,TMI3253TF,389095.52999999997,333976.6933333333,407137.50976782676
2026-08,通用电源管理,TMI3253TH,101029.38,125505.19499999999,134739.75928487282
2026-08,通用电源管理,TMI3253TN,210244.52,80081.85833333334,99051.8999800636
2026-08,通用电源管理,TMI3255,127454.79,124246.85166666667,61177.75656275862
2026-08,通用电源管理,TMI3255B,469810.07,243061.25666666668,240806.99821853745
2026-08,通用电源管理,TMI3255S,575397.77,570035.48,649217.5842236788
2026-08,通用电源管理,TMI3255SF,61418.21,74368.82666666666,48333.73878593963
2026-08,通用电源管理,TMI3255T,46884.899999999994,71016.75833333332,101719.29857593404
2026-08,通用电源管理,TMI3255TB,62336.22,44389.32833333333,53112.48360637558
2026-08,通用电源管理,TMI3256,73820.62999999999,127387.27000000002,115947.10549269567
2026-08,通用电源管理,TMI32560,77654.84,137027.23333333334,170857.7769806935
2026-08,通用电源管理,TMI32561,160831.69,117216.68833333331,135546.0535447011
2026-08,通用电源管理,TMI3257I,563300.89,641090.0633333334,621562.3021475341
2026-08,通用电源管理,TMI3257N,101972.54,255758.79333333333,258170.39035209006
2026-08,通用电源管理,TMI3257N(NCH),58267.64,100915.03166666666,146701.0052704436
2026-08,通用电源管理,TMI3258,180186.81,174732.58166666667,153037.62823091613
2026-08,通用电源管理,TMI3258N,2946.89,192999.285,198085.8288813154
2026-08,通用电源管理,TMI3258N(NCH),28033.66,38823.84666666667,65317.12826337252
2026-08,通用电源管理,TMI3259,18876.57,2258.98,2602.7174978683834
2026-08,通用电源管理,TMI3273T,11632.03,19934.738333333335,14623.022793417294
2026-08,通用电源管理,TMI3281,217751.57,284070.85333333333,206435.22874014307
2026-08,通用电源管理,TMI3282,41283.15,58319.895,38083.31636038417
2026-08,通用电源管理,TMI3286B,99312.7,75733.70333333332,78759.51771459714
2026-08,通用电源管理,TMI3331,57345.020000000004,85070.71333333332,96911.55445786977
2026-08,通用电源管理,TMI3341,391070.55,226820.06833333333,185168.1010742135
2026-08,通用电源管理,TMI3342,298442.58,256163.69333333333,240925.1264813548
2026-08,通用电源管理,TMI3342B,388578.60000000003,169588.12333333332,184395.54718538994
2026-08,通用电源管理,TMI3342C,607432.8,183397.97999999998,226035.18286399043
2026-08,通用电源管理,TMI33431,29853.95,48207.88,47113.405784579656
2026-08,通用电源管理,TMI33431E,243318.40000000002,236227.15333333332,186148.50361985792
2026-08,通用电源管理,TMI3343B,54690.19,67315.17166666666,70560.90006057381
2026-08,通用电源管理,TMI3344,170150.32,174731.07666666666,186015.43856518963
2026-08,通用电源管理,TMI3359,54796.35,155749.74666666667,132629.20056063088
2026-08,通用电源管理,TMI3408,119765.04000000001,240053.89,224303.2992953228
2026-08,通用电源管理,TMI3408      CVT,93496.45,71577.79666666665,63077.098057367235
2026-08,通用电源管理,TMI3408C,332730.42,670495.5966666667,602491.6157411305
2026-08,通用电源管理,TMI3408D,49309.58,134984.39833333335,146929.74036441682
2026-08,通用电源管理,TMI3408F,678101.61,677673.4033333334,722571.9150747589
2026-08,通用电源管理,TMI3410,1348540.37,1280753.3533333333,1414119.9141894085
2026-08,通用电源管理,TMI3411,600826.92,677755.0499999999,707806.5957943095
2026-08,通用电源管理,TMI3411P,17533.3,11889.308333333332,14373.545905208259
2026-08,通用电源管理,TMI3421,367974.59,405588.08499999996,432229.5972194833
2026-08,通用电源管理,TMI3492,112513.13,125887.00499999999,116320.10100307949
2026-08,通用电源管理,TMI3493,63672.71000000001,129464.84499999999,125411.1847380481
2026-08,通用电源管理,TMI3494,110973.42000000001,140514.94999999998,93189.21721430404
2026-08,通用电源管理,TMI36010,99360.99,105958.52166666668,112991.22142116138
2026-08,通用电源管理,TMI36010S,0.0,47477.84333333333,59393.1586867197
2026-08,通用电源管理,TMI36030,97948.9,144947.51,108233.37910931298
2026-08,通用电源管理,TMI4056E,40780.409999999996,69403.99833333334,83074.72055887786
2026-08,通用电源管理,TMI5101,397527.2,316935.7083333333,320370.26447763125
2026-08,通用电源管理,TMI5101定制丝印,0.0,31105.538333333334,42260.851290962724
2026-08,通用电源管理,TMI5102,11415.9,46238.805,35132.34371943911
2026-08,通用电源管理,TMI5111,155557.69,190666.04,163883.40732963858
2026-08,通用电源管理,TMI5130A,30796.420000000002,34946.87,41110.126889629224
2026-08,通用电源管理,TMI5202,218229.99,98626.06,156278.2659908668
2026-08,通用电源管理,TMI5302,412134.35,409827.51666666666,578812.1270841098
2026-08,通用电源管理,TMI6011,109214.11,83695.65166666667,112837.6942152293
2026-08,通用电源管理,TMI6030,75425.08,103112.355,79690.41381133096
2026-08,通用电源管理,TMI6030-12,47313.7,57852.99,55856.38866224927
2026-08,通用电源管理,TMI6030-15,21047.53,20983.763333333336,25140.738900215914
2026-08,通用电源管理,TMI6030-18,205610.72,304983.0083333333,293664.0552914025
2026-08,通用电源管理,TMI6030-25,36501.79,54180.555,55950.869415351335
2026-08,通用电源管理,TMI6030-28,396200.8,350832.89666666667,345889.79424775485
2026-08,通用电源管理,TMI6030-33,63387.51,113913.87666666665,100992.62863453281
2026-08,通用电源管理,TMI6030C-18,45225.630000000005,42553.02833333333,35934.578334742386
2026-08,通用电源管理,TMI6030C-28,11150.380000000001,35449.03,12467.357979215434
2026-08,通用电源管理,TMI6030C-33,27968.730000000003,24666.316666666666,24953.638466204968
2026-08,通用电源管理,TMI6038-28,24397.89,35624.35333333333,36865.98550311474
2026-08,通用电源管理,TMI6038D-18,31606.2,26686.350000000002,34018.503261830396
2026-08,通用电源管理,TMI6050,1082681.43,1067564.2933333335,982505.1650796714
2026-08,通用电源管理,TMI6050-18,244191.64,205221.08333333334,199897.84462576153
2026-08,通用电源管理,TMI6050-25,96026.64,78675.59166666666,77399.79072739731
2026-08,通用电源管理,TMI6050-28,7306.12,34779.77999999999,30415.682853081078
2026-08,通用电源管理,TMI6050-33,110795.24,153700.30666666667,141201.7780111485
2026-08,通用电源管理,TMI6050U,56022.67,47098.76499999999,34360.4969737632
2026-08,通用电源管理,TMI62033,14332.220000000001,45362.72833333333,59900.144966437816
2026-08,通用电源管理,TMI6220,141504.29,85764.07166666667,110501.12289813264
2026-08,通用电源管理,TMI6240,625792.25,900045.4116666666,905189.9165298644
2026-08,通用电源管理,TMI6240I,337112.19,217239.58666666667,220915.83290362067
2026-08,通用电源管理,TMI6240S,30488.3,17635.198333333334,15427.153838071126
2026-08,通用电源管理,TMI6260A,81238.65,89180.19666666666,50953.376290759414
2026-08,通用电源管理,TMI6260C,282159.74,182364.58,244667.42766169392
2026-08,通用电源管理,TMI6260D,57393.5,26419.141666666666,19924.998900245453
2026-08,通用电源管理,TMI6261B,275056.2,480300.7266666666,524342.1343485883
2026-08,通用电源管理,TMI6262AL,36726.659999999996,166506.86000000002,146346.35691045463
2026-08,通用电源管理,TMI6263AH,240594.35,377183.37999999995,427317.4241299441
2026-08,通用电源管理,TMI6263AL,4778.76,37715.865,17877.23770180314
2026-08,通用电源管理,TMI6263BH,1081631.15,1110053.8566666667,1094691.8697417348
2026-08,通用电源管理,TMI6263BH定制丝印,237375.52000000002,123226.84833333333,59.89502460719132
2026-08,通用电源管理,TMI6263CH,155468.43,72973.62333333334,102299.2845285004
2026-08,通用电源管理,TMI6401,111650.24,159784.30000000002,181397.6073822918
2026-08,通用电源管理,TMI6601A,43209.97,14765.26333333333,23074.248051221588
2026-08,通用电源管理,TMI6809-263,34276.840000000004,50157.37333333333,58238.718569573924
2026-08,通用电源管理,TMI6809-293,17585.31,18729.318333333333,18588.12870815036
2026-08,通用电源管理,TMI7003C,55937.93,223514.71666666667,190308.77782905934
2026-08,通用电源管理,TMI7205B,0.0,15486.721666666666,4864.096998359067
2026-08,通用电源管理,TMI8037,0.0,116846.38333333335,24706.45979322584
2026-08,音频功放,TMS8007SP-TR,238461.92,114311.64833333333,145960.44994754822
2026-08,音频功放,TMS8525GM-TR,105982.26000000001,241050.7333333333,141735.65523844367
2026-08,音频功放,TMS8601BGM-TR,50196.09,50784.420000000006,35419.41234789338
2026-08,音频功放,TMS8609DTF-TR,0.0,40399.145000000004,23253.90350918723
